ISO-10303-21;
HEADER;
/* Generated by software containing ST-Developer
 * from STEP Tools, Inc. (www.steptools.com) 
 */
/* OPTION: strings as raw bytes, not using required /X/ escapes */

FILE_DESCRIPTION(
/* description */ ('Unknown'),
/* implementation_level */ '2;1');

FILE_NAME(
/* name */ 'YP-8_L9110S_Module',
/* time_stamp */ '2025-10-19T14:22:42+03:00',
/* author */ ('Unknown'),
/* organization */ ('Unknown'),
/* preprocessor_version */ 'ST-DEVELOPER v20',
/* originating_system */ 'Solid Edge',
/* authorisation */ 'Unknown');

FILE_SCHEMA (('AUTOMOTIVE_DESIGN {1 0 10303 214 3 1 1}'));
ENDSEC;

DATA;
#10=PROPERTY_DEFINITION_REPRESENTATION(#14,#12);
#11=PROPERTY_DEFINITION_REPRESENTATION(#15,#13);
#12=REPRESENTATION('',(#16),#19092);
#13=REPRESENTATION('',(#17),#19092);
#14=PROPERTY_DEFINITION('pmi validation property','',#19119);
#15=PROPERTY_DEFINITION('pmi validation property','',#19119);
#16=VALUE_REPRESENTATION_ITEM('number of annotations',COUNT_MEASURE(0.));
#17=VALUE_REPRESENTATION_ITEM('number of views',COUNT_MEASURE(0.));
#18=SPHERICAL_SURFACE('',#12402,0.025);
#19=SPHERICAL_SURFACE('',#12405,0.025);
#20=SPHERICAL_SURFACE('',#12414,0.025);
#21=SPHERICAL_SURFACE('',#12417,0.025);
#22=SPHERICAL_SURFACE('',#12431,0.025);
#23=SPHERICAL_SURFACE('',#12434,0.025);
#24=SPHERICAL_SURFACE('',#12445,0.025);
#25=SPHERICAL_SURFACE('',#12448,0.025);
#26=SPHERICAL_SURFACE('',#12487,0.025);
#27=SPHERICAL_SURFACE('',#12490,0.025);
#28=SPHERICAL_SURFACE('',#12499,0.025);
#29=SPHERICAL_SURFACE('',#12502,0.025);
#30=SPHERICAL_SURFACE('',#12516,0.025);
#31=SPHERICAL_SURFACE('',#12519,0.025);
#32=SPHERICAL_SURFACE('',#12530,0.025);
#33=SPHERICAL_SURFACE('',#12533,0.025);
#34=SPHERICAL_SURFACE('',#12572,0.025);
#35=SPHERICAL_SURFACE('',#12575,0.025);
#36=SPHERICAL_SURFACE('',#12584,0.025);
#37=SPHERICAL_SURFACE('',#12587,0.025);
#38=SPHERICAL_SURFACE('',#12601,0.025);
#39=SPHERICAL_SURFACE('',#12604,0.025);
#40=SPHERICAL_SURFACE('',#12615,0.025);
#41=SPHERICAL_SURFACE('',#12618,0.025);
#42=SPHERICAL_SURFACE('',#12657,0.025);
#43=SPHERICAL_SURFACE('',#12660,0.025);
#44=SPHERICAL_SURFACE('',#12669,0.025);
#45=SPHERICAL_SURFACE('',#12672,0.025);
#46=SPHERICAL_SURFACE('',#12686,0.025);
#47=SPHERICAL_SURFACE('',#12689,0.025);
#48=SPHERICAL_SURFACE('',#12700,0.025);
#49=SPHERICAL_SURFACE('',#12703,0.025);
#50=CONTEXT_DEPENDENT_SHAPE_REPRESENTATION(#76,#19121);
#51=CONTEXT_DEPENDENT_SHAPE_REPRESENTATION(#77,#19124);
#52=CONTEXT_DEPENDENT_SHAPE_REPRESENTATION(#78,#19126);
#53=CONTEXT_DEPENDENT_SHAPE_REPRESENTATION(#79,#19127);
#54=CONTEXT_DEPENDENT_SHAPE_REPRESENTATION(#80,#19128);
#55=CONTEXT_DEPENDENT_SHAPE_REPRESENTATION(#81,#19129);
#56=CONTEXT_DEPENDENT_SHAPE_REPRESENTATION(#82,#19131);
#57=CONTEXT_DEPENDENT_SHAPE_REPRESENTATION(#83,#19133);
#58=CONTEXT_DEPENDENT_SHAPE_REPRESENTATION(#84,#19135);
#59=CONTEXT_DEPENDENT_SHAPE_REPRESENTATION(#85,#19137);
#60=CONTEXT_DEPENDENT_SHAPE_REPRESENTATION(#86,#19139);
#61=CONTEXT_DEPENDENT_SHAPE_REPRESENTATION(#87,#19141);
#62=CONTEXT_DEPENDENT_SHAPE_REPRESENTATION(#88,#19143);
#63=NEXT_ASSEMBLY_USAGE_OCCURRENCE('YP-8_PCB','YP-8_PCB','YP-8_PCB',#19144,
#19145,'');
#64=NEXT_ASSEMBLY_USAGE_OCCURRENCE('1X2_Pin_Holder','1X2_Pin_Holder',
'1X2_Pin_Holder',#19146,#19147,'');
#65=NEXT_ASSEMBLY_USAGE_OCCURRENCE('Straight_Pin_M','Straight_Pin_M',
'Straight_Pin_M',#19146,#19148,'');
#66=NEXT_ASSEMBLY_USAGE_OCCURRENCE('Straight_Pin_M','Straight_Pin_M',
'Straight_Pin_M',#19146,#19148,'');
#67=NEXT_ASSEMBLY_USAGE_OCCURRENCE('1X2_DuPont_Male_S',
'1X2_DuPont_Male_S','1X2_DuPont_Male_S',#19144,#19146,'');
#68=NEXT_ASSEMBLY_USAGE_OCCURRENCE('1X2_DuPont_Male_S',
'1X2_DuPont_Male_S','1X2_DuPont_Male_S',#19144,#19146,'');
#69=NEXT_ASSEMBLY_USAGE_OCCURRENCE('LED_Package_3216',
'LED_Package_3216','LED_Package_3216',#19144,#19149,'');
#70=NEXT_ASSEMBLY_USAGE_OCCURRENCE('Resistor_Package_3216',
'Resistor_Package_3216','Resistor_Package_3216',#19144,#19150,'');
#71=NEXT_ASSEMBLY_USAGE_OCCURRENCE('Package_1005_Capacitor',
'Package_1005_Capacitor','Package_1005_Capacitor',#19144,#19151,'');
#72=NEXT_ASSEMBLY_USAGE_OCCURRENCE('Package_1005_Resistor',
'Package_1005_Resistor','Package_1005_Resistor',#19144,#19152,'');
#73=NEXT_ASSEMBLY_USAGE_OCCURRENCE('Package_1005_Resistor_mir',
'Package_1005_Resistor_mir','Package_1005_Resistor_mir',#19144,#19153,
'');
#74=NEXT_ASSEMBLY_USAGE_OCCURRENCE('Package_1005_Capacitor_mir',
'Package_1005_Capacitor_mir','Package_1005_Capacitor_mir',#19144,#19154,
'');
#75=NEXT_ASSEMBLY_USAGE_OCCURRENCE('SOT-223 CAD','SOT-223 CAD',
'SOT-223 CAD',#19144,#19155,'');
#76=(
REPRESENTATION_RELATIONSHIP(' ',' ',#12117,#12118)
REPRESENTATION_RELATIONSHIP_WITH_TRANSFORMATION(#89)
SHAPE_REPRESENTATION_RELATIONSHIP()
);
#77=(
REPRESENTATION_RELATIONSHIP(' ',' ',#12119,#12120)
REPRESENTATION_RELATIONSHIP_WITH_TRANSFORMATION(#90)
SHAPE_REPRESENTATION_RELATIONSHIP()
);
#78=(
REPRESENTATION_RELATIONSHIP(' ',' ',#12121,#12120)
REPRESENTATION_RELATIONSHIP_WITH_TRANSFORMATION(#91)
SHAPE_REPRESENTATION_RELATIONSHIP()
);
#79=(
REPRESENTATION_RELATIONSHIP(' ',' ',#12121,#12120)
REPRESENTATION_RELATIONSHIP_WITH_TRANSFORMATION(#92)
SHAPE_REPRESENTATION_RELATIONSHIP()
);
#80=(
REPRESENTATION_RELATIONSHIP(' ',' ',#12120,#12118)
REPRESENTATION_RELATIONSHIP_WITH_TRANSFORMATION(#93)
SHAPE_REPRESENTATION_RELATIONSHIP()
);
#81=(
REPRESENTATION_RELATIONSHIP(' ',' ',#12120,#12118)
REPRESENTATION_RELATIONSHIP_WITH_TRANSFORMATION(#94)
SHAPE_REPRESENTATION_RELATIONSHIP()
);
#82=(
REPRESENTATION_RELATIONSHIP(' ',' ',#12122,#12118)
REPRESENTATION_RELATIONSHIP_WITH_TRANSFORMATION(#95)
SHAPE_REPRESENTATION_RELATIONSHIP()
);
#83=(
REPRESENTATION_RELATIONSHIP(' ',' ',#12123,#12118)
REPRESENTATION_RELATIONSHIP_WITH_TRANSFORMATION(#96)
SHAPE_REPRESENTATION_RELATIONSHIP()
);
#84=(
REPRESENTATION_RELATIONSHIP(' ',' ',#12124,#12118)
REPRESENTATION_RELATIONSHIP_WITH_TRANSFORMATION(#97)
SHAPE_REPRESENTATION_RELATIONSHIP()
);
#85=(
REPRESENTATION_RELATIONSHIP(' ',' ',#12125,#12118)
REPRESENTATION_RELATIONSHIP_WITH_TRANSFORMATION(#98)
SHAPE_REPRESENTATION_RELATIONSHIP()
);
#86=(
REPRESENTATION_RELATIONSHIP(' ',' ',#12126,#12118)
REPRESENTATION_RELATIONSHIP_WITH_TRANSFORMATION(#99)
SHAPE_REPRESENTATION_RELATIONSHIP()
);
#87=(
REPRESENTATION_RELATIONSHIP(' ',' ',#12127,#12118)
REPRESENTATION_RELATIONSHIP_WITH_TRANSFORMATION(#100)
SHAPE_REPRESENTATION_RELATIONSHIP()
);
#88=(
REPRESENTATION_RELATIONSHIP(' ',' ',#12128,#12118)
REPRESENTATION_RELATIONSHIP_WITH_TRANSFORMATION(#101)
SHAPE_REPRESENTATION_RELATIONSHIP()
);
#89=ITEM_DEFINED_TRANSFORMATION(' ',' ',#12129,#12316);
#90=ITEM_DEFINED_TRANSFORMATION(' ',' ',#12129,#12341);
#91=ITEM_DEFINED_TRANSFORMATION(' ',' ',#12129,#12356);
#92=ITEM_DEFINED_TRANSFORMATION(' ',' ',#12129,#12357);
#93=ITEM_DEFINED_TRANSFORMATION(' ',' ',#12129,#12358);
#94=ITEM_DEFINED_TRANSFORMATION(' ',' ',#12129,#12359);
#95=ITEM_DEFINED_TRANSFORMATION(' ',' ',#12129,#12378);
#96=ITEM_DEFINED_TRANSFORMATION(' ',' ',#12129,#12389);
#97=ITEM_DEFINED_TRANSFORMATION(' ',' ',#12129,#12474);
#98=ITEM_DEFINED_TRANSFORMATION(' ',' ',#12129,#12559);
#99=ITEM_DEFINED_TRANSFORMATION(' ',' ',#12129,#12644);
#100=ITEM_DEFINED_TRANSFORMATION(' ',' ',#12129,#12729);
#101=ITEM_DEFINED_TRANSFORMATION(' ',' ',#12129,#12824);
#102=SHAPE_REPRESENTATION_RELATIONSHIP('','',#12117,#112);
#103=SHAPE_REPRESENTATION_RELATIONSHIP('','',#12119,#113);
#104=SHAPE_REPRESENTATION_RELATIONSHIP('','',#12121,#114);
#105=SHAPE_REPRESENTATION_RELATIONSHIP('','',#12122,#115);
#106=SHAPE_REPRESENTATION_RELATIONSHIP('','',#12123,#116);
#107=SHAPE_REPRESENTATION_RELATIONSHIP('','',#12124,#117);
#108=SHAPE_REPRESENTATION_RELATIONSHIP('','',#12125,#118);
#109=SHAPE_REPRESENTATION_RELATIONSHIP('','',#12126,#119);
#110=SHAPE_REPRESENTATION_RELATIONSHIP('','',#12127,#120);
#111=SHAPE_REPRESENTATION_RELATIONSHIP('','',#12128,#121);
#112=ADVANCED_BREP_SHAPE_REPRESENTATION('',(#12095),#19093);
#113=ADVANCED_BREP_SHAPE_REPRESENTATION('',(#12096),#19095);
#114=ADVANCED_BREP_SHAPE_REPRESENTATION('',(#12097),#19096);
#115=ADVANCED_BREP_SHAPE_REPRESENTATION('',(#12098),#19097);
#116=ADVANCED_BREP_SHAPE_REPRESENTATION('',(#12099),#19098);
#117=ADVANCED_BREP_SHAPE_REPRESENTATION('',(#12100),#19099);
#118=ADVANCED_BREP_SHAPE_REPRESENTATION('',(#12101),#19100);
#119=ADVANCED_BREP_SHAPE_REPRESENTATION('',(#12102),#19101);
#120=ADVANCED_BREP_SHAPE_REPRESENTATION('',(#12103),#19102);
#121=ADVANCED_BREP_SHAPE_REPRESENTATION('',(#12104),#19103);
#122=CYLINDRICAL_SURFACE('',#12266,0.5);
#123=CYLINDRICAL_SURFACE('',#12267,0.5);
#124=CYLINDRICAL_SURFACE('',#12268,0.5);
#125=CYLINDRICAL_SURFACE('',#12269,0.5);
#126=CYLINDRICAL_SURFACE('',#12367,0.46125);
#127=CYLINDRICAL_SURFACE('',#12373,0.46125);
#128=CYLINDRICAL_SURFACE('',#12399,0.025);
#129=CYLINDRICAL_SURFACE('',#12408,0.025);
#130=CYLINDRICAL_SURFACE('',#12409,0.025);
#131=CYLINDRICAL_SURFACE('',#12411,0.025);
#132=CYLINDRICAL_SURFACE('',#12413,0.025);
#133=CYLINDRICAL_SURFACE('',#12420,0.025);
#134=CYLINDRICAL_SURFACE('',#12421,0.025);
#135=CYLINDRICAL_SURFACE('',#12422,0.025);
#136=CYLINDRICAL_SURFACE('',#12428,0.025);
#137=CYLINDRICAL_SURFACE('',#12437,0.025);
#138=CYLINDRICAL_SURFACE('',#12439,0.025);
#139=CYLINDRICAL_SURFACE('',#12441,0.025);
#140=CYLINDRICAL_SURFACE('',#12443,0.025);
#141=CYLINDRICAL_SURFACE('',#12451,0.025);
#142=CYLINDRICAL_SURFACE('',#12453,0.025);
#143=CYLINDRICAL_SURFACE('',#12454,0.025);
#144=CYLINDRICAL_SURFACE('',#12466,0.0166666666666666);
#145=CYLINDRICAL_SURFACE('',#12468,0.0166666666666667);
#146=CYLINDRICAL_SURFACE('',#12470,0.0166666666666666);
#147=CYLINDRICAL_SURFACE('',#12472,0.0166666666666666);
#148=CYLINDRICAL_SURFACE('',#12484,0.025);
#149=CYLINDRICAL_SURFACE('',#12493,0.025);
#150=CYLINDRICAL_SURFACE('',#12494,0.025);
#151=CYLINDRICAL_SURFACE('',#12496,0.025);
#152=CYLINDRICAL_SURFACE('',#12498,0.025);
#153=CYLINDRICAL_SURFACE('',#12505,0.025);
#154=CYLINDRICAL_SURFACE('',#12506,0.025);
#155=CYLINDRICAL_SURFACE('',#12507,0.025);
#156=CYLINDRICAL_SURFACE('',#12513,0.025);
#157=CYLINDRICAL_SURFACE('',#12522,0.025);
#158=CYLINDRICAL_SURFACE('',#12524,0.025);
#159=CYLINDRICAL_SURFACE('',#12526,0.025);
#160=CYLINDRICAL_SURFACE('',#12528,0.025);
#161=CYLINDRICAL_SURFACE('',#12536,0.025);
#162=CYLINDRICAL_SURFACE('',#12538,0.025);
#163=CYLINDRICAL_SURFACE('',#12539,0.025);
#164=CYLINDRICAL_SURFACE('',#12551,0.0166666666666666);
#165=CYLINDRICAL_SURFACE('',#12553,0.0166666666666667);
#166=CYLINDRICAL_SURFACE('',#12555,0.0166666666666666);
#167=CYLINDRICAL_SURFACE('',#12557,0.0166666666666666);
#168=CYLINDRICAL_SURFACE('',#12569,0.025);
#169=CYLINDRICAL_SURFACE('',#12578,0.025);
#170=CYLINDRICAL_SURFACE('',#12579,0.025);
#171=CYLINDRICAL_SURFACE('',#12581,0.025);
#172=CYLINDRICAL_SURFACE('',#12583,0.025);
#173=CYLINDRICAL_SURFACE('',#12590,0.025);
#174=CYLINDRICAL_SURFACE('',#12591,0.025);
#175=CYLINDRICAL_SURFACE('',#12592,0.025);
#176=CYLINDRICAL_SURFACE('',#12598,0.025);
#177=CYLINDRICAL_SURFACE('',#12607,0.025);
#178=CYLINDRICAL_SURFACE('',#12609,0.025);
#179=CYLINDRICAL_SURFACE('',#12611,0.025);
#180=CYLINDRICAL_SURFACE('',#12613,0.025);
#181=CYLINDRICAL_SURFACE('',#12621,0.025);
#182=CYLINDRICAL_SURFACE('',#12623,0.025);
#183=CYLINDRICAL_SURFACE('',#12624,0.025);
#184=CYLINDRICAL_SURFACE('',#12636,0.0166666666666666);
#185=CYLINDRICAL_SURFACE('',#12638,0.0166666666666667);
#186=CYLINDRICAL_SURFACE('',#12640,0.0166666666666666);
#187=CYLINDRICAL_SURFACE('',#12642,0.0166666666666666);
#188=CYLINDRICAL_SURFACE('',#12654,0.025);
#189=CYLINDRICAL_SURFACE('',#12663,0.025);
#190=CYLINDRICAL_SURFACE('',#12664,0.025);
#191=CYLINDRICAL_SURFACE('',#12666,0.025);
#192=CYLINDRICAL_SURFACE('',#12668,0.025);
#193=CYLINDRICAL_SURFACE('',#12675,0.025);
#194=CYLINDRICAL_SURFACE('',#12676,0.025);
#195=CYLINDRICAL_SURFACE('',#12677,0.025);
#196=CYLINDRICAL_SURFACE('',#12683,0.025);
#197=CYLINDRICAL_SURFACE('',#12692,0.025);
#198=CYLINDRICAL_SURFACE('',#12694,0.025);
#199=CYLINDRICAL_SURFACE('',#12696,0.025);
#200=CYLINDRICAL_SURFACE('',#12698,0.025);
#201=CYLINDRICAL_SURFACE('',#12706,0.025);
#202=CYLINDRICAL_SURFACE('',#12708,0.025);
#203=CYLINDRICAL_SURFACE('',#12709,0.025);
#204=CYLINDRICAL_SURFACE('',#12721,0.0166666666666666);
#205=CYLINDRICAL_SURFACE('',#12723,0.0166666666666667);
#206=CYLINDRICAL_SURFACE('',#12725,0.0166666666666666);
#207=CYLINDRICAL_SURFACE('',#12727,0.0166666666666666);
#208=CYLINDRICAL_SURFACE('',#12744,0.499002371184833);
#209=CYLINDRICAL_SURFACE('',#12748,0.194202371184833);
#210=CYLINDRICAL_SURFACE('',#12752,0.194202371184833);
#211=CYLINDRICAL_SURFACE('',#12757,0.499002371184833);
#212=CYLINDRICAL_SURFACE('',#12765,0.499002371184833);
#213=CYLINDRICAL_SURFACE('',#12769,0.194202371184833);
#214=CYLINDRICAL_SURFACE('',#12773,0.194202371184833);
#215=CYLINDRICAL_SURFACE('',#12778,0.499002371184833);
#216=CYLINDRICAL_SURFACE('',#12786,0.499002371184833);
#217=CYLINDRICAL_SURFACE('',#12790,0.194202371184833);
#218=CYLINDRICAL_SURFACE('',#12794,0.194202371184833);
#219=CYLINDRICAL_SURFACE('',#12799,0.499002371184833);
#220=CYLINDRICAL_SURFACE('',#12804,0.194202371184832);
#221=CYLINDRICAL_SURFACE('',#12807,0.499002371184833);
#222=CYLINDRICAL_SURFACE('',#12815,0.499002371184833);
#223=CYLINDRICAL_SURFACE('',#12820,0.194202371184833);
#224=B_SPLINE_SURFACE_WITH_KNOTS('',3,1,((#15951,#15952),(#15953,#15954),
(#15955,#15956),(#15957,#15958),(#15959,#15960),(#15961,#15962),(#15963,
#15964)),.SURF_OF_LINEAR_EXTRUSION.,.F.,.F.,.F.,(4,1,1,1,4),(2,2),(0.,0.25,
0.5,0.75,1.),(0.,1.),.UNSPECIFIED.);
#225=B_SPLINE_SURFACE_WITH_KNOTS('',3,1,((#15968,#15969),(#15970,#15971),
(#15972,#15973),(#15974,#15975),(#15976,#15977),(#15978,#15979),(#15980,
#15981)),.SURF_OF_LINEAR_EXTRUSION.,.F.,.F.,.F.,(4,1,1,1,4),(2,2),(0.,0.25,
0.5,0.75,1.),(0.,1.),.UNSPECIFIED.);
#226=B_SPLINE_SURFACE_WITH_KNOTS('',3,1,((#16101,#16102),(#16103,#16104),
(#16105,#16106),(#16107,#16108),(#16109,#16110),(#16111,#16112),(#16113,
#16114),(#16115,#16116)),.SURF_OF_LINEAR_EXTRUSION.,.F.,.F.,.F.,(4,1,1,
1,1,4),(2,2),(0.,0.25,0.5,0.625,0.75,1.),(0.,1.),.UNSPECIFIED.);
#227=B_SPLINE_SURFACE_WITH_KNOTS('',3,1,((#16120,#16121),(#16122,#16123),
(#16124,#16125),(#16126,#16127),(#16128,#16129),(#16130,#16131),(#16132,
#16133),(#16134,#16135)),.SURF_OF_LINEAR_EXTRUSION.,.F.,.F.,.F.,(4,1,1,
1,1,4),(2,2),(0.,0.125,0.25,0.5,0.75,1.),(0.,1.),.UNSPECIFIED.);
#228=B_SPLINE_SURFACE_WITH_KNOTS('',3,1,((#16213,#16214),(#16215,#16216),
(#16217,#16218),(#16219,#16220)),.SURF_OF_LINEAR_EXTRUSION.,.F.,.F.,.F.,
(4,4),(2,2),(0.,1.),(0.,1.),.PIECEWISE_BEZIER_KNOTS.);
#229=B_SPLINE_SURFACE_WITH_KNOTS('',3,1,((#16222,#16223),(#16224,#16225),
(#16226,#16227),(#16228,#16229)),.SURF_OF_LINEAR_EXTRUSION.,.F.,.F.,.F.,
(4,4),(2,2),(0.,1.),(0.,1.),.PIECEWISE_BEZIER_KNOTS.);
#230=B_SPLINE_SURFACE_WITH_KNOTS('',3,1,((#16408,#16409),(#16410,#16411),
(#16412,#16413),(#16414,#16415),(#16416,#16417),(#16418,#16419),(#16420,
#16421),(#16422,#16423)),.SURF_OF_LINEAR_EXTRUSION.,.F.,.F.,.F.,(4,1,1,
1,1,4),(2,2),(0.,0.25,0.5,0.625,0.75,1.),(0.,1.),.UNSPECIFIED.);
#231=B_SPLINE_SURFACE_WITH_KNOTS('',3,1,((#16427,#16428),(#16429,#16430),
(#16431,#16432),(#16433,#16434),(#16435,#16436),(#16437,#16438),(#16439,
#16440),(#16441,#16442)),.SURF_OF_LINEAR_EXTRUSION.,.F.,.F.,.F.,(4,1,1,
1,1,4),(2,2),(0.,0.125,0.25,0.5,0.75,1.),(0.,1.),.UNSPECIFIED.);
#232=B_SPLINE_SURFACE_WITH_KNOTS('',3,1,((#16549,#16550),(#16551,#16552),
(#16553,#16554),(#16555,#16556),(#16557,#16558),(#16559,#16560),(#16561,
#16562),(#16563,#16564),(#16565,#16566)),.SURF_OF_LINEAR_EXTRUSION.,.T.,
 .F.,.F.,(1,1,1,1,1,1,1,1,1,1,1,1,1),(2,2),(-0.419328676287422,-0.174994005822136,
-0.0862975566963653,0.,0.126930686248362,0.326519060284812,0.580671323712578,
0.825005994177864,0.913702443303635,1.,1.12693068624836,1.32651906028481,
1.58067132371258),(0.,1.),.UNSPECIFIED.);
#233=B_SPLINE_SURFACE_WITH_KNOTS('',3,1,((#16567,#16568),(#16569,#16570),
(#16571,#16572),(#16573,#16574),(#16575,#16576),(#16577,#16578),(#16579,
#16580),(#16581,#16582),(#16583,#16584),(#16585,#16586)),
 .SURF_OF_LINEAR_EXTRUSION.,.T.,.F.,.F.,(1,1,1,1,1,1,1,1,1,1,1,1,1,1),(2,
2),(-0.340085790243951,-0.155111339373319,-0.0775556696866597,0.,0.170523909660793,
0.341047819321587,0.573255924357024,0.659914209756049,0.844888660626681,
0.92244433031334,1.,1.17052390966079,1.34104781932159,1.57325592435702),
(0.,1.),.UNSPECIFIED.);
#234=B_SPLINE_SURFACE_WITH_KNOTS('',3,1,((#16649,#16650),(#16651,#16652),
(#16653,#16654),(#16655,#16656)),.SURF_OF_LINEAR_EXTRUSION.,.F.,.F.,.F.,
(4,4),(2,2),(0.,1.),(0.,1.),.PIECEWISE_BEZIER_KNOTS.);
#235=B_SPLINE_SURFACE_WITH_KNOTS('',3,1,((#16658,#16659),(#16660,#16661),
(#16662,#16663),(#16664,#16665)),.SURF_OF_LINEAR_EXTRUSION.,.F.,.F.,.F.,
(4,4),(2,2),(0.,1.),(0.,1.),.PIECEWISE_BEZIER_KNOTS.);
#236=B_SPLINE_SURFACE_WITH_KNOTS('',3,1,((#16769,#16770),(#16771,#16772),
(#16773,#16774),(#16775,#16776),(#16777,#16778),(#16779,#16780),(#16781,
#16782),(#16783,#16784),(#16785,#16786)),.SURF_OF_LINEAR_EXTRUSION.,.F.,
 .F.,.F.,(4,1,1,1,1,1,4),(2,2),(0.,0.25,0.375,0.5,0.625,0.75,1.),(0.,1.),
 .UNSPECIFIED.);
#237=B_SPLINE_SURFACE_WITH_KNOTS('',3,1,((#16790,#16791),(#16792,#16793),
(#16794,#16795),(#16796,#16797),(#16798,#16799),(#16800,#16801),(#16802,
#16803),(#16804,#16805),(#16806,#16807),(#16808,#16809),(#16810,#16811)),
 .SURF_OF_LINEAR_EXTRUSION.,.F.,.F.,.F.,(4,1,1,1,1,1,1,1,4),(2,2),(0.,0.125,
0.25,0.375,0.5,0.625,0.75,0.875,1.),(0.,1.),.UNSPECIFIED.);
#238=B_SPLINE_SURFACE_WITH_KNOTS('',3,1,((#16878,#16879),(#16880,#16881),
(#16882,#16883),(#16884,#16885),(#16886,#16887),(#16888,#16889),(#16890,
#16891)),.SURF_OF_LINEAR_EXTRUSION.,.F.,.F.,.F.,(4,1,1,1,4),(2,2),(0.,0.25,
0.5,0.75,1.),(0.,1.),.UNSPECIFIED.);
#239=B_SPLINE_SURFACE_WITH_KNOTS('',3,1,((#16898,#16899),(#16900,#16901),
(#16902,#16903),(#16904,#16905),(#16906,#16907),(#16908,#16909),(#16910,
#16911)),.SURF_OF_LINEAR_EXTRUSION.,.F.,.F.,.F.,(4,1,1,1,4),(2,2),(0.,0.25,
0.5,0.75,1.),(0.,1.),.UNSPECIFIED.);
#240=B_SPLINE_SURFACE_WITH_KNOTS('',3,1,((#17110,#17111),(#17112,#17113),
(#17114,#17115),(#17116,#17117),(#17118,#17119),(#17120,#17121),(#17122,
#17123)),.SURF_OF_LINEAR_EXTRUSION.,.F.,.F.,.F.,(4,1,1,1,4),(2,2),(0.,0.25,
0.5,0.75,1.),(0.,1.),.UNSPECIFIED.);
#241=B_SPLINE_SURFACE_WITH_KNOTS('',3,1,((#17126,#17127),(#17128,#17129),
(#17130,#17131),(#17132,#17133),(#17134,#17135),(#17136,#17137),(#17138,
#17139)),.SURF_OF_LINEAR_EXTRUSION.,.F.,.F.,.F.,(4,1,1,1,4),(2,2),(0.,0.25,
0.5,0.75,1.),(0.,1.),.UNSPECIFIED.);
#242=B_SPLINE_SURFACE_WITH_KNOTS('',3,1,((#17140,#17141),(#17142,#17143),
(#17144,#17145),(#17146,#17147),(#17148,#17149),(#17150,#17151),(#17152,
#17153),(#17154,#17155),(#17156,#17157)),.SURF_OF_LINEAR_EXTRUSION.,.T.,
 .F.,.F.,(1,1,1,1,1,1,1,1,1,1,1,1,1),(2,2),(-0.617458986726735,-0.396308361688222,
-0.13678512478687,0.,0.0782572442215126,0.161390388234751,0.382541013273265,
0.603691638311778,0.86321487521313,1.,1.07825724422151,1.16139038823475,
1.38254101327326),(0.,1.),.UNSPECIFIED.);
#243=B_SPLINE_SURFACE_WITH_KNOTS('',3,1,((#17183,#17184),(#17185,#17186),
(#17187,#17188),(#17189,#17190),(#17191,#17192),(#17193,#17194),(#17195,
#17196),(#17197,#17198),(#17199,#17200)),.SURF_OF_LINEAR_EXTRUSION.,.T.,
 .F.,.F.,(1,1,1,1,1,1,1,1,1,1,1,1,1),(2,2),(-0.398835233143468,-0.253806946304231,
-0.126515865089049,0.,0.120129959517327,0.36064736318693,0.601164766856532,
0.746193053695769,0.873484134910951,1.,1.12012995951733,1.36064736318693,
1.60116476685653),(0.,1.),.UNSPECIFIED.);
#244=B_SPLINE_SURFACE_WITH_KNOTS('',3,1,((#17285,#17286),(#17287,#17288),
(#17289,#17290),(#17291,#17292),(#17293,#17294),(#17295,#17296),(#17297,
#17298),(#17299,#17300),(#17301,#17302),(#17303,#17304)),
 .SURF_OF_LINEAR_EXTRUSION.,.F.,.F.,.F.,(4,1,1,1,1,1,1,4),(2,2),(0.,0.25,
0.375,0.5,0.625,0.75,0.875,1.),(0.,1.),.UNSPECIFIED.);
#245=B_SPLINE_SURFACE_WITH_KNOTS('',3,1,((#17311,#17312),(#17313,#17314),
(#17315,#17316),(#17317,#17318),(#17319,#17320),(#17321,#17322),(#17323,
#17324),(#17325,#17326),(#17327,#17328),(#17329,#17330)),
 .SURF_OF_LINEAR_EXTRUSION.,.F.,.F.,.F.,(4,1,1,1,1,1,1,4),(2,2),(0.,0.25,
0.375,0.5,0.625,0.75,0.875,1.),(0.,1.),.UNSPECIFIED.);
#246=B_SPLINE_SURFACE_WITH_KNOTS('',3,1,((#17394,#17395),(#17396,#17397),
(#17398,#17399),(#17400,#17401)),.SURF_OF_LINEAR_EXTRUSION.,.F.,.F.,.F.,
(4,4),(2,2),(0.,1.),(0.,1.),.PIECEWISE_BEZIER_KNOTS.);
#247=B_SPLINE_SURFACE_WITH_KNOTS('',3,1,((#17403,#17404),(#17405,#17406),
(#17407,#17408),(#17409,#17410)),.SURF_OF_LINEAR_EXTRUSION.,.F.,.F.,.F.,
(4,4),(2,2),(0.,1.),(0.,1.),.PIECEWISE_BEZIER_KNOTS.);
#248=B_SPLINE_SURFACE_WITH_KNOTS('',3,1,((#17483,#17484),(#17485,#17486),
(#17487,#17488),(#17489,#17490),(#17491,#17492),(#17493,#17494),(#17495,
#17496),(#17497,#17498)),.SURF_OF_LINEAR_EXTRUSION.,.F.,.F.,.F.,(4,1,1,
1,1,4),(2,2),(0.,0.25,0.5,0.75,0.875,1.),(0.,1.),.UNSPECIFIED.);
#249=B_SPLINE_SURFACE_WITH_KNOTS('',3,1,((#17505,#17506),(#17507,#17508),
(#17509,#17510),(#17511,#17512),(#17513,#17514),(#17515,#17516),(#17517,
#17518)),.SURF_OF_LINEAR_EXTRUSION.,.F.,.F.,.F.,(4,1,1,1,4),(2,2),(0.,0.25,
0.5,0.75,1.),(0.,1.),.UNSPECIFIED.);
#250=DRAUGHTING_PRE_DEFINED_COLOUR('white');
#251=DRAUGHTING_PRE_DEFINED_COLOUR('black');
#252=DRAUGHTING_PRE_DEFINED_COLOUR('yellow');
#253=CIRCLE('',#12131,0.5);
#254=CIRCLE('',#12132,0.5);
#255=CIRCLE('',#12133,0.5);
#256=CIRCLE('',#12134,0.5);
#257=CIRCLE('',#12140,0.5);
#258=CIRCLE('',#12141,0.5);
#259=CIRCLE('',#12142,0.5);
#260=CIRCLE('',#12143,0.5);
#261=CIRCLE('',#12366,0.46125);
#262=CIRCLE('',#12368,0.46125);
#263=CIRCLE('',#12370,0.46125);
#264=CIRCLE('',#12372,0.46125);
#265=CIRCLE('',#12391,0.025);
#266=CIRCLE('',#12392,0.025);
#267=CIRCLE('',#12393,0.025);
#268=CIRCLE('',#12394,0.025);
#269=CIRCLE('',#12395,0.0166666666666667);
#270=CIRCLE('',#12396,0.0166666666666666);
#271=CIRCLE('',#12397,0.0166666666666667);
#272=CIRCLE('',#12398,0.0166666666666667);
#273=CIRCLE('',#12400,0.025);
#274=CIRCLE('',#12401,0.025);
#275=CIRCLE('',#12403,0.025);
#276=CIRCLE('',#12404,0.025);
#277=CIRCLE('',#12406,0.025);
#278=CIRCLE('',#12407,0.025);
#279=CIRCLE('',#12410,0.025);
#280=CIRCLE('',#12412,0.025);
#281=CIRCLE('',#12415,0.025);
#282=CIRCLE('',#12416,0.025);
#283=CIRCLE('',#12418,0.025);
#284=CIRCLE('',#12419,0.025);
#285=CIRCLE('',#12429,0.025);
#286=CIRCLE('',#12430,0.025);
#287=CIRCLE('',#12432,0.025);
#288=CIRCLE('',#12433,0.025);
#289=CIRCLE('',#12435,0.025);
#290=CIRCLE('',#12436,0.025);
#291=CIRCLE('',#12438,0.025);
#292=CIRCLE('',#12440,0.025);
#293=CIRCLE('',#12442,0.025);
#294=CIRCLE('',#12444,0.025);
#295=CIRCLE('',#12446,0.025);
#296=CIRCLE('',#12447,0.025);
#297=CIRCLE('',#12449,0.025);
#298=CIRCLE('',#12450,0.025);
#299=CIRCLE('',#12452,0.025);
#300=CIRCLE('',#12455,0.025);
#301=CIRCLE('',#12460,0.0166666666666667);
#302=CIRCLE('',#12461,0.0166666666666667);
#303=CIRCLE('',#12462,0.0166666666666667);
#304=CIRCLE('',#12463,0.0166666666666666);
#305=CIRCLE('',#12476,0.025);
#306=CIRCLE('',#12477,0.025);
#307=CIRCLE('',#12478,0.025);
#308=CIRCLE('',#12479,0.025);
#309=CIRCLE('',#12480,0.0166666666666667);
#310=CIRCLE('',#12481,0.0166666666666666);
#311=CIRCLE('',#12482,0.0166666666666667);
#312=CIRCLE('',#12483,0.0166666666666667);
#313=CIRCLE('',#12485,0.025);
#314=CIRCLE('',#12486,0.025);
#315=CIRCLE('',#12488,0.025);
#316=CIRCLE('',#12489,0.025);
#317=CIRCLE('',#12491,0.025);
#318=CIRCLE('',#12492,0.025);
#319=CIRCLE('',#12495,0.025);
#320=CIRCLE('',#12497,0.025);
#321=CIRCLE('',#12500,0.025);
#322=CIRCLE('',#12501,0.025);
#323=CIRCLE('',#12503,0.025);
#324=CIRCLE('',#12504,0.025);
#325=CIRCLE('',#12514,0.025);
#326=CIRCLE('',#12515,0.025);
#327=CIRCLE('',#12517,0.025);
#328=CIRCLE('',#12518,0.025);
#329=CIRCLE('',#12520,0.025);
#330=CIRCLE('',#12521,0.025);
#331=CIRCLE('',#12523,0.025);
#332=CIRCLE('',#12525,0.025);
#333=CIRCLE('',#12527,0.025);
#334=CIRCLE('',#12529,0.025);
#335=CIRCLE('',#12531,0.025);
#336=CIRCLE('',#12532,0.025);
#337=CIRCLE('',#12534,0.025);
#338=CIRCLE('',#12535,0.025);
#339=CIRCLE('',#12537,0.025);
#340=CIRCLE('',#12540,0.025);
#341=CIRCLE('',#12545,0.0166666666666667);
#342=CIRCLE('',#12546,0.0166666666666667);
#343=CIRCLE('',#12547,0.0166666666666667);
#344=CIRCLE('',#12548,0.0166666666666666);
#345=CIRCLE('',#12561,0.025);
#346=CIRCLE('',#12562,0.025);
#347=CIRCLE('',#12563,0.025);
#348=CIRCLE('',#12564,0.025);
#349=CIRCLE('',#12565,0.0166666666666667);
#350=CIRCLE('',#12566,0.0166666666666667);
#351=CIRCLE('',#12567,0.0166666666666667);
#352=CIRCLE('',#12568,0.0166666666666666);
#353=CIRCLE('',#12570,0.025);
#354=CIRCLE('',#12571,0.025);
#355=CIRCLE('',#12573,0.025);
#356=CIRCLE('',#12574,0.025);
#357=CIRCLE('',#12576,0.025);
#358=CIRCLE('',#12577,0.025);
#359=CIRCLE('',#12580,0.025);
#360=CIRCLE('',#12582,0.025);
#361=CIRCLE('',#12585,0.025);
#362=CIRCLE('',#12586,0.025);
#363=CIRCLE('',#12588,0.025);
#364=CIRCLE('',#12589,0.025);
#365=CIRCLE('',#12599,0.025);
#366=CIRCLE('',#12600,0.025);
#367=CIRCLE('',#12602,0.025);
#368=CIRCLE('',#12603,0.025);
#369=CIRCLE('',#12605,0.025);
#370=CIRCLE('',#12606,0.025);
#371=CIRCLE('',#12608,0.025);
#372=CIRCLE('',#12610,0.025);
#373=CIRCLE('',#12612,0.025);
#374=CIRCLE('',#12614,0.025);
#375=CIRCLE('',#12616,0.025);
#376=CIRCLE('',#12617,0.025);
#377=CIRCLE('',#12619,0.025);
#378=CIRCLE('',#12620,0.025);
#379=CIRCLE('',#12622,0.025);
#380=CIRCLE('',#12625,0.025);
#381=CIRCLE('',#12630,0.0166666666666666);
#382=CIRCLE('',#12631,0.0166666666666667);
#383=CIRCLE('',#12632,0.0166666666666667);
#384=CIRCLE('',#12633,0.0166666666666667);
#385=CIRCLE('',#12646,0.025);
#386=CIRCLE('',#12647,0.025);
#387=CIRCLE('',#12648,0.025);
#388=CIRCLE('',#12649,0.025);
#389=CIRCLE('',#12650,0.0166666666666667);
#390=CIRCLE('',#12651,0.0166666666666667);
#391=CIRCLE('',#12652,0.0166666666666667);
#392=CIRCLE('',#12653,0.0166666666666666);
#393=CIRCLE('',#12655,0.025);
#394=CIRCLE('',#12656,0.025);
#395=CIRCLE('',#12658,0.025);
#396=CIRCLE('',#12659,0.025);
#397=CIRCLE('',#12661,0.025);
#398=CIRCLE('',#12662,0.025);
#399=CIRCLE('',#12665,0.025);
#400=CIRCLE('',#12667,0.025);
#401=CIRCLE('',#12670,0.025);
#402=CIRCLE('',#12671,0.025);
#403=CIRCLE('',#12673,0.025);
#404=CIRCLE('',#12674,0.025);
#405=CIRCLE('',#12684,0.025);
#406=CIRCLE('',#12685,0.025);
#407=CIRCLE('',#12687,0.025);
#408=CIRCLE('',#12688,0.025);
#409=CIRCLE('',#12690,0.025);
#410=CIRCLE('',#12691,0.025);
#411=CIRCLE('',#12693,0.025);
#412=CIRCLE('',#12695,0.025);
#413=CIRCLE('',#12697,0.025);
#414=CIRCLE('',#12699,0.025);
#415=CIRCLE('',#12701,0.025);
#416=CIRCLE('',#12702,0.025);
#417=CIRCLE('',#12704,0.025);
#418=CIRCLE('',#12705,0.025);
#419=CIRCLE('',#12707,0.025);
#420=CIRCLE('',#12710,0.025);
#421=CIRCLE('',#12715,0.0166666666666666);
#422=CIRCLE('',#12716,0.0166666666666667);
#423=CIRCLE('',#12717,0.0166666666666667);
#424=CIRCLE('',#12718,0.0166666666666667);
#425=CIRCLE('',#12745,0.499002371184833);
#426=CIRCLE('',#12746,0.499002371184833);
#427=CIRCLE('',#12749,0.194202371184833);
#428=CIRCLE('',#12750,0.194202371184833);
#429=CIRCLE('',#12753,0.194202371184833);
#430=CIRCLE('',#12754,0.194202371184833);
#431=CIRCLE('',#12756,0.499002371184833);
#432=CIRCLE('',#12758,0.499002371184833);
#433=CIRCLE('',#12766,0.499002371184833);
#434=CIRCLE('',#12767,0.499002371184833);
#435=CIRCLE('',#12770,0.194202371184833);
#436=CIRCLE('',#12771,0.194202371184833);
#437=CIRCLE('',#12774,0.194202371184833);
#438=CIRCLE('',#12775,0.194202371184833);
#439=CIRCLE('',#12777,0.499002371184833);
#440=CIRCLE('',#12779,0.499002371184833);
#441=CIRCLE('',#12787,0.499002371184833);
#442=CIRCLE('',#12788,0.499002371184833);
#443=CIRCLE('',#12791,0.194202371184833);
#444=CIRCLE('',#12792,0.194202371184833);
#445=CIRCLE('',#12795,0.194202371184833);
#446=CIRCLE('',#12796,0.194202371184833);
#447=CIRCLE('',#12798,0.499002371184833);
#448=CIRCLE('',#12800,0.499002371184833);
#449=CIRCLE('',#12805,0.194202371184833);
#450=CIRCLE('',#12806,0.194202371184832);
#451=CIRCLE('',#12808,0.499002371184833);
#452=CIRCLE('',#12809,0.499002371184833);
#453=CIRCLE('',#12816,0.499002371184833);
#454=CIRCLE('',#12817,0.499002371184833);
#455=CIRCLE('',#12819,0.194202371184833);
#456=CIRCLE('',#12821,0.194202371184833);
#457=B_SPLINE_CURVE_WITH_KNOTS('',3,(#15221,#15222,#15223,#15224,#15225,
#15226,#15227,#15228,#15229,#15230,#15231,#15232,#15233,#15234,#15235,#15236,
#15237,#15238,#15239,#15240,#15241,#15242,#15243,#15244,#15245,#15246,#15247,
#15248,#15249,#15250,#15251),.UNSPECIFIED.,.F.,.F.,(4,3,3,3,3,2,2,3,3,2,
3,4),(0.,0.150474689558855,0.228611192523708,0.300486790688049,0.392310387096352,
0.490801421253432,0.574592301058709,0.658383180863986,0.715087056046554,
0.778817501332016,0.842547946617477,1.),.UNSPECIFIED.);
#458=B_SPLINE_CURVE_WITH_KNOTS('',3,(#15263,#15264,#15265,#15266,#15267,
#15268,#15269),.UNSPECIFIED.,.F.,.F.,(4,3,4),(0.,0.646895150569553,1.),
 .UNSPECIFIED.);
#459=B_SPLINE_CURVE_WITH_KNOTS('',3,(#15271,#15272,#15273,#15274,#15275,
#15276,#15277),.UNSPECIFIED.,.F.,.F.,(4,3,4),(0.,0.372347848908895,1.),
 .UNSPECIFIED.);
#460=B_SPLINE_CURVE_WITH_KNOTS('',3,(#15289,#15290,#15291,#15292,#15293,
#15294,#15295,#15296,#15297,#15298,#15299,#15300,#15301,#15302,#15303,#15304,
#15305,#15306,#15307,#15308,#15309,#15310,#15311),.UNSPECIFIED.,.F.,.F.,
(4,3,3,3,3,2,2,3,4),(0.,0.21657840613922,0.304615986723782,0.381199540905808,
0.454146864045769,0.543544939860511,0.698179449377902,0.852813958895295,
1.),.UNSPECIFIED.);
#461=B_SPLINE_CURVE_WITH_KNOTS('',3,(#15312,#15313,#15314,#15315,#15316,
#15317,#15318,#15319,#15320,#15321,#15322,#15323,#15324,#15325,#15326,#15327,
#15328,#15329,#15330,#15331),.UNSPECIFIED.,.F.,.F.,(4,2,2,3,2,2,2,3,4),
(0.,0.102106258474259,0.204212516948518,0.344745861945347,0.493486598937664,
0.641229075950167,0.78897155296267,0.899496459430041,1.),.UNSPECIFIED.);
#462=B_SPLINE_CURVE_WITH_KNOTS('',3,(#15334,#15335,#15336,#15337,#15338,
#15339,#15340,#15341,#15342,#15343,#15344,#15345,#15346,#15347,#15348,#15349,
#15350,#15351,#15352,#15353,#15354),.UNSPECIFIED.,.F.,.F.,(4,3,2,3,2,2,
2,3,4),(0.,0.0997524444639372,0.195892162151109,0.339443247464831,0.492897337189237,
0.647531842988447,0.802166348787656,0.901472912144947,1.),.UNSPECIFIED.);
#463=B_SPLINE_CURVE_WITH_KNOTS('',3,(#15387,#15388,#15389,#15390,#15391,
#15392,#15393,#15394,#15395,#15396,#15397,#15398,#15399,#15400,#15401,#15402,
#15403,#15404,#15405,#15406,#15407,#15408,#15409,#15410,#15411,#15412,#15413,
#15414,#15415,#15416,#15417,#15418),.UNSPECIFIED.,.F.,.F.,(4,3,2,2,3,3,
3,2,3,2,3,2,4),(0.,0.0687780923338429,0.136509987624569,0.204241882915293,
0.285341915434451,0.352492819124265,0.413179023850526,0.513339378574064,
0.638539821978487,0.738078688213308,0.83761755444813,0.918808777224065,
1.),.UNSPECIFIED.);
#464=B_SPLINE_CURVE_WITH_KNOTS('',3,(#15431,#15432,#15433,#15434,#15435,
#15436,#15437,#15438,#15439,#15440,#15441,#15442,#15443,#15444,#15445,#15446,
#15447,#15448,#15449,#15450,#15451,#15452,#15453,#15454,#15455,#15456,#15457,
#15458),.UNSPECIFIED.,.F.,.F.,(4,3,2,3,2,2,2,3,2,3,2,4),(0.,0.0885223518796717,
0.168372879231631,0.276061205109962,0.379027756841326,0.481994308572689,
0.584265140359922,0.686535972147154,0.791012132524793,0.866234967996692,
0.933117483998346,1.),.UNSPECIFIED.);
#465=B_SPLINE_CURVE_WITH_KNOTS('',3,(#15516,#15517,#15518,#15519,#15520,
#15521,#15522),.UNSPECIFIED.,.F.,.F.,(4,3,4),(0.,0.818043739369047,1.),
 .UNSPECIFIED.);
#466=B_SPLINE_CURVE_WITH_KNOTS('',3,(#15524,#15525,#15526,#15527,#15528,
#15529,#15530),.UNSPECIFIED.,.F.,.F.,(4,3,4),(0.,0.181780594478507,1.),
 .UNSPECIFIED.);
#467=B_SPLINE_CURVE_WITH_KNOTS('',3,(#15551,#15552,#15553,#15554,#15555,
#15556,#15557,#15558,#15559,#15560,#15561,#15562,#15563,#15564,#15565,#15566,
#15567,#15568,#15569,#15570,#15571,#15572,#15573,#15574,#15575,#15576,#15577,
#15578,#15579,#15580,#15581,#15582),.UNSPECIFIED.,.F.,.F.,(4,3,2,2,3,3,
3,2,3,2,3,2,4),(0.,0.0687780923338429,0.136509987624569,0.204241882915293,
0.285341915434451,0.352492819124265,0.413179023850526,0.513339378574064,
0.638539821978487,0.738078688213308,0.83761755444813,0.918808777224065,
1.),.UNSPECIFIED.);
#468=B_SPLINE_CURVE_WITH_KNOTS('',3,(#15595,#15596,#15597,#15598,#15599,
#15600,#15601,#15602,#15603,#15604,#15605,#15606,#15607,#15608,#15609,#15610,
#15611,#15612,#15613,#15614,#15615,#15616,#15617,#15618,#15619,#15620,#15621,
#15622),.UNSPECIFIED.,.F.,.F.,(4,3,2,3,2,2,2,3,2,3,2,4),(0.,0.0885223518796717,
0.168372879231631,0.276061205109962,0.379027756841326,0.481994308572689,
0.584265140359922,0.686535972147154,0.791012132524793,0.866234967996692,
0.933117483998346,1.),.UNSPECIFIED.);
#469=B_SPLINE_CURVE_WITH_KNOTS('',3,(#15625,#15626,#15627,#15628,#15629,
#15630,#15631,#15632,#15633,#15634,#15635,#15636,#15637,#15638,#15639,#15640,
#15641,#15642,#15643,#15644,#15645,#15646,#15647,#15648,#15649,#15650,#15651,
#15652,#15653,#15654),.UNSPECIFIED.,.F.,.F.,(4,3,3,3,2,2,2,3,3,2,3,4),(0.,
0.150483508275618,0.228581462651675,0.300392408234054,0.39712197373008,
0.493851539226106,0.576143856140635,0.658436173055166,0.714954396489025,
0.778752732088602,0.84255106768818,1.),.UNSPECIFIED.);
#470=B_SPLINE_CURVE_WITH_KNOTS('',3,(#15666,#15667,#15668,#15669,#15670,
#15671,#15672,#15673,#15674,#15675,#15676,#15677,#15678,#15679,#15680,#15681,
#15682,#15683,#15684,#15685,#15686,#15687,#15688,#15689,#15690,#15691,#15692,
#15693,#15694),.UNSPECIFIED.,.T.,.F.,(4,3,2,3,2,2,3,2,2,3,3,4),(0.,0.133611248682486,
0.256239904868263,0.337023711549888,0.422131011907484,0.50723831226508,
0.594047758629829,0.673288594019846,0.752529429409863,0.837865713676037,
0.918370677468149,1.),.UNSPECIFIED.);
#471=B_SPLINE_CURVE_WITH_KNOTS('',3,(#15707,#15708,#15709,#15710,#15711,
#15712,#15713),.UNSPECIFIED.,.F.,.F.,(4,3,4),(0.,0.818043739369046,1.),
 .UNSPECIFIED.);
#472=B_SPLINE_CURVE_WITH_KNOTS('',3,(#15715,#15716,#15717,#15718,#15719,
#15720,#15721),.UNSPECIFIED.,.F.,.F.,(4,3,4),(0.,0.181780594478507,1.),
 .UNSPECIFIED.);
#473=B_SPLINE_CURVE_WITH_KNOTS('',3,(#15746,#15747,#15748,#15749,#15750,
#15751,#15752,#15753,#15754,#15755,#15756,#15757,#15758,#15759,#15760,#15761,
#15762,#15763,#15764,#15765,#15766,#15767),.UNSPECIFIED.,.F.,.F.,(4,3,2,
3,2,3,2,3,4),(0.,0.229213736995435,0.315822845220103,0.402431953444771,
0.498595893667538,0.592756418468997,0.681754800182806,0.770753181896616,
1.),.UNSPECIFIED.);
#474=B_SPLINE_CURVE_WITH_KNOTS('',3,(#15772,#15773,#15774,#15775,#15776,
#15777,#15778,#15779,#15780,#15781,#15782,#15783,#15784,#15785,#15786,#15787,
#15788,#15789,#15790,#15791),.UNSPECIFIED.,.F.,.F.,(4,3,2,3,2,3,3,4),(0.,
0.272399297052942,0.348702517039873,0.425005737026804,0.48983379741045,
0.601185524657655,0.727572491437622,1.),.UNSPECIFIED.);
#475=B_SPLINE_CURVE_WITH_KNOTS('',3,(#15794,#15795,#15796,#15797,#15798,
#15799,#15800,#15801,#15802,#15803,#15804,#15805,#15806,#15807,#15808,#15809,
#15810,#15811,#15812,#15813,#15814,#15815,#15816,#15817,#15818,#15819,#15820,
#15821,#15822,#15823),.UNSPECIFIED.,.F.,.F.,(4,3,3,3,2,2,2,3,3,2,3,4),(0.,
0.150483508275618,0.228581462651675,0.300392408234054,0.39712197373008,
0.493851539226106,0.576143856140635,0.658436173055166,0.714954396489025,
0.778752732088602,0.84255106768818,1.),.UNSPECIFIED.);
#476=B_SPLINE_CURVE_WITH_KNOTS('',3,(#15892,#15893,#15894,#15895,#15896,
#15897,#15898,#15899,#15900,#15901,#15902,#15903,#15904,#15905,#15906,#15907,
#15908,#15909,#15910,#15911,#15912,#15913,#15914,#15915,#15916,#15917),
 .UNSPECIFIED.,.F.,.F.,(4,3,3,2,3,2,3,3,3,4),(0.,0.131441562946612,0.2281437613228,
0.292200769983029,0.383433479286992,0.498999573307629,0.658156387002717,
0.763777398472347,0.870611592053802,1.),.UNSPECIFIED.);
#477=B_SPLINE_CURVE_WITH_KNOTS('',3,(#15921,#15922,#15923,#15924,#15925,
#15926,#15927,#15928,#15929,#15930,#15931,#15932,#15933,#15934,#15935,#15936,
#15937,#15938,#15939,#15940,#15941,#15942,#15943,#15944,#15945,#15946,#15947,
#15948,#15949,#15950),.UNSPECIFIED.,.F.,.F.,(4,3,3,3,2,2,2,3,3,2,3,4),(0.,
0.150483508275618,0.228581462651675,0.300392408234054,0.39712197373008,
0.493851539226106,0.576143856140635,0.658436173055166,0.714954396489025,
0.778752732088602,0.84255106768818,1.),.UNSPECIFIED.);
#478=B_SPLINE_CURVE_WITH_KNOTS('',3,(#15982,#15983,#15984,#15985,#15986,
#15987,#15988,#15989,#15990,#15991,#15992,#15993,#15994,#15995,#15996,#15997,
#15998,#15999,#16000,#16001,#16002,#16003,#16004,#16005,#16006,#16007),
 .UNSPECIFIED.,.F.,.F.,(4,3,3,2,3,2,3,3,3,4),(0.,0.131441562946612,0.2281437613228,
0.292200769983029,0.383433479286992,0.498999573307629,0.658156387002717,
0.763777398472347,0.870611592053802,1.),.UNSPECIFIED.);
#479=B_SPLINE_CURVE_WITH_KNOTS('',3,(#16019,#16020,#16021,#16022,#16023,
#16024,#16025,#16026,#16027,#16028,#16029,#16030,#16031,#16032,#16033,#16034,
#16035,#16036,#16037,#16038,#16039,#16040,#16041,#16042,#16043,#16044,#16045,
#16046,#16047,#16048,#16049,#16050),.UNSPECIFIED.,.F.,.F.,(4,3,2,2,3,3,
3,2,3,2,3,2,4),(0.,0.0687780923338429,0.136509987624569,0.204241882915293,
0.285341915434451,0.352492819124265,0.413179023850526,0.513339378574064,
0.638539821978487,0.738078688213308,0.83761755444813,0.918808777224065,
1.),.UNSPECIFIED.);
#480=B_SPLINE_CURVE_WITH_KNOTS('',3,(#16054,#16055,#16056,#16057,#16058,
#16059,#16060,#16061,#16062,#16063,#16064,#16065,#16066,#16067,#16068,#16069,
#16070,#16071,#16072,#16073,#16074,#16075,#16076,#16077,#16078,#16079,#16080,
#16081),.UNSPECIFIED.,.F.,.F.,(4,3,2,3,2,2,2,3,2,3,2,4),(0.,0.0885223518796717,
0.168372879231631,0.276061205109962,0.379027756841326,0.481994308572689,
0.584265140359922,0.686535972147154,0.791012132524793,0.866234967996692,
0.933117483998346,1.),.UNSPECIFIED.);
#481=B_SPLINE_CURVE_WITH_KNOTS('',3,(#16183,#16184,#16185,#16186,#16187,
#16188,#16189),.UNSPECIFIED.,.F.,.F.,(4,3,4),(0.,0.181780594478507,1.),
 .UNSPECIFIED.);
#482=B_SPLINE_CURVE_WITH_KNOTS('',3,(#16191,#16192,#16193,#16194,#16195,
#16196,#16197),.UNSPECIFIED.,.F.,.F.,(4,3,4),(0.,0.818043739369047,1.),
 .UNSPECIFIED.);
#483=B_SPLINE_CURVE_WITH_KNOTS('',3,(#16326,#16327,#16328,#16329,#16330,
#16331,#16332,#16333,#16334,#16335,#16336,#16337,#16338,#16339,#16340,#16341,
#16342,#16343,#16344,#16345,#16346,#16347,#16348,#16349,#16350,#16351,#16352,
#16353,#16354,#16355,#16356,#16357),.UNSPECIFIED.,.F.,.F.,(4,3,2,2,3,3,
3,2,3,2,3,2,4),(0.,0.0687780923338429,0.136509987624569,0.204241882915293,
0.285341915434451,0.352492819124265,0.413179023850526,0.513339378574064,
0.638539821978487,0.738078688213308,0.83761755444813,0.918808777224065,
1.),.UNSPECIFIED.);
#484=B_SPLINE_CURVE_WITH_KNOTS('',3,(#16361,#16362,#16363,#16364,#16365,
#16366,#16367,#16368,#16369,#16370,#16371,#16372,#16373,#16374,#16375,#16376,
#16377,#16378,#16379,#16380,#16381,#16382,#16383,#16384,#16385,#16386,#16387,
#16388),.UNSPECIFIED.,.F.,.F.,(4,3,2,3,2,2,2,3,2,3,2,4),(0.,0.0885223518796717,
0.168372879231631,0.276061205109962,0.379027756841326,0.481994308572689,
0.584265140359922,0.686535972147154,0.791012132524793,0.866234967996692,
0.933117483998346,1.),.UNSPECIFIED.);
#485=B_SPLINE_CURVE_WITH_KNOTS('',3,(#16494,#16495,#16496,#16497,#16498,
#16499,#16500,#16501,#16502,#16503,#16504,#16505,#16506,#16507,#16508,#16509,
#16510,#16511,#16512,#16513,#16514,#16515,#16516,#16517),.UNSPECIFIED.,
 .T.,.F.,(4,2,2,3,2,3,3,2,3,4),(0.,0.118851847764535,0.237703695529069,
0.358997704549039,0.497761456647238,0.585477403569415,0.664475172145471,
0.743239814838567,0.854624158040924,1.),.UNSPECIFIED.);
#486=B_SPLINE_CURVE_WITH_KNOTS('',3,(#16519,#16520,#16521,#16522,#16523,
#16524,#16525,#16526,#16527,#16528,#16529,#16530,#16531,#16532,#16533,#16534,
#16535,#16536,#16537,#16538,#16539,#16540,#16541,#16542,#16543,#16544,#16545,
#16546,#16547),.UNSPECIFIED.,.T.,.F.,(4,3,2,3,2,2,3,2,2,3,3,4),(0.,0.133611248682486,
0.256239904868263,0.337023711549888,0.422131011907484,0.50723831226508,
0.594047758629829,0.673288594019846,0.752529429409863,0.837865713676037,
0.918370677468149,1.),.UNSPECIFIED.);
#487=B_SPLINE_CURVE_WITH_KNOTS('',3,(#16587,#16588,#16589,#16590,#16591,
#16592,#16593,#16594,#16595,#16596,#16597,#16598,#16599,#16600,#16601,#16602,
#16603,#16604,#16605,#16606,#16607,#16608,#16609,#16610),.UNSPECIFIED.,
 .T.,.F.,(4,2,2,3,2,3,3,2,3,4),(0.,0.118851847764535,0.237703695529069,
0.358997704549039,0.497761456647238,0.585477403569415,0.664475172145471,
0.743239814838567,0.854624158040924,1.),.UNSPECIFIED.);
#488=B_SPLINE_CURVE_WITH_KNOTS('',3,(#16619,#16620,#16621,#16622,#16623,
#16624,#16625),.UNSPECIFIED.,.F.,.F.,(4,3,4),(0.,0.181780594478507,1.),
 .UNSPECIFIED.);
#489=B_SPLINE_CURVE_WITH_KNOTS('',3,(#16627,#16628,#16629,#16630,#16631,
#16632,#16633),.UNSPECIFIED.,.F.,.F.,(4,3,4),(0.,0.818043739369046,1.),
 .UNSPECIFIED.);
#490=B_SPLINE_CURVE_WITH_KNOTS('',3,(#16721,#16722,#16723,#16724,#16725,
#16726,#16727,#16728,#16729,#16730,#16731,#16732,#16733,#16734,#16735,#16736,
#16737,#16738,#16739,#16740,#16741,#16742),.UNSPECIFIED.,.F.,.F.,(4,3,2,
3,2,3,2,3,4),(0.,0.229213736995435,0.315822845220103,0.402431953444771,
0.498595893667538,0.592756418468997,0.681754800182806,0.770753181896616,
1.),.UNSPECIFIED.);
#491=B_SPLINE_CURVE_WITH_KNOTS('',3,(#16746,#16747,#16748,#16749,#16750,
#16751,#16752,#16753,#16754,#16755,#16756,#16757,#16758,#16759,#16760,#16761,
#16762,#16763,#16764,#16765),.UNSPECIFIED.,.F.,.F.,(4,3,2,3,2,3,3,4),(0.,
0.272399297052942,0.348702517039873,0.425005737026804,0.48983379741045,
0.601185524657655,0.727572491437622,1.),.UNSPECIFIED.);
#492=B_SPLINE_CURVE_WITH_KNOTS('',3,(#16816,#16817,#16818,#16819,#16820,
#16821,#16822,#16823,#16824,#16825,#16826,#16827,#16828,#16829,#16830,#16831,
#16832,#16833,#16834,#16835,#16836,#16837,#16838,#16839,#16840,#16841),
 .UNSPECIFIED.,.F.,.F.,(4,3,3,2,3,2,3,3,3,4),(0.,0.131441562946612,0.2281437613228,
0.292200769983029,0.383433479286992,0.498999573307629,0.658156387002717,
0.763777398472347,0.870611592053802,1.),.UNSPECIFIED.);
#493=B_SPLINE_CURVE_WITH_KNOTS('',3,(#16845,#16846,#16847,#16848,#16849,
#16850,#16851,#16852,#16853,#16854,#16855,#16856,#16857,#16858,#16859,#16860,
#16861,#16862,#16863,#16864,#16865,#16866,#16867,#16868,#16869,#16870,#16871,
#16872,#16873,#16874),.UNSPECIFIED.,.F.,.F.,(4,3,3,3,2,2,2,3,3,2,3,4),(0.,
0.150483508275618,0.228581462651675,0.300392408234054,0.39712197373008,
0.493851539226106,0.576143856140635,0.658436173055166,0.714954396489025,
0.778752732088602,0.84255106768818,1.),.UNSPECIFIED.);
#494=B_SPLINE_CURVE_WITH_KNOTS('',3,(#16912,#16913,#16914,#16915,#16916,
#16917,#16918,#16919,#16920,#16921,#16922,#16923,#16924,#16925,#16926,#16927,
#16928,#16929,#16930,#16931,#16932,#16933,#16934,#16935,#16936,#16937),
 .UNSPECIFIED.,.F.,.F.,(4,3,3,2,3,2,3,3,3,4),(0.,0.131441562946612,0.2281437613228,
0.292200769983029,0.383433479286992,0.498999573307629,0.658156387002717,
0.763777398472347,0.870611592053802,1.),.UNSPECIFIED.);
#495=B_SPLINE_CURVE_WITH_KNOTS('',3,(#17019,#17020,#17021,#17022,#17023,
#17024,#17025,#17026,#17027,#17028,#17029,#17030,#17031,#17032,#17033,#17034,
#17035,#17036,#17037,#17038,#17039,#17040),.UNSPECIFIED.,.T.,.F.,(4,3,2,
2,2,3,3,3,4),(0.,0.126452588965607,0.251321879940824,0.3744806326835,0.497639385426177,
0.626482388295438,0.75382612142415,0.880183665501224,1.),.UNSPECIFIED.);
#496=B_SPLINE_CURVE_WITH_KNOTS('',3,(#17042,#17043,#17044,#17045,#17046,
#17047,#17048,#17049,#17050,#17051,#17052,#17053,#17054,#17055,#17056,#17057,
#17058,#17059,#17060,#17061,#17062,#17063,#17064,#17065),.UNSPECIFIED.,
 .T.,.F.,(4,3,3,2,2,2,3,2,3,4),(0.,0.0823760465489606,0.165765816867027,
0.247662002451396,0.374098218792172,0.50053443513295,0.626970651473727,
0.753342227558521,0.87687399294478,1.),.UNSPECIFIED.);
#497=B_SPLINE_CURVE_WITH_KNOTS('',3,(#17067,#17068,#17069,#17070,#17071,
#17072,#17073,#17074,#17075,#17076,#17077,#17078,#17079,#17080,#17081,#17082,
#17083,#17084,#17085,#17086,#17087),.UNSPECIFIED.,.F.,.F.,(4,3,2,3,2,2,
2,3,4),(0.,0.0997524444639372,0.195892162151109,0.339443247464831,0.492897337189237,
0.647531842988447,0.802166348787656,0.901472912144947,1.),.UNSPECIFIED.);
#498=B_SPLINE_CURVE_WITH_KNOTS('',3,(#17090,#17091,#17092,#17093,#17094,
#17095,#17096,#17097,#17098,#17099,#17100,#17101,#17102,#17103,#17104,#17105,
#17106,#17107,#17108,#17109),.UNSPECIFIED.,.F.,.F.,(4,2,2,3,2,2,2,3,4),
(0.,0.102106258474259,0.204212516948518,0.344745861945347,0.493486598937664,
0.641229075950167,0.78897155296267,0.899496459430041,1.),.UNSPECIFIED.);
#499=B_SPLINE_CURVE_WITH_KNOTS('',3,(#17158,#17159,#17160,#17161,#17162,
#17163,#17164,#17165,#17166,#17167,#17168,#17169,#17170,#17171,#17172,#17173,
#17174,#17175,#17176,#17177,#17178,#17179,#17180,#17181),.UNSPECIFIED.,
 .T.,.F.,(4,3,3,2,2,2,3,2,3,4),(0.,0.0823760465489606,0.165765816867027,
0.247662002451396,0.374098218792172,0.50053443513295,0.626970651473727,
0.753342227558521,0.87687399294478,1.),.UNSPECIFIED.);
#500=B_SPLINE_CURVE_WITH_KNOTS('',3,(#17201,#17202,#17203,#17204,#17205,
#17206,#17207,#17208,#17209,#17210,#17211,#17212,#17213,#17214,#17215,#17216,
#17217,#17218,#17219,#17220,#17221,#17222),.UNSPECIFIED.,.T.,.F.,(4,3,2,
2,2,3,3,3,4),(0.,0.126452588965607,0.251321879940824,0.3744806326835,0.497639385426177,
0.626482388295438,0.75382612142415,0.880183665501224,1.),.UNSPECIFIED.);
#501=B_SPLINE_CURVE_WITH_KNOTS('',3,(#17228,#17229,#17230,#17231,#17232,
#17233,#17234,#17235,#17236,#17237,#17238,#17239,#17240,#17241,#17242,#17243,
#17244,#17245,#17246,#17247),.UNSPECIFIED.,.F.,.F.,(4,3,3,2,2,3,3,4),(0.,
0.215335652562411,0.376253490377541,0.502920957792829,0.593189727674988,
0.683458497557145,0.786876217942638,1.),.UNSPECIFIED.);
#502=B_SPLINE_CURVE_WITH_KNOTS('',3,(#17251,#17252,#17253,#17254,#17255,
#17256,#17257,#17258,#17259,#17260,#17261,#17262,#17263,#17264,#17265,#17266,
#17267,#17268,#17269,#17270,#17271,#17272,#17273),.UNSPECIFIED.,.F.,.F.,
(4,3,3,3,3,2,2,3,4),(0.,0.21657840613922,0.304615986723782,0.381199540905808,
0.454146864045769,0.543544939860511,0.698179449377902,0.852813958895295,
1.),.UNSPECIFIED.);
#503=B_SPLINE_CURVE_WITH_KNOTS('',3,(#17331,#17332,#17333,#17334,#17335,
#17336,#17337,#17338,#17339,#17340,#17341,#17342,#17343,#17344,#17345,#17346,
#17347,#17348,#17349,#17350),.UNSPECIFIED.,.F.,.F.,(4,3,3,2,2,3,3,4),(0.,
0.215335652562411,0.376253490377541,0.502920957792829,0.593189727674988,
0.683458497557145,0.786876217942638,1.),.UNSPECIFIED.);
#504=B_SPLINE_CURVE_WITH_KNOTS('',3,(#17360,#17361,#17362,#17363,#17364,
#17365,#17366),.UNSPECIFIED.,.F.,.F.,(4,3,4),(0.,0.372347848908895,1.),
 .UNSPECIFIED.);
#505=B_SPLINE_CURVE_WITH_KNOTS('',3,(#17368,#17369,#17370,#17371,#17372,
#17373,#17374),.UNSPECIFIED.,.F.,.F.,(4,3,4),(0.,0.646895150569553,1.),
 .UNSPECIFIED.);
#506=B_SPLINE_CURVE_WITH_KNOTS('',3,(#17419,#17420,#17421,#17422,#17423,
#17424,#17425,#17426,#17427,#17428,#17429,#17430,#17431,#17432,#17433,#17434,
#17435,#17436,#17437,#17438,#17439,#17440,#17441,#17442,#17443,#17444,#17445),
 .UNSPECIFIED.,.F.,.F.,(4,3,3,3,3,2,3,3,3,4),(0.,0.13146321682839,0.228267304705245,
0.292562594670678,0.383553198755801,0.498109821272398,0.658286337711534,
0.763741156787933,0.870604932983775,1.),.UNSPECIFIED.);
#507=B_SPLINE_CURVE_WITH_KNOTS('',3,(#17449,#17450,#17451,#17452,#17453,
#17454,#17455,#17456,#17457,#17458,#17459,#17460,#17461,#17462,#17463,#17464,
#17465,#17466,#17467,#17468,#17469,#17470,#17471,#17472,#17473,#17474,#17475,
#17476,#17477,#17478,#17479),.UNSPECIFIED.,.F.,.F.,(4,3,3,3,3,2,2,3,3,2,
3,4),(0.,0.150474689558855,0.228611192523708,0.300486790688049,0.392310387096352,
0.490801421253432,0.574592301058709,0.658383180863986,0.715087056046554,
0.778817501332016,0.842547946617477,1.),.UNSPECIFIED.);
#508=B_SPLINE_CURVE_WITH_KNOTS('',3,(#17519,#17520,#17521,#17522,#17523,
#17524,#17525,#17526,#17527,#17528,#17529,#17530,#17531,#17532,#17533,#17534,
#17535,#17536,#17537,#17538,#17539,#17540,#17541,#17542,#17543,#17544,#17545),
 .UNSPECIFIED.,.F.,.F.,(4,3,3,3,3,2,3,3,3,4),(0.,0.13146321682839,0.228267304705245,
0.292562594670678,0.383553198755801,0.498109821272398,0.658286337711534,
0.763741156787933,0.870604932983775,1.),.UNSPECIFIED.);
#509=ORIENTED_EDGE('',*,*,#2931,.T.);
#510=ORIENTED_EDGE('',*,*,#2932,.T.);
#511=ORIENTED_EDGE('',*,*,#2933,.T.);
#512=ORIENTED_EDGE('',*,*,#2934,.T.);
#513=ORIENTED_EDGE('',*,*,#2935,.T.);
#514=ORIENTED_EDGE('',*,*,#2936,.T.);
#515=ORIENTED_EDGE('',*,*,#2937,.T.);
#516=ORIENTED_EDGE('',*,*,#2938,.T.);
#517=ORIENTED_EDGE('',*,*,#2939,.T.);
#518=ORIENTED_EDGE('',*,*,#2940,.T.);
#519=ORIENTED_EDGE('',*,*,#2941,.T.);
#520=ORIENTED_EDGE('',*,*,#2942,.T.);
#521=ORIENTED_EDGE('',*,*,#2943,.T.);
#522=ORIENTED_EDGE('',*,*,#2944,.T.);
#523=ORIENTED_EDGE('',*,*,#2945,.T.);
#524=ORIENTED_EDGE('',*,*,#2946,.T.);
#525=ORIENTED_EDGE('',*,*,#2947,.T.);
#526=ORIENTED_EDGE('',*,*,#2948,.T.);
#527=ORIENTED_EDGE('',*,*,#2949,.T.);
#528=ORIENTED_EDGE('',*,*,#2950,.T.);
#529=ORIENTED_EDGE('',*,*,#2951,.T.);
#530=ORIENTED_EDGE('',*,*,#2952,.T.);
#531=ORIENTED_EDGE('',*,*,#2953,.T.);
#532=ORIENTED_EDGE('',*,*,#2954,.T.);
#533=ORIENTED_EDGE('',*,*,#2955,.T.);
#534=ORIENTED_EDGE('',*,*,#2956,.T.);
#535=ORIENTED_EDGE('',*,*,#2957,.T.);
#536=ORIENTED_EDGE('',*,*,#2958,.T.);
#537=ORIENTED_EDGE('',*,*,#2959,.T.);
#538=ORIENTED_EDGE('',*,*,#2960,.T.);
#539=ORIENTED_EDGE('',*,*,#2961,.T.);
#540=ORIENTED_EDGE('',*,*,#2962,.T.);
#541=ORIENTED_EDGE('',*,*,#2963,.T.);
#542=ORIENTED_EDGE('',*,*,#2964,.T.);
#543=ORIENTED_EDGE('',*,*,#2965,.T.);
#544=ORIENTED_EDGE('',*,*,#2966,.T.);
#545=ORIENTED_EDGE('',*,*,#2967,.T.);
#546=ORIENTED_EDGE('',*,*,#2968,.T.);
#547=ORIENTED_EDGE('',*,*,#2969,.T.);
#548=ORIENTED_EDGE('',*,*,#2970,.F.);
#549=ORIENTED_EDGE('',*,*,#2971,.F.);
#550=ORIENTED_EDGE('',*,*,#2972,.F.);
#551=ORIENTED_EDGE('',*,*,#2973,.F.);
#552=ORIENTED_EDGE('',*,*,#2974,.T.);
#553=ORIENTED_EDGE('',*,*,#2975,.T.);
#554=ORIENTED_EDGE('',*,*,#2976,.T.);
#555=ORIENTED_EDGE('',*,*,#2977,.T.);
#556=ORIENTED_EDGE('',*,*,#2978,.T.);
#557=ORIENTED_EDGE('',*,*,#2979,.T.);
#558=ORIENTED_EDGE('',*,*,#2980,.T.);
#559=ORIENTED_EDGE('',*,*,#2981,.T.);
#560=ORIENTED_EDGE('',*,*,#2982,.T.);
#561=ORIENTED_EDGE('',*,*,#2983,.T.);
#562=ORIENTED_EDGE('',*,*,#2984,.T.);
#563=ORIENTED_EDGE('',*,*,#2985,.T.);
#564=ORIENTED_EDGE('',*,*,#2986,.T.);
#565=ORIENTED_EDGE('',*,*,#2987,.T.);
#566=ORIENTED_EDGE('',*,*,#2988,.T.);
#567=ORIENTED_EDGE('',*,*,#2989,.T.);
#568=ORIENTED_EDGE('',*,*,#2990,.T.);
#569=ORIENTED_EDGE('',*,*,#2991,.T.);
#570=ORIENTED_EDGE('',*,*,#2992,.T.);
#571=ORIENTED_EDGE('',*,*,#2993,.T.);
#572=ORIENTED_EDGE('',*,*,#2994,.T.);
#573=ORIENTED_EDGE('',*,*,#2995,.T.);
#574=ORIENTED_EDGE('',*,*,#2996,.T.);
#575=ORIENTED_EDGE('',*,*,#2997,.T.);
#576=ORIENTED_EDGE('',*,*,#2998,.T.);
#577=ORIENTED_EDGE('',*,*,#2999,.T.);
#578=ORIENTED_EDGE('',*,*,#3000,.T.);
#579=ORIENTED_EDGE('',*,*,#3001,.T.);
#580=ORIENTED_EDGE('',*,*,#3002,.T.);
#581=ORIENTED_EDGE('',*,*,#3003,.T.);
#582=ORIENTED_EDGE('',*,*,#3004,.T.);
#583=ORIENTED_EDGE('',*,*,#3005,.T.);
#584=ORIENTED_EDGE('',*,*,#3006,.T.);
#585=ORIENTED_EDGE('',*,*,#3007,.T.);
#586=ORIENTED_EDGE('',*,*,#3008,.T.);
#587=ORIENTED_EDGE('',*,*,#3009,.T.);
#588=ORIENTED_EDGE('',*,*,#3010,.T.);
#589=ORIENTED_EDGE('',*,*,#3011,.T.);
#590=ORIENTED_EDGE('',*,*,#3012,.T.);
#591=ORIENTED_EDGE('',*,*,#3013,.T.);
#592=ORIENTED_EDGE('',*,*,#3014,.T.);
#593=ORIENTED_EDGE('',*,*,#3015,.T.);
#594=ORIENTED_EDGE('',*,*,#3016,.T.);
#595=ORIENTED_EDGE('',*,*,#3017,.T.);
#596=ORIENTED_EDGE('',*,*,#3018,.T.);
#597=ORIENTED_EDGE('',*,*,#3019,.T.);
#598=ORIENTED_EDGE('',*,*,#3020,.T.);
#599=ORIENTED_EDGE('',*,*,#3021,.T.);
#600=ORIENTED_EDGE('',*,*,#3022,.T.);
#601=ORIENTED_EDGE('',*,*,#3023,.T.);
#602=ORIENTED_EDGE('',*,*,#3024,.T.);
#603=ORIENTED_EDGE('',*,*,#3025,.T.);
#604=ORIENTED_EDGE('',*,*,#3026,.T.);
#605=ORIENTED_EDGE('',*,*,#3027,.T.);
#606=ORIENTED_EDGE('',*,*,#3028,.T.);
#607=ORIENTED_EDGE('',*,*,#3029,.T.);
#608=ORIENTED_EDGE('',*,*,#3030,.T.);
#609=ORIENTED_EDGE('',*,*,#3031,.T.);
#610=ORIENTED_EDGE('',*,*,#3032,.T.);
#611=ORIENTED_EDGE('',*,*,#3033,.T.);
#612=ORIENTED_EDGE('',*,*,#3034,.T.);
#613=ORIENTED_EDGE('',*,*,#3035,.T.);
#614=ORIENTED_EDGE('',*,*,#3036,.T.);
#615=ORIENTED_EDGE('',*,*,#3037,.T.);
#616=ORIENTED_EDGE('',*,*,#3038,.T.);
#617=ORIENTED_EDGE('',*,*,#3039,.T.);
#618=ORIENTED_EDGE('',*,*,#3040,.T.);
#619=ORIENTED_EDGE('',*,*,#3041,.T.);
#620=ORIENTED_EDGE('',*,*,#3042,.T.);
#621=ORIENTED_EDGE('',*,*,#3043,.T.);
#622=ORIENTED_EDGE('',*,*,#3044,.T.);
#623=ORIENTED_EDGE('',*,*,#3045,.T.);
#624=ORIENTED_EDGE('',*,*,#3046,.T.);
#625=ORIENTED_EDGE('',*,*,#3047,.T.);
#626=ORIENTED_EDGE('',*,*,#3048,.T.);
#627=ORIENTED_EDGE('',*,*,#3049,.T.);
#628=ORIENTED_EDGE('',*,*,#3050,.T.);
#629=ORIENTED_EDGE('',*,*,#3051,.T.);
#630=ORIENTED_EDGE('',*,*,#3052,.T.);
#631=ORIENTED_EDGE('',*,*,#3053,.T.);
#632=ORIENTED_EDGE('',*,*,#3054,.T.);
#633=ORIENTED_EDGE('',*,*,#3055,.T.);
#634=ORIENTED_EDGE('',*,*,#3056,.T.);
#635=ORIENTED_EDGE('',*,*,#3057,.T.);
#636=ORIENTED_EDGE('',*,*,#3058,.T.);
#637=ORIENTED_EDGE('',*,*,#3059,.T.);
#638=ORIENTED_EDGE('',*,*,#3060,.T.);
#639=ORIENTED_EDGE('',*,*,#3061,.T.);
#640=ORIENTED_EDGE('',*,*,#3062,.T.);
#641=ORIENTED_EDGE('',*,*,#3063,.T.);
#642=ORIENTED_EDGE('',*,*,#3064,.T.);
#643=ORIENTED_EDGE('',*,*,#3065,.T.);
#644=ORIENTED_EDGE('',*,*,#3066,.T.);
#645=ORIENTED_EDGE('',*,*,#3067,.T.);
#646=ORIENTED_EDGE('',*,*,#3068,.T.);
#647=ORIENTED_EDGE('',*,*,#3069,.T.);
#648=ORIENTED_EDGE('',*,*,#3070,.T.);
#649=ORIENTED_EDGE('',*,*,#3071,.T.);
#650=ORIENTED_EDGE('',*,*,#3072,.T.);
#651=ORIENTED_EDGE('',*,*,#3073,.T.);
#652=ORIENTED_EDGE('',*,*,#3074,.T.);
#653=ORIENTED_EDGE('',*,*,#3075,.T.);
#654=ORIENTED_EDGE('',*,*,#3076,.T.);
#655=ORIENTED_EDGE('',*,*,#3077,.T.);
#656=ORIENTED_EDGE('',*,*,#3078,.T.);
#657=ORIENTED_EDGE('',*,*,#3079,.T.);
#658=ORIENTED_EDGE('',*,*,#3080,.T.);
#659=ORIENTED_EDGE('',*,*,#3081,.T.);
#660=ORIENTED_EDGE('',*,*,#3082,.T.);
#661=ORIENTED_EDGE('',*,*,#3083,.T.);
#662=ORIENTED_EDGE('',*,*,#3084,.T.);
#663=ORIENTED_EDGE('',*,*,#3085,.T.);
#664=ORIENTED_EDGE('',*,*,#3086,.T.);
#665=ORIENTED_EDGE('',*,*,#3087,.T.);
#666=ORIENTED_EDGE('',*,*,#3088,.T.);
#667=ORIENTED_EDGE('',*,*,#3089,.T.);
#668=ORIENTED_EDGE('',*,*,#3090,.T.);
#669=ORIENTED_EDGE('',*,*,#3091,.T.);
#670=ORIENTED_EDGE('',*,*,#3092,.F.);
#671=ORIENTED_EDGE('',*,*,#3043,.F.);
#672=ORIENTED_EDGE('',*,*,#3093,.T.);
#673=ORIENTED_EDGE('',*,*,#3094,.T.);
#674=ORIENTED_EDGE('',*,*,#3095,.F.);
#675=ORIENTED_EDGE('',*,*,#3044,.F.);
#676=ORIENTED_EDGE('',*,*,#3092,.T.);
#677=ORIENTED_EDGE('',*,*,#3096,.T.);
#678=ORIENTED_EDGE('',*,*,#3097,.F.);
#679=ORIENTED_EDGE('',*,*,#3045,.F.);
#680=ORIENTED_EDGE('',*,*,#3095,.T.);
#681=ORIENTED_EDGE('',*,*,#3098,.T.);
#682=ORIENTED_EDGE('',*,*,#3093,.F.);
#683=ORIENTED_EDGE('',*,*,#3046,.F.);
#684=ORIENTED_EDGE('',*,*,#3097,.T.);
#685=ORIENTED_EDGE('',*,*,#3099,.T.);
#686=ORIENTED_EDGE('',*,*,#3100,.T.);
#687=ORIENTED_EDGE('',*,*,#3101,.T.);
#688=ORIENTED_EDGE('',*,*,#3102,.T.);
#689=ORIENTED_EDGE('',*,*,#3091,.F.);
#690=ORIENTED_EDGE('',*,*,#3098,.F.);
#691=ORIENTED_EDGE('',*,*,#3096,.F.);
#692=ORIENTED_EDGE('',*,*,#3094,.F.);
#693=ORIENTED_EDGE('',*,*,#3103,.F.);
#694=ORIENTED_EDGE('',*,*,#3104,.F.);
#695=ORIENTED_EDGE('',*,*,#3105,.F.);
#696=ORIENTED_EDGE('',*,*,#3106,.F.);
#697=ORIENTED_EDGE('',*,*,#3041,.F.);
#698=ORIENTED_EDGE('',*,*,#3107,.F.);
#699=ORIENTED_EDGE('',*,*,#3106,.T.);
#700=ORIENTED_EDGE('',*,*,#3108,.T.);
#701=ORIENTED_EDGE('',*,*,#3042,.F.);
#702=ORIENTED_EDGE('',*,*,#3108,.F.);
#703=ORIENTED_EDGE('',*,*,#3105,.T.);
#704=ORIENTED_EDGE('',*,*,#3107,.T.);
#705=ORIENTED_EDGE('',*,*,#3109,.F.);
#706=ORIENTED_EDGE('',*,*,#3110,.F.);
#707=ORIENTED_EDGE('',*,*,#3104,.T.);
#708=ORIENTED_EDGE('',*,*,#3111,.T.);
#709=ORIENTED_EDGE('',*,*,#3112,.F.);
#710=ORIENTED_EDGE('',*,*,#3111,.F.);
#711=ORIENTED_EDGE('',*,*,#3103,.T.);
#712=ORIENTED_EDGE('',*,*,#3110,.T.);
#713=ORIENTED_EDGE('',*,*,#3109,.T.);
#714=ORIENTED_EDGE('',*,*,#3112,.T.);
#715=ORIENTED_EDGE('',*,*,#3113,.F.);
#716=ORIENTED_EDGE('',*,*,#3114,.F.);
#717=ORIENTED_EDGE('',*,*,#3115,.F.);
#718=ORIENTED_EDGE('',*,*,#3116,.F.);
#719=ORIENTED_EDGE('',*,*,#3117,.F.);
#720=ORIENTED_EDGE('',*,*,#3118,.F.);
#721=ORIENTED_EDGE('',*,*,#3119,.F.);
#722=ORIENTED_EDGE('',*,*,#3120,.F.);
#723=ORIENTED_EDGE('',*,*,#3034,.F.);
#724=ORIENTED_EDGE('',*,*,#3121,.F.);
#725=ORIENTED_EDGE('',*,*,#3113,.T.);
#726=ORIENTED_EDGE('',*,*,#3122,.T.);
#727=ORIENTED_EDGE('',*,*,#3035,.F.);
#728=ORIENTED_EDGE('',*,*,#3122,.F.);
#729=ORIENTED_EDGE('',*,*,#3120,.T.);
#730=ORIENTED_EDGE('',*,*,#3123,.T.);
#731=ORIENTED_EDGE('',*,*,#3036,.F.);
#732=ORIENTED_EDGE('',*,*,#3123,.F.);
#733=ORIENTED_EDGE('',*,*,#3119,.T.);
#734=ORIENTED_EDGE('',*,*,#3124,.T.);
#735=ORIENTED_EDGE('',*,*,#3037,.F.);
#736=ORIENTED_EDGE('',*,*,#3124,.F.);
#737=ORIENTED_EDGE('',*,*,#3118,.T.);
#738=ORIENTED_EDGE('',*,*,#3125,.T.);
#739=ORIENTED_EDGE('',*,*,#3038,.F.);
#740=ORIENTED_EDGE('',*,*,#3125,.F.);
#741=ORIENTED_EDGE('',*,*,#3117,.T.);
#742=ORIENTED_EDGE('',*,*,#3126,.T.);
#743=ORIENTED_EDGE('',*,*,#3039,.F.);
#744=ORIENTED_EDGE('',*,*,#3126,.F.);
#745=ORIENTED_EDGE('',*,*,#3116,.T.);
#746=ORIENTED_EDGE('',*,*,#3127,.T.);
#747=ORIENTED_EDGE('',*,*,#3040,.F.);
#748=ORIENTED_EDGE('',*,*,#3127,.F.);
#749=ORIENTED_EDGE('',*,*,#3115,.T.);
#750=ORIENTED_EDGE('',*,*,#3128,.T.);
#751=ORIENTED_EDGE('',*,*,#3033,.F.);
#752=ORIENTED_EDGE('',*,*,#3128,.F.);
#753=ORIENTED_EDGE('',*,*,#3114,.T.);
#754=ORIENTED_EDGE('',*,*,#3121,.T.);
#755=ORIENTED_EDGE('',*,*,#3129,.F.);
#756=ORIENTED_EDGE('',*,*,#3130,.F.);
#757=ORIENTED_EDGE('',*,*,#3131,.F.);
#758=ORIENTED_EDGE('',*,*,#3132,.F.);
#759=ORIENTED_EDGE('',*,*,#3133,.F.);
#760=ORIENTED_EDGE('',*,*,#3134,.F.);
#761=ORIENTED_EDGE('',*,*,#3135,.F.);
#762=ORIENTED_EDGE('',*,*,#3136,.F.);
#763=ORIENTED_EDGE('',*,*,#3137,.F.);
#764=ORIENTED_EDGE('',*,*,#3138,.F.);
#765=ORIENTED_EDGE('',*,*,#3024,.F.);
#766=ORIENTED_EDGE('',*,*,#3139,.F.);
#767=ORIENTED_EDGE('',*,*,#3129,.T.);
#768=ORIENTED_EDGE('',*,*,#3140,.T.);
#769=ORIENTED_EDGE('',*,*,#3025,.F.);
#770=ORIENTED_EDGE('',*,*,#3140,.F.);
#771=ORIENTED_EDGE('',*,*,#3138,.T.);
#772=ORIENTED_EDGE('',*,*,#3141,.T.);
#773=ORIENTED_EDGE('',*,*,#3026,.F.);
#774=ORIENTED_EDGE('',*,*,#3141,.F.);
#775=ORIENTED_EDGE('',*,*,#3137,.T.);
#776=ORIENTED_EDGE('',*,*,#3142,.T.);
#777=ORIENTED_EDGE('',*,*,#3027,.F.);
#778=ORIENTED_EDGE('',*,*,#3142,.F.);
#779=ORIENTED_EDGE('',*,*,#3136,.T.);
#780=ORIENTED_EDGE('',*,*,#3143,.T.);
#781=ORIENTED_EDGE('',*,*,#3028,.F.);
#782=ORIENTED_EDGE('',*,*,#3143,.F.);
#783=ORIENTED_EDGE('',*,*,#3135,.T.);
#784=ORIENTED_EDGE('',*,*,#3144,.T.);
#785=ORIENTED_EDGE('',*,*,#3029,.F.);
#786=ORIENTED_EDGE('',*,*,#3144,.F.);
#787=ORIENTED_EDGE('',*,*,#3134,.T.);
#788=ORIENTED_EDGE('',*,*,#3145,.T.);
#789=ORIENTED_EDGE('',*,*,#3030,.F.);
#790=ORIENTED_EDGE('',*,*,#3145,.F.);
#791=ORIENTED_EDGE('',*,*,#3133,.T.);
#792=ORIENTED_EDGE('',*,*,#3146,.T.);
#793=ORIENTED_EDGE('',*,*,#3031,.F.);
#794=ORIENTED_EDGE('',*,*,#3146,.F.);
#795=ORIENTED_EDGE('',*,*,#3132,.T.);
#796=ORIENTED_EDGE('',*,*,#3147,.T.);
#797=ORIENTED_EDGE('',*,*,#3032,.F.);
#798=ORIENTED_EDGE('',*,*,#3147,.F.);
#799=ORIENTED_EDGE('',*,*,#3131,.T.);
#800=ORIENTED_EDGE('',*,*,#3148,.T.);
#801=ORIENTED_EDGE('',*,*,#3023,.F.);
#802=ORIENTED_EDGE('',*,*,#3148,.F.);
#803=ORIENTED_EDGE('',*,*,#3130,.T.);
#804=ORIENTED_EDGE('',*,*,#3139,.T.);
#805=ORIENTED_EDGE('',*,*,#3149,.F.);
#806=ORIENTED_EDGE('',*,*,#3150,.F.);
#807=ORIENTED_EDGE('',*,*,#3151,.F.);
#808=ORIENTED_EDGE('',*,*,#3152,.F.);
#809=ORIENTED_EDGE('',*,*,#3153,.F.);
#810=ORIENTED_EDGE('',*,*,#3154,.F.);
#811=ORIENTED_EDGE('',*,*,#3155,.F.);
#812=ORIENTED_EDGE('',*,*,#3017,.F.);
#813=ORIENTED_EDGE('',*,*,#3156,.F.);
#814=ORIENTED_EDGE('',*,*,#3149,.T.);
#815=ORIENTED_EDGE('',*,*,#3157,.T.);
#816=ORIENTED_EDGE('',*,*,#3018,.F.);
#817=ORIENTED_EDGE('',*,*,#3157,.F.);
#818=ORIENTED_EDGE('',*,*,#3155,.T.);
#819=ORIENTED_EDGE('',*,*,#3158,.T.);
#820=ORIENTED_EDGE('',*,*,#3019,.F.);
#821=ORIENTED_EDGE('',*,*,#3158,.F.);
#822=ORIENTED_EDGE('',*,*,#3154,.T.);
#823=ORIENTED_EDGE('',*,*,#3159,.T.);
#824=ORIENTED_EDGE('',*,*,#3020,.F.);
#825=ORIENTED_EDGE('',*,*,#3159,.F.);
#826=ORIENTED_EDGE('',*,*,#3153,.T.);
#827=ORIENTED_EDGE('',*,*,#3160,.T.);
#828=ORIENTED_EDGE('',*,*,#3021,.F.);
#829=ORIENTED_EDGE('',*,*,#3160,.F.);
#830=ORIENTED_EDGE('',*,*,#3152,.T.);
#831=ORIENTED_EDGE('',*,*,#3161,.T.);
#832=ORIENTED_EDGE('',*,*,#3022,.F.);
#833=ORIENTED_EDGE('',*,*,#3161,.F.);
#834=ORIENTED_EDGE('',*,*,#3151,.T.);
#835=ORIENTED_EDGE('',*,*,#3162,.T.);
#836=ORIENTED_EDGE('',*,*,#3016,.F.);
#837=ORIENTED_EDGE('',*,*,#3162,.F.);
#838=ORIENTED_EDGE('',*,*,#3150,.T.);
#839=ORIENTED_EDGE('',*,*,#3156,.T.);
#840=ORIENTED_EDGE('',*,*,#3163,.F.);
#841=ORIENTED_EDGE('',*,*,#3164,.F.);
#842=ORIENTED_EDGE('',*,*,#3165,.F.);
#843=ORIENTED_EDGE('',*,*,#3166,.F.);
#844=ORIENTED_EDGE('',*,*,#3167,.F.);
#845=ORIENTED_EDGE('',*,*,#3168,.F.);
#846=ORIENTED_EDGE('',*,*,#3169,.F.);
#847=ORIENTED_EDGE('',*,*,#3170,.F.);
#848=ORIENTED_EDGE('',*,*,#3171,.F.);
#849=ORIENTED_EDGE('',*,*,#3172,.F.);
#850=ORIENTED_EDGE('',*,*,#3173,.F.);
#851=ORIENTED_EDGE('',*,*,#3174,.F.);
#852=ORIENTED_EDGE('',*,*,#3005,.F.);
#853=ORIENTED_EDGE('',*,*,#3175,.F.);
#854=ORIENTED_EDGE('',*,*,#3163,.T.);
#855=ORIENTED_EDGE('',*,*,#3176,.T.);
#856=ORIENTED_EDGE('',*,*,#3006,.F.);
#857=ORIENTED_EDGE('',*,*,#3176,.F.);
#858=ORIENTED_EDGE('',*,*,#3174,.T.);
#859=ORIENTED_EDGE('',*,*,#3177,.T.);
#860=ORIENTED_EDGE('',*,*,#3007,.F.);
#861=ORIENTED_EDGE('',*,*,#3177,.F.);
#862=ORIENTED_EDGE('',*,*,#3173,.T.);
#863=ORIENTED_EDGE('',*,*,#3178,.T.);
#864=ORIENTED_EDGE('',*,*,#3008,.F.);
#865=ORIENTED_EDGE('',*,*,#3178,.F.);
#866=ORIENTED_EDGE('',*,*,#3172,.T.);
#867=ORIENTED_EDGE('',*,*,#3179,.T.);
#868=ORIENTED_EDGE('',*,*,#3009,.F.);
#869=ORIENTED_EDGE('',*,*,#3179,.F.);
#870=ORIENTED_EDGE('',*,*,#3171,.T.);
#871=ORIENTED_EDGE('',*,*,#3180,.T.);
#872=ORIENTED_EDGE('',*,*,#3010,.F.);
#873=ORIENTED_EDGE('',*,*,#3180,.F.);
#874=ORIENTED_EDGE('',*,*,#3170,.T.);
#875=ORIENTED_EDGE('',*,*,#3181,.T.);
#876=ORIENTED_EDGE('',*,*,#3011,.F.);
#877=ORIENTED_EDGE('',*,*,#3181,.F.);
#878=ORIENTED_EDGE('',*,*,#3169,.T.);
#879=ORIENTED_EDGE('',*,*,#3182,.T.);
#880=ORIENTED_EDGE('',*,*,#3012,.F.);
#881=ORIENTED_EDGE('',*,*,#3182,.F.);
#882=ORIENTED_EDGE('',*,*,#3168,.T.);
#883=ORIENTED_EDGE('',*,*,#3183,.T.);
#884=ORIENTED_EDGE('',*,*,#3013,.F.);
#885=ORIENTED_EDGE('',*,*,#3183,.F.);
#886=ORIENTED_EDGE('',*,*,#3167,.T.);
#887=ORIENTED_EDGE('',*,*,#3184,.T.);
#888=ORIENTED_EDGE('',*,*,#3014,.F.);
#889=ORIENTED_EDGE('',*,*,#3184,.F.);
#890=ORIENTED_EDGE('',*,*,#3166,.T.);
#891=ORIENTED_EDGE('',*,*,#3185,.T.);
#892=ORIENTED_EDGE('',*,*,#3015,.F.);
#893=ORIENTED_EDGE('',*,*,#3185,.F.);
#894=ORIENTED_EDGE('',*,*,#3165,.T.);
#895=ORIENTED_EDGE('',*,*,#3186,.T.);
#896=ORIENTED_EDGE('',*,*,#3004,.F.);
#897=ORIENTED_EDGE('',*,*,#3186,.F.);
#898=ORIENTED_EDGE('',*,*,#3164,.T.);
#899=ORIENTED_EDGE('',*,*,#3175,.T.);
#900=ORIENTED_EDGE('',*,*,#3187,.F.);
#901=ORIENTED_EDGE('',*,*,#3188,.F.);
#902=ORIENTED_EDGE('',*,*,#3189,.F.);
#903=ORIENTED_EDGE('',*,*,#3190,.F.);
#904=ORIENTED_EDGE('',*,*,#3191,.F.);
#905=ORIENTED_EDGE('',*,*,#3192,.F.);
#906=ORIENTED_EDGE('',*,*,#3193,.F.);
#907=ORIENTED_EDGE('',*,*,#3194,.F.);
#908=ORIENTED_EDGE('',*,*,#3195,.F.);
#909=ORIENTED_EDGE('',*,*,#3196,.F.);
#910=ORIENTED_EDGE('',*,*,#2995,.F.);
#911=ORIENTED_EDGE('',*,*,#3197,.F.);
#912=ORIENTED_EDGE('',*,*,#3187,.T.);
#913=ORIENTED_EDGE('',*,*,#3198,.T.);
#914=ORIENTED_EDGE('',*,*,#2996,.F.);
#915=ORIENTED_EDGE('',*,*,#3198,.F.);
#916=ORIENTED_EDGE('',*,*,#3196,.T.);
#917=ORIENTED_EDGE('',*,*,#3199,.T.);
#918=ORIENTED_EDGE('',*,*,#2997,.F.);
#919=ORIENTED_EDGE('',*,*,#3199,.F.);
#920=ORIENTED_EDGE('',*,*,#3195,.T.);
#921=ORIENTED_EDGE('',*,*,#3200,.T.);
#922=ORIENTED_EDGE('',*,*,#2998,.F.);
#923=ORIENTED_EDGE('',*,*,#3200,.F.);
#924=ORIENTED_EDGE('',*,*,#3194,.T.);
#925=ORIENTED_EDGE('',*,*,#3201,.T.);
#926=ORIENTED_EDGE('',*,*,#2999,.F.);
#927=ORIENTED_EDGE('',*,*,#3201,.F.);
#928=ORIENTED_EDGE('',*,*,#3193,.T.);
#929=ORIENTED_EDGE('',*,*,#3202,.T.);
#930=ORIENTED_EDGE('',*,*,#3000,.F.);
#931=ORIENTED_EDGE('',*,*,#3202,.F.);
#932=ORIENTED_EDGE('',*,*,#3192,.T.);
#933=ORIENTED_EDGE('',*,*,#3203,.T.);
#934=ORIENTED_EDGE('',*,*,#3001,.F.);
#935=ORIENTED_EDGE('',*,*,#3203,.F.);
#936=ORIENTED_EDGE('',*,*,#3191,.T.);
#937=ORIENTED_EDGE('',*,*,#3204,.T.);
#938=ORIENTED_EDGE('',*,*,#3002,.F.);
#939=ORIENTED_EDGE('',*,*,#3204,.F.);
#940=ORIENTED_EDGE('',*,*,#3190,.T.);
#941=ORIENTED_EDGE('',*,*,#3205,.T.);
#942=ORIENTED_EDGE('',*,*,#3003,.F.);
#943=ORIENTED_EDGE('',*,*,#3205,.F.);
#944=ORIENTED_EDGE('',*,*,#3189,.T.);
#945=ORIENTED_EDGE('',*,*,#3206,.T.);
#946=ORIENTED_EDGE('',*,*,#2994,.F.);
#947=ORIENTED_EDGE('',*,*,#3206,.F.);
#948=ORIENTED_EDGE('',*,*,#3188,.T.);
#949=ORIENTED_EDGE('',*,*,#3197,.T.);
#950=ORIENTED_EDGE('',*,*,#3207,.F.);
#951=ORIENTED_EDGE('',*,*,#3208,.F.);
#952=ORIENTED_EDGE('',*,*,#3209,.F.);
#953=ORIENTED_EDGE('',*,*,#3210,.F.);
#954=ORIENTED_EDGE('',*,*,#3211,.F.);
#955=ORIENTED_EDGE('',*,*,#3212,.F.);
#956=ORIENTED_EDGE('',*,*,#3213,.F.);
#957=ORIENTED_EDGE('',*,*,#3214,.F.);
#958=ORIENTED_EDGE('',*,*,#2987,.F.);
#959=ORIENTED_EDGE('',*,*,#3215,.F.);
#960=ORIENTED_EDGE('',*,*,#3207,.T.);
#961=ORIENTED_EDGE('',*,*,#3216,.T.);
#962=ORIENTED_EDGE('',*,*,#2988,.F.);
#963=ORIENTED_EDGE('',*,*,#3216,.F.);
#964=ORIENTED_EDGE('',*,*,#3214,.T.);
#965=ORIENTED_EDGE('',*,*,#3217,.T.);
#966=ORIENTED_EDGE('',*,*,#2989,.F.);
#967=ORIENTED_EDGE('',*,*,#3217,.F.);
#968=ORIENTED_EDGE('',*,*,#3213,.T.);
#969=ORIENTED_EDGE('',*,*,#3218,.T.);
#970=ORIENTED_EDGE('',*,*,#2990,.F.);
#971=ORIENTED_EDGE('',*,*,#3218,.F.);
#972=ORIENTED_EDGE('',*,*,#3212,.T.);
#973=ORIENTED_EDGE('',*,*,#3219,.T.);
#974=ORIENTED_EDGE('',*,*,#2991,.F.);
#975=ORIENTED_EDGE('',*,*,#3219,.F.);
#976=ORIENTED_EDGE('',*,*,#3211,.T.);
#977=ORIENTED_EDGE('',*,*,#3220,.T.);
#978=ORIENTED_EDGE('',*,*,#2992,.F.);
#979=ORIENTED_EDGE('',*,*,#3220,.F.);
#980=ORIENTED_EDGE('',*,*,#3210,.T.);
#981=ORIENTED_EDGE('',*,*,#3221,.T.);
#982=ORIENTED_EDGE('',*,*,#2993,.F.);
#983=ORIENTED_EDGE('',*,*,#3221,.F.);
#984=ORIENTED_EDGE('',*,*,#3209,.T.);
#985=ORIENTED_EDGE('',*,*,#3222,.T.);
#986=ORIENTED_EDGE('',*,*,#2986,.F.);
#987=ORIENTED_EDGE('',*,*,#3222,.F.);
#988=ORIENTED_EDGE('',*,*,#3208,.T.);
#989=ORIENTED_EDGE('',*,*,#3215,.T.);
#990=ORIENTED_EDGE('',*,*,#3223,.F.);
#991=ORIENTED_EDGE('',*,*,#3224,.F.);
#992=ORIENTED_EDGE('',*,*,#3225,.F.);
#993=ORIENTED_EDGE('',*,*,#3226,.F.);
#994=ORIENTED_EDGE('',*,*,#2983,.F.);
#995=ORIENTED_EDGE('',*,*,#3227,.F.);
#996=ORIENTED_EDGE('',*,*,#3223,.T.);
#997=ORIENTED_EDGE('',*,*,#3228,.T.);
#998=ORIENTED_EDGE('',*,*,#2984,.F.);
#999=ORIENTED_EDGE('',*,*,#3228,.F.);
#1000=ORIENTED_EDGE('',*,*,#3226,.T.);
#1001=ORIENTED_EDGE('',*,*,#3229,.T.);
#1002=ORIENTED_EDGE('',*,*,#2985,.F.);
#1003=ORIENTED_EDGE('',*,*,#3229,.F.);
#1004=ORIENTED_EDGE('',*,*,#3225,.T.);
#1005=ORIENTED_EDGE('',*,*,#3230,.T.);
#1006=ORIENTED_EDGE('',*,*,#2982,.F.);
#1007=ORIENTED_EDGE('',*,*,#3230,.F.);
#1008=ORIENTED_EDGE('',*,*,#3224,.T.);
#1009=ORIENTED_EDGE('',*,*,#3227,.T.);
#1010=ORIENTED_EDGE('',*,*,#3231,.F.);
#1011=ORIENTED_EDGE('',*,*,#3232,.F.);
#1012=ORIENTED_EDGE('',*,*,#3233,.F.);
#1013=ORIENTED_EDGE('',*,*,#3234,.F.);
#1014=ORIENTED_EDGE('',*,*,#3235,.F.);
#1015=ORIENTED_EDGE('',*,*,#3236,.F.);
#1016=ORIENTED_EDGE('',*,*,#3237,.F.);
#1017=ORIENTED_EDGE('',*,*,#3238,.F.);
#1018=ORIENTED_EDGE('',*,*,#2975,.F.);
#1019=ORIENTED_EDGE('',*,*,#3239,.F.);
#1020=ORIENTED_EDGE('',*,*,#3231,.T.);
#1021=ORIENTED_EDGE('',*,*,#3240,.T.);
#1022=ORIENTED_EDGE('',*,*,#2976,.F.);
#1023=ORIENTED_EDGE('',*,*,#3240,.F.);
#1024=ORIENTED_EDGE('',*,*,#3238,.T.);
#1025=ORIENTED_EDGE('',*,*,#3241,.T.);
#1026=ORIENTED_EDGE('',*,*,#2977,.F.);
#1027=ORIENTED_EDGE('',*,*,#3241,.F.);
#1028=ORIENTED_EDGE('',*,*,#3237,.T.);
#1029=ORIENTED_EDGE('',*,*,#3242,.T.);
#1030=ORIENTED_EDGE('',*,*,#2978,.F.);
#1031=ORIENTED_EDGE('',*,*,#3242,.F.);
#1032=ORIENTED_EDGE('',*,*,#3236,.T.);
#1033=ORIENTED_EDGE('',*,*,#3243,.T.);
#1034=ORIENTED_EDGE('',*,*,#2979,.F.);
#1035=ORIENTED_EDGE('',*,*,#3243,.F.);
#1036=ORIENTED_EDGE('',*,*,#3235,.T.);
#1037=ORIENTED_EDGE('',*,*,#3244,.T.);
#1038=ORIENTED_EDGE('',*,*,#2980,.F.);
#1039=ORIENTED_EDGE('',*,*,#3244,.F.);
#1040=ORIENTED_EDGE('',*,*,#3234,.T.);
#1041=ORIENTED_EDGE('',*,*,#3245,.T.);
#1042=ORIENTED_EDGE('',*,*,#2981,.F.);
#1043=ORIENTED_EDGE('',*,*,#3245,.F.);
#1044=ORIENTED_EDGE('',*,*,#3233,.T.);
#1045=ORIENTED_EDGE('',*,*,#3246,.T.);
#1046=ORIENTED_EDGE('',*,*,#2974,.F.);
#1047=ORIENTED_EDGE('',*,*,#3246,.F.);
#1048=ORIENTED_EDGE('',*,*,#3232,.T.);
#1049=ORIENTED_EDGE('',*,*,#3239,.T.);
#1050=ORIENTED_EDGE('',*,*,#3247,.F.);
#1051=ORIENTED_EDGE('',*,*,#3248,.F.);
#1052=ORIENTED_EDGE('',*,*,#3248,.T.);
#1053=ORIENTED_EDGE('',*,*,#3047,.F.);
#1054=ORIENTED_EDGE('',*,*,#3247,.T.);
#1055=ORIENTED_EDGE('',*,*,#3249,.F.);
#1056=ORIENTED_EDGE('',*,*,#3249,.T.);
#1057=ORIENTED_EDGE('',*,*,#3250,.F.);
#1058=ORIENTED_EDGE('',*,*,#3251,.F.);
#1059=ORIENTED_EDGE('',*,*,#3252,.F.);
#1060=ORIENTED_EDGE('',*,*,#3253,.F.);
#1061=ORIENTED_EDGE('',*,*,#3254,.F.);
#1062=ORIENTED_EDGE('',*,*,#3255,.F.);
#1063=ORIENTED_EDGE('',*,*,#3256,.F.);
#1064=ORIENTED_EDGE('',*,*,#3049,.F.);
#1065=ORIENTED_EDGE('',*,*,#3257,.F.);
#1066=ORIENTED_EDGE('',*,*,#3250,.T.);
#1067=ORIENTED_EDGE('',*,*,#3258,.T.);
#1068=ORIENTED_EDGE('',*,*,#3050,.F.);
#1069=ORIENTED_EDGE('',*,*,#3258,.F.);
#1070=ORIENTED_EDGE('',*,*,#3256,.T.);
#1071=ORIENTED_EDGE('',*,*,#3259,.T.);
#1072=ORIENTED_EDGE('',*,*,#3051,.F.);
#1073=ORIENTED_EDGE('',*,*,#3259,.F.);
#1074=ORIENTED_EDGE('',*,*,#3255,.T.);
#1075=ORIENTED_EDGE('',*,*,#3260,.T.);
#1076=ORIENTED_EDGE('',*,*,#3052,.F.);
#1077=ORIENTED_EDGE('',*,*,#3260,.F.);
#1078=ORIENTED_EDGE('',*,*,#3254,.T.);
#1079=ORIENTED_EDGE('',*,*,#3261,.T.);
#1080=ORIENTED_EDGE('',*,*,#3053,.F.);
#1081=ORIENTED_EDGE('',*,*,#3261,.F.);
#1082=ORIENTED_EDGE('',*,*,#3253,.T.);
#1083=ORIENTED_EDGE('',*,*,#3262,.T.);
#1084=ORIENTED_EDGE('',*,*,#3054,.F.);
#1085=ORIENTED_EDGE('',*,*,#3262,.F.);
#1086=ORIENTED_EDGE('',*,*,#3252,.T.);
#1087=ORIENTED_EDGE('',*,*,#3263,.T.);
#1088=ORIENTED_EDGE('',*,*,#3048,.F.);
#1089=ORIENTED_EDGE('',*,*,#3263,.F.);
#1090=ORIENTED_EDGE('',*,*,#3251,.T.);
#1091=ORIENTED_EDGE('',*,*,#3257,.T.);
#1092=ORIENTED_EDGE('',*,*,#3264,.F.);
#1093=ORIENTED_EDGE('',*,*,#3265,.F.);
#1094=ORIENTED_EDGE('',*,*,#3266,.F.);
#1095=ORIENTED_EDGE('',*,*,#3267,.F.);
#1096=ORIENTED_EDGE('',*,*,#3268,.F.);
#1097=ORIENTED_EDGE('',*,*,#3269,.F.);
#1098=ORIENTED_EDGE('',*,*,#3270,.F.);
#1099=ORIENTED_EDGE('',*,*,#3271,.F.);
#1100=ORIENTED_EDGE('',*,*,#3272,.F.);
#1101=ORIENTED_EDGE('',*,*,#3273,.F.);
#1102=ORIENTED_EDGE('',*,*,#3274,.F.);
#1103=ORIENTED_EDGE('',*,*,#3275,.F.);
#1104=ORIENTED_EDGE('',*,*,#3056,.F.);
#1105=ORIENTED_EDGE('',*,*,#3276,.F.);
#1106=ORIENTED_EDGE('',*,*,#3264,.T.);
#1107=ORIENTED_EDGE('',*,*,#3277,.T.);
#1108=ORIENTED_EDGE('',*,*,#3057,.F.);
#1109=ORIENTED_EDGE('',*,*,#3277,.F.);
#1110=ORIENTED_EDGE('',*,*,#3275,.T.);
#1111=ORIENTED_EDGE('',*,*,#3278,.T.);
#1112=ORIENTED_EDGE('',*,*,#3058,.F.);
#1113=ORIENTED_EDGE('',*,*,#3278,.F.);
#1114=ORIENTED_EDGE('',*,*,#3274,.T.);
#1115=ORIENTED_EDGE('',*,*,#3279,.T.);
#1116=ORIENTED_EDGE('',*,*,#3059,.F.);
#1117=ORIENTED_EDGE('',*,*,#3279,.F.);
#1118=ORIENTED_EDGE('',*,*,#3273,.T.);
#1119=ORIENTED_EDGE('',*,*,#3280,.T.);
#1120=ORIENTED_EDGE('',*,*,#3060,.F.);
#1121=ORIENTED_EDGE('',*,*,#3280,.F.);
#1122=ORIENTED_EDGE('',*,*,#3272,.T.);
#1123=ORIENTED_EDGE('',*,*,#3281,.T.);
#1124=ORIENTED_EDGE('',*,*,#3061,.F.);
#1125=ORIENTED_EDGE('',*,*,#3281,.F.);
#1126=ORIENTED_EDGE('',*,*,#3271,.T.);
#1127=ORIENTED_EDGE('',*,*,#3282,.T.);
#1128=ORIENTED_EDGE('',*,*,#3062,.F.);
#1129=ORIENTED_EDGE('',*,*,#3282,.F.);
#1130=ORIENTED_EDGE('',*,*,#3270,.T.);
#1131=ORIENTED_EDGE('',*,*,#3283,.T.);
#1132=ORIENTED_EDGE('',*,*,#3063,.F.);
#1133=ORIENTED_EDGE('',*,*,#3283,.F.);
#1134=ORIENTED_EDGE('',*,*,#3269,.T.);
#1135=ORIENTED_EDGE('',*,*,#3284,.T.);
#1136=ORIENTED_EDGE('',*,*,#3064,.F.);
#1137=ORIENTED_EDGE('',*,*,#3284,.F.);
#1138=ORIENTED_EDGE('',*,*,#3268,.T.);
#1139=ORIENTED_EDGE('',*,*,#3285,.T.);
#1140=ORIENTED_EDGE('',*,*,#3065,.F.);
#1141=ORIENTED_EDGE('',*,*,#3285,.F.);
#1142=ORIENTED_EDGE('',*,*,#3267,.T.);
#1143=ORIENTED_EDGE('',*,*,#3286,.T.);
#1144=ORIENTED_EDGE('',*,*,#3066,.F.);
#1145=ORIENTED_EDGE('',*,*,#3286,.F.);
#1146=ORIENTED_EDGE('',*,*,#3266,.T.);
#1147=ORIENTED_EDGE('',*,*,#3287,.T.);
#1148=ORIENTED_EDGE('',*,*,#3055,.F.);
#1149=ORIENTED_EDGE('',*,*,#3287,.F.);
#1150=ORIENTED_EDGE('',*,*,#3265,.T.);
#1151=ORIENTED_EDGE('',*,*,#3276,.T.);
#1152=ORIENTED_EDGE('',*,*,#3288,.F.);
#1153=ORIENTED_EDGE('',*,*,#3289,.F.);
#1154=ORIENTED_EDGE('',*,*,#3290,.F.);
#1155=ORIENTED_EDGE('',*,*,#3291,.F.);
#1156=ORIENTED_EDGE('',*,*,#3068,.F.);
#1157=ORIENTED_EDGE('',*,*,#3292,.F.);
#1158=ORIENTED_EDGE('',*,*,#3288,.T.);
#1159=ORIENTED_EDGE('',*,*,#3293,.T.);
#1160=ORIENTED_EDGE('',*,*,#3069,.F.);
#1161=ORIENTED_EDGE('',*,*,#3293,.F.);
#1162=ORIENTED_EDGE('',*,*,#3291,.T.);
#1163=ORIENTED_EDGE('',*,*,#3294,.T.);
#1164=ORIENTED_EDGE('',*,*,#3070,.F.);
#1165=ORIENTED_EDGE('',*,*,#3294,.F.);
#1166=ORIENTED_EDGE('',*,*,#3290,.T.);
#1167=ORIENTED_EDGE('',*,*,#3295,.T.);
#1168=ORIENTED_EDGE('',*,*,#3067,.F.);
#1169=ORIENTED_EDGE('',*,*,#3295,.F.);
#1170=ORIENTED_EDGE('',*,*,#3289,.T.);
#1171=ORIENTED_EDGE('',*,*,#3292,.T.);
#1172=ORIENTED_EDGE('',*,*,#3296,.F.);
#1173=ORIENTED_EDGE('',*,*,#3297,.F.);
#1174=ORIENTED_EDGE('',*,*,#3298,.F.);
#1175=ORIENTED_EDGE('',*,*,#3299,.F.);
#1176=ORIENTED_EDGE('',*,*,#3072,.F.);
#1177=ORIENTED_EDGE('',*,*,#3300,.F.);
#1178=ORIENTED_EDGE('',*,*,#3298,.T.);
#1179=ORIENTED_EDGE('',*,*,#3301,.T.);
#1180=ORIENTED_EDGE('',*,*,#3071,.F.);
#1181=ORIENTED_EDGE('',*,*,#3301,.F.);
#1182=ORIENTED_EDGE('',*,*,#3299,.T.);
#1183=ORIENTED_EDGE('',*,*,#3300,.T.);
#1184=ORIENTED_EDGE('',*,*,#3302,.F.);
#1185=ORIENTED_EDGE('',*,*,#3303,.F.);
#1186=ORIENTED_EDGE('',*,*,#3296,.T.);
#1187=ORIENTED_EDGE('',*,*,#3304,.T.);
#1188=ORIENTED_EDGE('',*,*,#3305,.F.);
#1189=ORIENTED_EDGE('',*,*,#3304,.F.);
#1190=ORIENTED_EDGE('',*,*,#3297,.T.);
#1191=ORIENTED_EDGE('',*,*,#3303,.T.);
#1192=ORIENTED_EDGE('',*,*,#3305,.T.);
#1193=ORIENTED_EDGE('',*,*,#3302,.T.);
#1194=ORIENTED_EDGE('',*,*,#3306,.F.);
#1195=ORIENTED_EDGE('',*,*,#3307,.F.);
#1196=ORIENTED_EDGE('',*,*,#3308,.F.);
#1197=ORIENTED_EDGE('',*,*,#3309,.F.);
#1198=ORIENTED_EDGE('',*,*,#3074,.F.);
#1199=ORIENTED_EDGE('',*,*,#3310,.F.);
#1200=ORIENTED_EDGE('',*,*,#3306,.T.);
#1201=ORIENTED_EDGE('',*,*,#3311,.T.);
#1202=ORIENTED_EDGE('',*,*,#3075,.F.);
#1203=ORIENTED_EDGE('',*,*,#3311,.F.);
#1204=ORIENTED_EDGE('',*,*,#3309,.T.);
#1205=ORIENTED_EDGE('',*,*,#3312,.T.);
#1206=ORIENTED_EDGE('',*,*,#3076,.F.);
#1207=ORIENTED_EDGE('',*,*,#3312,.F.);
#1208=ORIENTED_EDGE('',*,*,#3308,.T.);
#1209=ORIENTED_EDGE('',*,*,#3313,.T.);
#1210=ORIENTED_EDGE('',*,*,#3073,.F.);
#1211=ORIENTED_EDGE('',*,*,#3313,.F.);
#1212=ORIENTED_EDGE('',*,*,#3307,.T.);
#1213=ORIENTED_EDGE('',*,*,#3310,.T.);
#1214=ORIENTED_EDGE('',*,*,#3314,.F.);
#1215=ORIENTED_EDGE('',*,*,#3315,.F.);
#1216=ORIENTED_EDGE('',*,*,#3316,.F.);
#1217=ORIENTED_EDGE('',*,*,#3317,.F.);
#1218=ORIENTED_EDGE('',*,*,#3078,.F.);
#1219=ORIENTED_EDGE('',*,*,#3318,.F.);
#1220=ORIENTED_EDGE('',*,*,#3314,.T.);
#1221=ORIENTED_EDGE('',*,*,#3319,.T.);
#1222=ORIENTED_EDGE('',*,*,#3079,.F.);
#1223=ORIENTED_EDGE('',*,*,#3319,.F.);
#1224=ORIENTED_EDGE('',*,*,#3317,.T.);
#1225=ORIENTED_EDGE('',*,*,#3320,.T.);
#1226=ORIENTED_EDGE('',*,*,#3080,.F.);
#1227=ORIENTED_EDGE('',*,*,#3320,.F.);
#1228=ORIENTED_EDGE('',*,*,#3316,.T.);
#1229=ORIENTED_EDGE('',*,*,#3321,.T.);
#1230=ORIENTED_EDGE('',*,*,#3077,.F.);
#1231=ORIENTED_EDGE('',*,*,#3321,.F.);
#1232=ORIENTED_EDGE('',*,*,#3315,.T.);
#1233=ORIENTED_EDGE('',*,*,#3318,.T.);
#1234=ORIENTED_EDGE('',*,*,#3322,.F.);
#1235=ORIENTED_EDGE('',*,*,#3323,.F.);
#1236=ORIENTED_EDGE('',*,*,#3324,.F.);
#1237=ORIENTED_EDGE('',*,*,#3325,.F.);
#1238=ORIENTED_EDGE('',*,*,#3326,.F.);
#1239=ORIENTED_EDGE('',*,*,#3327,.F.);
#1240=ORIENTED_EDGE('',*,*,#3328,.F.);
#1241=ORIENTED_EDGE('',*,*,#3329,.F.);
#1242=ORIENTED_EDGE('',*,*,#3330,.F.);
#1243=ORIENTED_EDGE('',*,*,#3331,.F.);
#1244=ORIENTED_EDGE('',*,*,#3082,.F.);
#1245=ORIENTED_EDGE('',*,*,#3332,.F.);
#1246=ORIENTED_EDGE('',*,*,#3322,.T.);
#1247=ORIENTED_EDGE('',*,*,#3333,.T.);
#1248=ORIENTED_EDGE('',*,*,#3083,.F.);
#1249=ORIENTED_EDGE('',*,*,#3333,.F.);
#1250=ORIENTED_EDGE('',*,*,#3331,.T.);
#1251=ORIENTED_EDGE('',*,*,#3334,.T.);
#1252=ORIENTED_EDGE('',*,*,#3084,.F.);
#1253=ORIENTED_EDGE('',*,*,#3334,.F.);
#1254=ORIENTED_EDGE('',*,*,#3330,.T.);
#1255=ORIENTED_EDGE('',*,*,#3335,.T.);
#1256=ORIENTED_EDGE('',*,*,#3085,.F.);
#1257=ORIENTED_EDGE('',*,*,#3335,.F.);
#1258=ORIENTED_EDGE('',*,*,#3329,.T.);
#1259=ORIENTED_EDGE('',*,*,#3336,.T.);
#1260=ORIENTED_EDGE('',*,*,#3086,.F.);
#1261=ORIENTED_EDGE('',*,*,#3336,.F.);
#1262=ORIENTED_EDGE('',*,*,#3328,.T.);
#1263=ORIENTED_EDGE('',*,*,#3337,.T.);
#1264=ORIENTED_EDGE('',*,*,#3087,.F.);
#1265=ORIENTED_EDGE('',*,*,#3337,.F.);
#1266=ORIENTED_EDGE('',*,*,#3327,.T.);
#1267=ORIENTED_EDGE('',*,*,#3338,.T.);
#1268=ORIENTED_EDGE('',*,*,#3088,.F.);
#1269=ORIENTED_EDGE('',*,*,#3338,.F.);
#1270=ORIENTED_EDGE('',*,*,#3326,.T.);
#1271=ORIENTED_EDGE('',*,*,#3339,.T.);
#1272=ORIENTED_EDGE('',*,*,#3089,.F.);
#1273=ORIENTED_EDGE('',*,*,#3339,.F.);
#1274=ORIENTED_EDGE('',*,*,#3325,.T.);
#1275=ORIENTED_EDGE('',*,*,#3340,.T.);
#1276=ORIENTED_EDGE('',*,*,#3090,.F.);
#1277=ORIENTED_EDGE('',*,*,#3340,.F.);
#1278=ORIENTED_EDGE('',*,*,#3324,.T.);
#1279=ORIENTED_EDGE('',*,*,#3341,.T.);
#1280=ORIENTED_EDGE('',*,*,#3081,.F.);
#1281=ORIENTED_EDGE('',*,*,#3341,.F.);
#1282=ORIENTED_EDGE('',*,*,#3323,.T.);
#1283=ORIENTED_EDGE('',*,*,#3332,.T.);
#1284=ORIENTED_EDGE('',*,*,#2973,.T.);
#1285=ORIENTED_EDGE('',*,*,#3102,.F.);
#1286=ORIENTED_EDGE('',*,*,#2972,.T.);
#1287=ORIENTED_EDGE('',*,*,#3101,.F.);
#1288=ORIENTED_EDGE('',*,*,#2971,.T.);
#1289=ORIENTED_EDGE('',*,*,#3100,.F.);
#1290=ORIENTED_EDGE('',*,*,#2970,.T.);
#1291=ORIENTED_EDGE('',*,*,#3099,.F.);
#1292=ORIENTED_EDGE('',*,*,#3342,.F.);
#1293=ORIENTED_EDGE('',*,*,#3343,.F.);
#1294=ORIENTED_EDGE('',*,*,#3344,.F.);
#1295=ORIENTED_EDGE('',*,*,#3345,.F.);
#1296=ORIENTED_EDGE('',*,*,#2968,.F.);
#1297=ORIENTED_EDGE('',*,*,#3346,.F.);
#1298=ORIENTED_EDGE('',*,*,#3345,.T.);
#1299=ORIENTED_EDGE('',*,*,#3347,.T.);
#1300=ORIENTED_EDGE('',*,*,#2969,.F.);
#1301=ORIENTED_EDGE('',*,*,#3347,.F.);
#1302=ORIENTED_EDGE('',*,*,#3344,.T.);
#1303=ORIENTED_EDGE('',*,*,#3346,.T.);
#1304=ORIENTED_EDGE('',*,*,#3343,.T.);
#1305=ORIENTED_EDGE('',*,*,#3348,.F.);
#1306=ORIENTED_EDGE('',*,*,#3342,.T.);
#1307=ORIENTED_EDGE('',*,*,#3349,.F.);
#1308=ORIENTED_EDGE('',*,*,#3350,.F.);
#1309=ORIENTED_EDGE('',*,*,#3351,.F.);
#1310=ORIENTED_EDGE('',*,*,#3352,.F.);
#1311=ORIENTED_EDGE('',*,*,#3353,.F.);
#1312=ORIENTED_EDGE('',*,*,#3354,.F.);
#1313=ORIENTED_EDGE('',*,*,#3355,.F.);
#1314=ORIENTED_EDGE('',*,*,#2964,.F.);
#1315=ORIENTED_EDGE('',*,*,#3356,.F.);
#1316=ORIENTED_EDGE('',*,*,#3352,.T.);
#1317=ORIENTED_EDGE('',*,*,#3357,.T.);
#1318=ORIENTED_EDGE('',*,*,#2965,.F.);
#1319=ORIENTED_EDGE('',*,*,#3357,.F.);
#1320=ORIENTED_EDGE('',*,*,#3355,.T.);
#1321=ORIENTED_EDGE('',*,*,#3358,.T.);
#1322=ORIENTED_EDGE('',*,*,#2966,.F.);
#1323=ORIENTED_EDGE('',*,*,#3358,.F.);
#1324=ORIENTED_EDGE('',*,*,#3354,.T.);
#1325=ORIENTED_EDGE('',*,*,#3359,.T.);
#1326=ORIENTED_EDGE('',*,*,#2967,.F.);
#1327=ORIENTED_EDGE('',*,*,#3359,.F.);
#1328=ORIENTED_EDGE('',*,*,#3353,.T.);
#1329=ORIENTED_EDGE('',*,*,#3356,.T.);
#1330=ORIENTED_EDGE('',*,*,#3360,.F.);
#1331=ORIENTED_EDGE('',*,*,#3361,.F.);
#1332=ORIENTED_EDGE('',*,*,#3350,.T.);
#1333=ORIENTED_EDGE('',*,*,#3362,.T.);
#1334=ORIENTED_EDGE('',*,*,#3363,.F.);
#1335=ORIENTED_EDGE('',*,*,#3362,.F.);
#1336=ORIENTED_EDGE('',*,*,#3351,.T.);
#1337=ORIENTED_EDGE('',*,*,#3361,.T.);
#1338=ORIENTED_EDGE('',*,*,#3360,.T.);
#1339=ORIENTED_EDGE('',*,*,#3363,.T.);
#1340=ORIENTED_EDGE('',*,*,#3364,.F.);
#1341=ORIENTED_EDGE('',*,*,#3365,.F.);
#1342=ORIENTED_EDGE('',*,*,#3366,.F.);
#1343=ORIENTED_EDGE('',*,*,#3367,.F.);
#1344=ORIENTED_EDGE('',*,*,#3368,.F.);
#1345=ORIENTED_EDGE('',*,*,#3369,.F.);
#1346=ORIENTED_EDGE('',*,*,#3370,.F.);
#1347=ORIENTED_EDGE('',*,*,#3371,.F.);
#1348=ORIENTED_EDGE('',*,*,#3372,.F.);
#1349=ORIENTED_EDGE('',*,*,#2955,.F.);
#1350=ORIENTED_EDGE('',*,*,#3373,.F.);
#1351=ORIENTED_EDGE('',*,*,#3364,.T.);
#1352=ORIENTED_EDGE('',*,*,#3374,.T.);
#1353=ORIENTED_EDGE('',*,*,#2956,.F.);
#1354=ORIENTED_EDGE('',*,*,#3374,.F.);
#1355=ORIENTED_EDGE('',*,*,#3372,.T.);
#1356=ORIENTED_EDGE('',*,*,#3375,.T.);
#1357=ORIENTED_EDGE('',*,*,#2957,.F.);
#1358=ORIENTED_EDGE('',*,*,#3375,.F.);
#1359=ORIENTED_EDGE('',*,*,#3371,.T.);
#1360=ORIENTED_EDGE('',*,*,#3376,.T.);
#1361=ORIENTED_EDGE('',*,*,#2958,.F.);
#1362=ORIENTED_EDGE('',*,*,#3376,.F.);
#1363=ORIENTED_EDGE('',*,*,#3370,.T.);
#1364=ORIENTED_EDGE('',*,*,#3377,.T.);
#1365=ORIENTED_EDGE('',*,*,#2959,.F.);
#1366=ORIENTED_EDGE('',*,*,#3377,.F.);
#1367=ORIENTED_EDGE('',*,*,#3369,.T.);
#1368=ORIENTED_EDGE('',*,*,#3378,.T.);
#1369=ORIENTED_EDGE('',*,*,#2960,.F.);
#1370=ORIENTED_EDGE('',*,*,#3378,.F.);
#1371=ORIENTED_EDGE('',*,*,#3368,.T.);
#1372=ORIENTED_EDGE('',*,*,#3379,.T.);
#1373=ORIENTED_EDGE('',*,*,#2961,.F.);
#1374=ORIENTED_EDGE('',*,*,#3379,.F.);
#1375=ORIENTED_EDGE('',*,*,#3367,.T.);
#1376=ORIENTED_EDGE('',*,*,#3380,.T.);
#1377=ORIENTED_EDGE('',*,*,#2962,.F.);
#1378=ORIENTED_EDGE('',*,*,#3380,.F.);
#1379=ORIENTED_EDGE('',*,*,#3366,.T.);
#1380=ORIENTED_EDGE('',*,*,#3381,.T.);
#1381=ORIENTED_EDGE('',*,*,#2963,.F.);
#1382=ORIENTED_EDGE('',*,*,#3381,.F.);
#1383=ORIENTED_EDGE('',*,*,#3365,.T.);
#1384=ORIENTED_EDGE('',*,*,#3373,.T.);
#1385=ORIENTED_EDGE('',*,*,#3382,.F.);
#1386=ORIENTED_EDGE('',*,*,#3383,.F.);
#1387=ORIENTED_EDGE('',*,*,#3384,.F.);
#1388=ORIENTED_EDGE('',*,*,#3385,.F.);
#1389=ORIENTED_EDGE('',*,*,#2953,.F.);
#1390=ORIENTED_EDGE('',*,*,#3386,.F.);
#1391=ORIENTED_EDGE('',*,*,#3384,.T.);
#1392=ORIENTED_EDGE('',*,*,#3387,.T.);
#1393=ORIENTED_EDGE('',*,*,#2954,.F.);
#1394=ORIENTED_EDGE('',*,*,#3387,.F.);
#1395=ORIENTED_EDGE('',*,*,#3385,.T.);
#1396=ORIENTED_EDGE('',*,*,#3386,.T.);
#1397=ORIENTED_EDGE('',*,*,#3388,.F.);
#1398=ORIENTED_EDGE('',*,*,#3389,.F.);
#1399=ORIENTED_EDGE('',*,*,#3382,.T.);
#1400=ORIENTED_EDGE('',*,*,#3390,.T.);
#1401=ORIENTED_EDGE('',*,*,#3391,.F.);
#1402=ORIENTED_EDGE('',*,*,#3390,.F.);
#1403=ORIENTED_EDGE('',*,*,#3383,.T.);
#1404=ORIENTED_EDGE('',*,*,#3389,.T.);
#1405=ORIENTED_EDGE('',*,*,#3388,.T.);
#1406=ORIENTED_EDGE('',*,*,#3391,.T.);
#1407=ORIENTED_EDGE('',*,*,#3392,.F.);
#1408=ORIENTED_EDGE('',*,*,#3393,.F.);
#1409=ORIENTED_EDGE('',*,*,#3394,.F.);
#1410=ORIENTED_EDGE('',*,*,#3395,.F.);
#1411=ORIENTED_EDGE('',*,*,#3396,.F.);
#1412=ORIENTED_EDGE('',*,*,#3397,.F.);
#1413=ORIENTED_EDGE('',*,*,#3398,.F.);
#1414=ORIENTED_EDGE('',*,*,#3399,.F.);
#1415=ORIENTED_EDGE('',*,*,#3400,.F.);
#1416=ORIENTED_EDGE('',*,*,#3401,.F.);
#1417=ORIENTED_EDGE('',*,*,#3402,.F.);
#1418=ORIENTED_EDGE('',*,*,#3403,.F.);
#1419=ORIENTED_EDGE('',*,*,#2941,.F.);
#1420=ORIENTED_EDGE('',*,*,#3404,.F.);
#1421=ORIENTED_EDGE('',*,*,#3392,.T.);
#1422=ORIENTED_EDGE('',*,*,#3405,.T.);
#1423=ORIENTED_EDGE('',*,*,#2942,.F.);
#1424=ORIENTED_EDGE('',*,*,#3405,.F.);
#1425=ORIENTED_EDGE('',*,*,#3403,.T.);
#1426=ORIENTED_EDGE('',*,*,#3406,.T.);
#1427=ORIENTED_EDGE('',*,*,#2943,.F.);
#1428=ORIENTED_EDGE('',*,*,#3406,.F.);
#1429=ORIENTED_EDGE('',*,*,#3402,.T.);
#1430=ORIENTED_EDGE('',*,*,#3407,.T.);
#1431=ORIENTED_EDGE('',*,*,#2944,.F.);
#1432=ORIENTED_EDGE('',*,*,#3407,.F.);
#1433=ORIENTED_EDGE('',*,*,#3401,.T.);
#1434=ORIENTED_EDGE('',*,*,#3408,.T.);
#1435=ORIENTED_EDGE('',*,*,#2945,.F.);
#1436=ORIENTED_EDGE('',*,*,#3408,.F.);
#1437=ORIENTED_EDGE('',*,*,#3400,.T.);
#1438=ORIENTED_EDGE('',*,*,#3409,.T.);
#1439=ORIENTED_EDGE('',*,*,#2946,.F.);
#1440=ORIENTED_EDGE('',*,*,#3409,.F.);
#1441=ORIENTED_EDGE('',*,*,#3399,.T.);
#1442=ORIENTED_EDGE('',*,*,#3410,.T.);
#1443=ORIENTED_EDGE('',*,*,#2947,.F.);
#1444=ORIENTED_EDGE('',*,*,#3410,.F.);
#1445=ORIENTED_EDGE('',*,*,#3398,.T.);
#1446=ORIENTED_EDGE('',*,*,#3411,.T.);
#1447=ORIENTED_EDGE('',*,*,#2948,.F.);
#1448=ORIENTED_EDGE('',*,*,#3411,.F.);
#1449=ORIENTED_EDGE('',*,*,#3397,.T.);
#1450=ORIENTED_EDGE('',*,*,#3412,.T.);
#1451=ORIENTED_EDGE('',*,*,#2949,.F.);
#1452=ORIENTED_EDGE('',*,*,#3412,.F.);
#1453=ORIENTED_EDGE('',*,*,#3396,.T.);
#1454=ORIENTED_EDGE('',*,*,#3413,.T.);
#1455=ORIENTED_EDGE('',*,*,#2950,.F.);
#1456=ORIENTED_EDGE('',*,*,#3413,.F.);
#1457=ORIENTED_EDGE('',*,*,#3395,.T.);
#1458=ORIENTED_EDGE('',*,*,#3414,.T.);
#1459=ORIENTED_EDGE('',*,*,#2951,.F.);
#1460=ORIENTED_EDGE('',*,*,#3414,.F.);
#1461=ORIENTED_EDGE('',*,*,#3394,.T.);
#1462=ORIENTED_EDGE('',*,*,#3415,.T.);
#1463=ORIENTED_EDGE('',*,*,#2952,.F.);
#1464=ORIENTED_EDGE('',*,*,#3415,.F.);
#1465=ORIENTED_EDGE('',*,*,#3393,.T.);
#1466=ORIENTED_EDGE('',*,*,#3404,.T.);
#1467=ORIENTED_EDGE('',*,*,#3416,.F.);
#1468=ORIENTED_EDGE('',*,*,#3417,.F.);
#1469=ORIENTED_EDGE('',*,*,#3418,.F.);
#1470=ORIENTED_EDGE('',*,*,#3419,.F.);
#1471=ORIENTED_EDGE('',*,*,#3420,.F.);
#1472=ORIENTED_EDGE('',*,*,#3421,.F.);
#1473=ORIENTED_EDGE('',*,*,#2935,.F.);
#1474=ORIENTED_EDGE('',*,*,#3422,.F.);
#1475=ORIENTED_EDGE('',*,*,#3416,.T.);
#1476=ORIENTED_EDGE('',*,*,#3423,.T.);
#1477=ORIENTED_EDGE('',*,*,#2936,.F.);
#1478=ORIENTED_EDGE('',*,*,#3423,.F.);
#1479=ORIENTED_EDGE('',*,*,#3421,.T.);
#1480=ORIENTED_EDGE('',*,*,#3424,.T.);
#1481=ORIENTED_EDGE('',*,*,#2937,.F.);
#1482=ORIENTED_EDGE('',*,*,#3424,.F.);
#1483=ORIENTED_EDGE('',*,*,#3420,.T.);
#1484=ORIENTED_EDGE('',*,*,#3425,.T.);
#1485=ORIENTED_EDGE('',*,*,#2938,.F.);
#1486=ORIENTED_EDGE('',*,*,#3425,.F.);
#1487=ORIENTED_EDGE('',*,*,#3419,.T.);
#1488=ORIENTED_EDGE('',*,*,#3426,.T.);
#1489=ORIENTED_EDGE('',*,*,#2939,.F.);
#1490=ORIENTED_EDGE('',*,*,#3426,.F.);
#1491=ORIENTED_EDGE('',*,*,#3418,.T.);
#1492=ORIENTED_EDGE('',*,*,#3427,.T.);
#1493=ORIENTED_EDGE('',*,*,#2940,.F.);
#1494=ORIENTED_EDGE('',*,*,#3427,.F.);
#1495=ORIENTED_EDGE('',*,*,#3417,.T.);
#1496=ORIENTED_EDGE('',*,*,#3422,.T.);
#1497=ORIENTED_EDGE('',*,*,#3428,.F.);
#1498=ORIENTED_EDGE('',*,*,#3429,.F.);
#1499=ORIENTED_EDGE('',*,*,#3430,.F.);
#1500=ORIENTED_EDGE('',*,*,#3431,.F.);
#1501=ORIENTED_EDGE('',*,*,#2931,.F.);
#1502=ORIENTED_EDGE('',*,*,#3432,.F.);
#1503=ORIENTED_EDGE('',*,*,#3428,.T.);
#1504=ORIENTED_EDGE('',*,*,#3433,.T.);
#1505=ORIENTED_EDGE('',*,*,#2932,.F.);
#1506=ORIENTED_EDGE('',*,*,#3433,.F.);
#1507=ORIENTED_EDGE('',*,*,#3431,.T.);
#1508=ORIENTED_EDGE('',*,*,#3434,.T.);
#1509=ORIENTED_EDGE('',*,*,#2933,.F.);
#1510=ORIENTED_EDGE('',*,*,#3434,.F.);
#1511=ORIENTED_EDGE('',*,*,#3430,.T.);
#1512=ORIENTED_EDGE('',*,*,#3435,.T.);
#1513=ORIENTED_EDGE('',*,*,#2934,.F.);
#1514=ORIENTED_EDGE('',*,*,#3435,.F.);
#1515=ORIENTED_EDGE('',*,*,#3429,.T.);
#1516=ORIENTED_EDGE('',*,*,#3432,.T.);
#1517=ORIENTED_EDGE('',*,*,#3348,.T.);
#1518=ORIENTED_EDGE('',*,*,#3349,.T.);
#1519=ORIENTED_EDGE('',*,*,#3436,.F.);
#1520=ORIENTED_EDGE('',*,*,#3437,.F.);
#1521=ORIENTED_EDGE('',*,*,#3438,.T.);
#1522=ORIENTED_EDGE('',*,*,#3439,.T.);
#1523=ORIENTED_EDGE('',*,*,#3440,.F.);
#1524=ORIENTED_EDGE('',*,*,#3439,.F.);
#1525=ORIENTED_EDGE('',*,*,#3441,.T.);
#1526=ORIENTED_EDGE('',*,*,#3442,.T.);
#1527=ORIENTED_EDGE('',*,*,#3443,.F.);
#1528=ORIENTED_EDGE('',*,*,#3442,.F.);
#1529=ORIENTED_EDGE('',*,*,#3444,.T.);
#1530=ORIENTED_EDGE('',*,*,#3445,.T.);
#1531=ORIENTED_EDGE('',*,*,#3446,.F.);
#1532=ORIENTED_EDGE('',*,*,#3447,.F.);
#1533=ORIENTED_EDGE('',*,*,#3448,.T.);
#1534=ORIENTED_EDGE('',*,*,#3449,.T.);
#1535=ORIENTED_EDGE('',*,*,#3450,.F.);
#1536=ORIENTED_EDGE('',*,*,#3449,.F.);
#1537=ORIENTED_EDGE('',*,*,#3451,.T.);
#1538=ORIENTED_EDGE('',*,*,#3452,.T.);
#1539=ORIENTED_EDGE('',*,*,#3453,.F.);
#1540=ORIENTED_EDGE('',*,*,#3452,.F.);
#1541=ORIENTED_EDGE('',*,*,#3454,.T.);
#1542=ORIENTED_EDGE('',*,*,#3455,.T.);
#1543=ORIENTED_EDGE('',*,*,#3456,.F.);
#1544=ORIENTED_EDGE('',*,*,#3455,.F.);
#1545=ORIENTED_EDGE('',*,*,#3457,.T.);
#1546=ORIENTED_EDGE('',*,*,#3458,.T.);
#1547=ORIENTED_EDGE('',*,*,#3459,.F.);
#1548=ORIENTED_EDGE('',*,*,#3458,.F.);
#1549=ORIENTED_EDGE('',*,*,#3460,.T.);
#1550=ORIENTED_EDGE('',*,*,#3461,.T.);
#1551=ORIENTED_EDGE('',*,*,#3462,.F.);
#1552=ORIENTED_EDGE('',*,*,#3461,.F.);
#1553=ORIENTED_EDGE('',*,*,#3463,.T.);
#1554=ORIENTED_EDGE('',*,*,#3464,.T.);
#1555=ORIENTED_EDGE('',*,*,#3465,.F.);
#1556=ORIENTED_EDGE('',*,*,#3464,.F.);
#1557=ORIENTED_EDGE('',*,*,#3466,.T.);
#1558=ORIENTED_EDGE('',*,*,#3467,.T.);
#1559=ORIENTED_EDGE('',*,*,#3468,.F.);
#1560=ORIENTED_EDGE('',*,*,#3467,.F.);
#1561=ORIENTED_EDGE('',*,*,#3469,.T.);
#1562=ORIENTED_EDGE('',*,*,#3470,.T.);
#1563=ORIENTED_EDGE('',*,*,#3471,.F.);
#1564=ORIENTED_EDGE('',*,*,#3470,.F.);
#1565=ORIENTED_EDGE('',*,*,#3472,.T.);
#1566=ORIENTED_EDGE('',*,*,#3473,.T.);
#1567=ORIENTED_EDGE('',*,*,#3474,.F.);
#1568=ORIENTED_EDGE('',*,*,#3473,.F.);
#1569=ORIENTED_EDGE('',*,*,#3475,.T.);
#1570=ORIENTED_EDGE('',*,*,#3476,.T.);
#1571=ORIENTED_EDGE('',*,*,#3477,.F.);
#1572=ORIENTED_EDGE('',*,*,#3476,.F.);
#1573=ORIENTED_EDGE('',*,*,#3478,.T.);
#1574=ORIENTED_EDGE('',*,*,#3479,.T.);
#1575=ORIENTED_EDGE('',*,*,#3480,.F.);
#1576=ORIENTED_EDGE('',*,*,#3479,.F.);
#1577=ORIENTED_EDGE('',*,*,#3481,.T.);
#1578=ORIENTED_EDGE('',*,*,#3482,.T.);
#1579=ORIENTED_EDGE('',*,*,#3483,.F.);
#1580=ORIENTED_EDGE('',*,*,#3482,.F.);
#1581=ORIENTED_EDGE('',*,*,#3484,.T.);
#1582=ORIENTED_EDGE('',*,*,#3485,.T.);
#1583=ORIENTED_EDGE('',*,*,#3486,.T.);
#1584=ORIENTED_EDGE('',*,*,#3487,.F.);
#1585=ORIENTED_EDGE('',*,*,#3488,.F.);
#1586=ORIENTED_EDGE('',*,*,#3489,.T.);
#1587=ORIENTED_EDGE('',*,*,#3490,.T.);
#1588=ORIENTED_EDGE('',*,*,#3489,.F.);
#1589=ORIENTED_EDGE('',*,*,#3491,.F.);
#1590=ORIENTED_EDGE('',*,*,#3492,.T.);
#1591=ORIENTED_EDGE('',*,*,#3493,.T.);
#1592=ORIENTED_EDGE('',*,*,#3492,.F.);
#1593=ORIENTED_EDGE('',*,*,#3494,.F.);
#1594=ORIENTED_EDGE('',*,*,#3495,.T.);
#1595=ORIENTED_EDGE('',*,*,#3496,.F.);
#1596=ORIENTED_EDGE('',*,*,#3485,.F.);
#1597=ORIENTED_EDGE('',*,*,#3497,.T.);
#1598=ORIENTED_EDGE('',*,*,#3447,.T.);
#1599=ORIENTED_EDGE('',*,*,#3498,.T.);
#1600=ORIENTED_EDGE('',*,*,#3495,.F.);
#1601=ORIENTED_EDGE('',*,*,#3499,.F.);
#1602=ORIENTED_EDGE('',*,*,#3487,.T.);
#1603=ORIENTED_EDGE('',*,*,#3500,.F.);
#1604=ORIENTED_EDGE('',*,*,#3445,.F.);
#1605=ORIENTED_EDGE('',*,*,#3501,.T.);
#1606=ORIENTED_EDGE('',*,*,#3437,.T.);
#1607=ORIENTED_EDGE('',*,*,#3488,.T.);
#1608=ORIENTED_EDGE('',*,*,#3499,.T.);
#1609=ORIENTED_EDGE('',*,*,#3494,.T.);
#1610=ORIENTED_EDGE('',*,*,#3491,.T.);
#1611=ORIENTED_EDGE('',*,*,#3448,.F.);
#1612=ORIENTED_EDGE('',*,*,#3497,.F.);
#1613=ORIENTED_EDGE('',*,*,#3484,.F.);
#1614=ORIENTED_EDGE('',*,*,#3481,.F.);
#1615=ORIENTED_EDGE('',*,*,#3478,.F.);
#1616=ORIENTED_EDGE('',*,*,#3475,.F.);
#1617=ORIENTED_EDGE('',*,*,#3472,.F.);
#1618=ORIENTED_EDGE('',*,*,#3469,.F.);
#1619=ORIENTED_EDGE('',*,*,#3466,.F.);
#1620=ORIENTED_EDGE('',*,*,#3463,.F.);
#1621=ORIENTED_EDGE('',*,*,#3460,.F.);
#1622=ORIENTED_EDGE('',*,*,#3457,.F.);
#1623=ORIENTED_EDGE('',*,*,#3454,.F.);
#1624=ORIENTED_EDGE('',*,*,#3451,.F.);
#1625=ORIENTED_EDGE('',*,*,#3438,.F.);
#1626=ORIENTED_EDGE('',*,*,#3501,.F.);
#1627=ORIENTED_EDGE('',*,*,#3444,.F.);
#1628=ORIENTED_EDGE('',*,*,#3441,.F.);
#1629=ORIENTED_EDGE('',*,*,#3486,.F.);
#1630=ORIENTED_EDGE('',*,*,#3490,.F.);
#1631=ORIENTED_EDGE('',*,*,#3493,.F.);
#1632=ORIENTED_EDGE('',*,*,#3498,.F.);
#1633=ORIENTED_EDGE('',*,*,#3446,.T.);
#1634=ORIENTED_EDGE('',*,*,#3450,.T.);
#1635=ORIENTED_EDGE('',*,*,#3453,.T.);
#1636=ORIENTED_EDGE('',*,*,#3456,.T.);
#1637=ORIENTED_EDGE('',*,*,#3459,.T.);
#1638=ORIENTED_EDGE('',*,*,#3462,.T.);
#1639=ORIENTED_EDGE('',*,*,#3465,.T.);
#1640=ORIENTED_EDGE('',*,*,#3468,.T.);
#1641=ORIENTED_EDGE('',*,*,#3471,.T.);
#1642=ORIENTED_EDGE('',*,*,#3474,.T.);
#1643=ORIENTED_EDGE('',*,*,#3477,.T.);
#1644=ORIENTED_EDGE('',*,*,#3480,.T.);
#1645=ORIENTED_EDGE('',*,*,#3483,.T.);
#1646=ORIENTED_EDGE('',*,*,#3496,.T.);
#1647=ORIENTED_EDGE('',*,*,#3436,.T.);
#1648=ORIENTED_EDGE('',*,*,#3440,.T.);
#1649=ORIENTED_EDGE('',*,*,#3443,.T.);
#1650=ORIENTED_EDGE('',*,*,#3500,.T.);
#1651=ORIENTED_EDGE('',*,*,#3502,.T.);
#1652=ORIENTED_EDGE('',*,*,#3503,.T.);
#1653=ORIENTED_EDGE('',*,*,#3504,.F.);
#1654=ORIENTED_EDGE('',*,*,#3505,.T.);
#1655=ORIENTED_EDGE('',*,*,#3504,.T.);
#1656=ORIENTED_EDGE('',*,*,#3506,.T.);
#1657=ORIENTED_EDGE('',*,*,#3507,.F.);
#1658=ORIENTED_EDGE('',*,*,#3508,.T.);
#1659=ORIENTED_EDGE('',*,*,#3507,.T.);
#1660=ORIENTED_EDGE('',*,*,#3509,.T.);
#1661=ORIENTED_EDGE('',*,*,#3510,.F.);
#1662=ORIENTED_EDGE('',*,*,#3511,.T.);
#1663=ORIENTED_EDGE('',*,*,#3510,.T.);
#1664=ORIENTED_EDGE('',*,*,#3512,.T.);
#1665=ORIENTED_EDGE('',*,*,#3502,.F.);
#1666=ORIENTED_EDGE('',*,*,#3513,.T.);
#1667=ORIENTED_EDGE('',*,*,#3514,.T.);
#1668=ORIENTED_EDGE('',*,*,#3515,.T.);
#1669=ORIENTED_EDGE('',*,*,#3516,.T.);
#1670=ORIENTED_EDGE('',*,*,#3517,.T.);
#1671=ORIENTED_EDGE('',*,*,#3518,.T.);
#1672=ORIENTED_EDGE('',*,*,#3519,.T.);
#1673=ORIENTED_EDGE('',*,*,#3520,.T.);
#1674=ORIENTED_EDGE('',*,*,#3521,.T.);
#1675=ORIENTED_EDGE('',*,*,#3520,.F.);
#1676=ORIENTED_EDGE('',*,*,#3522,.T.);
#1677=ORIENTED_EDGE('',*,*,#3506,.F.);
#1678=ORIENTED_EDGE('',*,*,#3523,.F.);
#1679=ORIENTED_EDGE('',*,*,#3523,.T.);
#1680=ORIENTED_EDGE('',*,*,#3503,.F.);
#1681=ORIENTED_EDGE('',*,*,#3524,.F.);
#1682=ORIENTED_EDGE('',*,*,#3521,.F.);
#1683=ORIENTED_EDGE('',*,*,#3512,.F.);
#1684=ORIENTED_EDGE('',*,*,#3525,.T.);
#1685=ORIENTED_EDGE('',*,*,#3518,.F.);
#1686=ORIENTED_EDGE('',*,*,#3524,.T.);
#1687=ORIENTED_EDGE('',*,*,#3526,.F.);
#1688=ORIENTED_EDGE('',*,*,#3508,.F.);
#1689=ORIENTED_EDGE('',*,*,#3527,.F.);
#1690=ORIENTED_EDGE('',*,*,#3517,.F.);
#1691=ORIENTED_EDGE('',*,*,#3527,.T.);
#1692=ORIENTED_EDGE('',*,*,#3511,.F.);
#1693=ORIENTED_EDGE('',*,*,#3528,.F.);
#1694=ORIENTED_EDGE('',*,*,#3514,.F.);
#1695=ORIENTED_EDGE('',*,*,#3526,.T.);
#1696=ORIENTED_EDGE('',*,*,#3516,.F.);
#1697=ORIENTED_EDGE('',*,*,#3529,.F.);
#1698=ORIENTED_EDGE('',*,*,#3505,.F.);
#1699=ORIENTED_EDGE('',*,*,#3528,.T.);
#1700=ORIENTED_EDGE('',*,*,#3513,.F.);
#1701=ORIENTED_EDGE('',*,*,#3529,.T.);
#1702=ORIENTED_EDGE('',*,*,#3515,.F.);
#1703=ORIENTED_EDGE('',*,*,#3522,.F.);
#1704=ORIENTED_EDGE('',*,*,#3519,.F.);
#1705=ORIENTED_EDGE('',*,*,#3525,.F.);
#1706=ORIENTED_EDGE('',*,*,#3509,.F.);
#1707=ORIENTED_EDGE('',*,*,#3530,.T.);
#1708=ORIENTED_EDGE('',*,*,#3531,.F.);
#1709=ORIENTED_EDGE('',*,*,#3532,.T.);
#1710=ORIENTED_EDGE('',*,*,#3533,.T.);
#1711=ORIENTED_EDGE('',*,*,#3534,.F.);
#1712=ORIENTED_EDGE('',*,*,#3535,.F.);
#1713=ORIENTED_EDGE('',*,*,#3536,.T.);
#1714=ORIENTED_EDGE('',*,*,#3537,.T.);
#1715=ORIENTED_EDGE('',*,*,#3538,.F.);
#1716=ORIENTED_EDGE('',*,*,#3539,.F.);
#1717=ORIENTED_EDGE('',*,*,#3540,.F.);
#1718=ORIENTED_EDGE('',*,*,#3541,.F.);
#1719=ORIENTED_EDGE('',*,*,#3542,.T.);
#1720=ORIENTED_EDGE('',*,*,#3543,.T.);
#1721=ORIENTED_EDGE('',*,*,#3544,.F.);
#1722=ORIENTED_EDGE('',*,*,#3545,.F.);
#1723=ORIENTED_EDGE('',*,*,#3546,.F.);
#1724=ORIENTED_EDGE('',*,*,#3538,.T.);
#1725=ORIENTED_EDGE('',*,*,#3547,.T.);
#1726=ORIENTED_EDGE('',*,*,#3530,.F.);
#1727=ORIENTED_EDGE('',*,*,#3548,.F.);
#1728=ORIENTED_EDGE('',*,*,#3539,.T.);
#1729=ORIENTED_EDGE('',*,*,#3546,.T.);
#1730=ORIENTED_EDGE('',*,*,#3537,.F.);
#1731=ORIENTED_EDGE('',*,*,#3549,.F.);
#1732=ORIENTED_EDGE('',*,*,#3540,.T.);
#1733=ORIENTED_EDGE('',*,*,#3548,.T.);
#1734=ORIENTED_EDGE('',*,*,#3536,.F.);
#1735=ORIENTED_EDGE('',*,*,#3547,.F.);
#1736=ORIENTED_EDGE('',*,*,#3545,.T.);
#1737=ORIENTED_EDGE('',*,*,#3550,.T.);
#1738=ORIENTED_EDGE('',*,*,#3551,.F.);
#1739=ORIENTED_EDGE('',*,*,#3552,.T.);
#1740=ORIENTED_EDGE('',*,*,#3531,.T.);
#1741=ORIENTED_EDGE('',*,*,#3553,.F.);
#1742=ORIENTED_EDGE('',*,*,#3551,.T.);
#1743=ORIENTED_EDGE('',*,*,#3554,.T.);
#1744=ORIENTED_EDGE('',*,*,#3555,.F.);
#1745=ORIENTED_EDGE('',*,*,#3556,.F.);
#1746=ORIENTED_EDGE('',*,*,#3555,.T.);
#1747=ORIENTED_EDGE('',*,*,#3557,.F.);
#1748=ORIENTED_EDGE('',*,*,#3543,.F.);
#1749=ORIENTED_EDGE('',*,*,#3558,.F.);
#1750=ORIENTED_EDGE('',*,*,#3559,.T.);
#1751=ORIENTED_EDGE('',*,*,#3560,.F.);
#1752=ORIENTED_EDGE('',*,*,#3533,.F.);
#1753=ORIENTED_EDGE('',*,*,#3541,.T.);
#1754=ORIENTED_EDGE('',*,*,#3549,.T.);
#1755=ORIENTED_EDGE('',*,*,#3535,.T.);
#1756=ORIENTED_EDGE('',*,*,#3561,.T.);
#1757=ORIENTED_EDGE('',*,*,#3562,.F.);
#1758=ORIENTED_EDGE('',*,*,#3563,.T.);
#1759=ORIENTED_EDGE('',*,*,#3564,.F.);
#1760=ORIENTED_EDGE('',*,*,#3562,.T.);
#1761=ORIENTED_EDGE('',*,*,#3565,.T.);
#1762=ORIENTED_EDGE('',*,*,#3559,.F.);
#1763=ORIENTED_EDGE('',*,*,#3557,.T.);
#1764=ORIENTED_EDGE('',*,*,#3554,.F.);
#1765=ORIENTED_EDGE('',*,*,#3550,.F.);
#1766=ORIENTED_EDGE('',*,*,#3544,.T.);
#1767=ORIENTED_EDGE('',*,*,#3558,.T.);
#1768=ORIENTED_EDGE('',*,*,#3542,.F.);
#1769=ORIENTED_EDGE('',*,*,#3563,.F.);
#1770=ORIENTED_EDGE('',*,*,#3564,.T.);
#1771=ORIENTED_EDGE('',*,*,#3560,.T.);
#1772=ORIENTED_EDGE('',*,*,#3565,.F.);
#1773=ORIENTED_EDGE('',*,*,#3561,.F.);
#1774=ORIENTED_EDGE('',*,*,#3534,.T.);
#1775=ORIENTED_EDGE('',*,*,#3556,.T.);
#1776=ORIENTED_EDGE('',*,*,#3532,.F.);
#1777=ORIENTED_EDGE('',*,*,#3552,.F.);
#1778=ORIENTED_EDGE('',*,*,#3553,.T.);
#1779=ORIENTED_EDGE('',*,*,#3566,.F.);
#1780=ORIENTED_EDGE('',*,*,#3567,.T.);
#1781=ORIENTED_EDGE('',*,*,#3568,.T.);
#1782=ORIENTED_EDGE('',*,*,#3569,.T.);
#1783=ORIENTED_EDGE('',*,*,#3570,.F.);
#1784=ORIENTED_EDGE('',*,*,#3571,.F.);
#1785=ORIENTED_EDGE('',*,*,#3572,.F.);
#1786=ORIENTED_EDGE('',*,*,#3573,.F.);
#1787=ORIENTED_EDGE('',*,*,#3574,.F.);
#1788=ORIENTED_EDGE('',*,*,#3575,.T.);
#1789=ORIENTED_EDGE('',*,*,#3576,.T.);
#1790=ORIENTED_EDGE('',*,*,#3577,.T.);
#1791=ORIENTED_EDGE('',*,*,#3578,.T.);
#1792=ORIENTED_EDGE('',*,*,#3579,.T.);
#1793=ORIENTED_EDGE('',*,*,#3580,.F.);
#1794=ORIENTED_EDGE('',*,*,#3581,.F.);
#1795=ORIENTED_EDGE('',*,*,#3572,.T.);
#1796=ORIENTED_EDGE('',*,*,#3582,.F.);
#1797=ORIENTED_EDGE('',*,*,#3577,.F.);
#1798=ORIENTED_EDGE('',*,*,#3583,.T.);
#1799=ORIENTED_EDGE('',*,*,#3573,.T.);
#1800=ORIENTED_EDGE('',*,*,#3583,.F.);
#1801=ORIENTED_EDGE('',*,*,#3576,.F.);
#1802=ORIENTED_EDGE('',*,*,#3584,.T.);
#1803=ORIENTED_EDGE('',*,*,#3566,.T.);
#1804=ORIENTED_EDGE('',*,*,#3584,.F.);
#1805=ORIENTED_EDGE('',*,*,#3575,.F.);
#1806=ORIENTED_EDGE('',*,*,#3585,.T.);
#1807=ORIENTED_EDGE('',*,*,#3571,.T.);
#1808=ORIENTED_EDGE('',*,*,#3586,.F.);
#1809=ORIENTED_EDGE('',*,*,#3578,.F.);
#1810=ORIENTED_EDGE('',*,*,#3582,.T.);
#1811=ORIENTED_EDGE('',*,*,#3586,.T.);
#1812=ORIENTED_EDGE('',*,*,#3570,.T.);
#1813=ORIENTED_EDGE('',*,*,#3587,.F.);
#1814=ORIENTED_EDGE('',*,*,#3579,.F.);
#1815=ORIENTED_EDGE('',*,*,#3568,.F.);
#1816=ORIENTED_EDGE('',*,*,#3588,.F.);
#1817=ORIENTED_EDGE('',*,*,#3581,.T.);
#1818=ORIENTED_EDGE('',*,*,#3589,.T.);
#1819=ORIENTED_EDGE('',*,*,#3567,.F.);
#1820=ORIENTED_EDGE('',*,*,#3585,.F.);
#1821=ORIENTED_EDGE('',*,*,#3574,.T.);
#1822=ORIENTED_EDGE('',*,*,#3588,.T.);
#1823=ORIENTED_EDGE('',*,*,#3569,.F.);
#1824=ORIENTED_EDGE('',*,*,#3589,.F.);
#1825=ORIENTED_EDGE('',*,*,#3580,.T.);
#1826=ORIENTED_EDGE('',*,*,#3587,.T.);
#1827=ORIENTED_EDGE('',*,*,#3590,.T.);
#1828=ORIENTED_EDGE('',*,*,#3591,.T.);
#1829=ORIENTED_EDGE('',*,*,#3592,.F.);
#1830=ORIENTED_EDGE('',*,*,#3593,.T.);
#1831=ORIENTED_EDGE('',*,*,#3594,.F.);
#1832=ORIENTED_EDGE('',*,*,#3595,.T.);
#1833=ORIENTED_EDGE('',*,*,#3596,.T.);
#1834=ORIENTED_EDGE('',*,*,#3597,.T.);
#1835=ORIENTED_EDGE('',*,*,#3598,.F.);
#1836=ORIENTED_EDGE('',*,*,#3599,.F.);
#1837=ORIENTED_EDGE('',*,*,#3600,.F.);
#1838=ORIENTED_EDGE('',*,*,#3601,.F.);
#1839=ORIENTED_EDGE('',*,*,#3602,.F.);
#1840=ORIENTED_EDGE('',*,*,#3603,.F.);
#1841=ORIENTED_EDGE('',*,*,#3604,.F.);
#1842=ORIENTED_EDGE('',*,*,#3605,.F.);
#1843=ORIENTED_EDGE('',*,*,#3606,.T.);
#1844=ORIENTED_EDGE('',*,*,#3607,.F.);
#1845=ORIENTED_EDGE('',*,*,#3608,.T.);
#1846=ORIENTED_EDGE('',*,*,#3609,.F.);
#1847=ORIENTED_EDGE('',*,*,#3610,.T.);
#1848=ORIENTED_EDGE('',*,*,#3611,.T.);
#1849=ORIENTED_EDGE('',*,*,#3608,.F.);
#1850=ORIENTED_EDGE('',*,*,#3612,.T.);
#1851=ORIENTED_EDGE('',*,*,#3613,.T.);
#1852=ORIENTED_EDGE('',*,*,#3606,.F.);
#1853=ORIENTED_EDGE('',*,*,#3591,.F.);
#1854=ORIENTED_EDGE('',*,*,#3614,.F.);
#1855=ORIENTED_EDGE('',*,*,#3610,.F.);
#1856=ORIENTED_EDGE('',*,*,#3615,.F.);
#1857=ORIENTED_EDGE('',*,*,#3616,.T.);
#1858=ORIENTED_EDGE('',*,*,#3617,.F.);
#1859=ORIENTED_EDGE('',*,*,#3611,.F.);
#1860=ORIENTED_EDGE('',*,*,#3618,.F.);
#1861=ORIENTED_EDGE('',*,*,#3619,.T.);
#1862=ORIENTED_EDGE('',*,*,#3620,.F.);
#1863=ORIENTED_EDGE('',*,*,#3612,.F.);
#1864=ORIENTED_EDGE('',*,*,#3621,.F.);
#1865=ORIENTED_EDGE('',*,*,#3593,.F.);
#1866=ORIENTED_EDGE('',*,*,#3622,.F.);
#1867=ORIENTED_EDGE('',*,*,#3613,.F.);
#1868=ORIENTED_EDGE('',*,*,#3623,.F.);
#1869=ORIENTED_EDGE('',*,*,#3624,.T.);
#1870=ORIENTED_EDGE('',*,*,#3625,.T.);
#1871=ORIENTED_EDGE('',*,*,#3616,.F.);
#1872=ORIENTED_EDGE('',*,*,#3626,.T.);
#1873=ORIENTED_EDGE('',*,*,#3627,.T.);
#1874=ORIENTED_EDGE('',*,*,#3619,.F.);
#1875=ORIENTED_EDGE('',*,*,#3597,.F.);
#1876=ORIENTED_EDGE('',*,*,#3628,.F.);
#1877=ORIENTED_EDGE('',*,*,#3624,.F.);
#1878=ORIENTED_EDGE('',*,*,#3629,.F.);
#1879=ORIENTED_EDGE('',*,*,#3625,.F.);
#1880=ORIENTED_EDGE('',*,*,#3630,.F.);
#1881=ORIENTED_EDGE('',*,*,#3626,.F.);
#1882=ORIENTED_EDGE('',*,*,#3631,.F.);
#1883=ORIENTED_EDGE('',*,*,#3595,.F.);
#1884=ORIENTED_EDGE('',*,*,#3632,.F.);
#1885=ORIENTED_EDGE('',*,*,#3627,.F.);
#1886=ORIENTED_EDGE('',*,*,#3633,.F.);
#1887=ORIENTED_EDGE('',*,*,#3618,.T.);
#1888=ORIENTED_EDGE('',*,*,#3614,.T.);
#1889=ORIENTED_EDGE('',*,*,#3590,.F.);
#1890=ORIENTED_EDGE('',*,*,#3629,.T.);
#1891=ORIENTED_EDGE('',*,*,#3594,.T.);
#1892=ORIENTED_EDGE('',*,*,#3623,.T.);
#1893=ORIENTED_EDGE('',*,*,#3620,.T.);
#1894=ORIENTED_EDGE('',*,*,#3632,.T.);
#1895=ORIENTED_EDGE('',*,*,#3592,.T.);
#1896=ORIENTED_EDGE('',*,*,#3615,.T.);
#1897=ORIENTED_EDGE('',*,*,#3607,.T.);
#1898=ORIENTED_EDGE('',*,*,#3622,.T.);
#1899=ORIENTED_EDGE('',*,*,#3630,.T.);
#1900=ORIENTED_EDGE('',*,*,#3628,.T.);
#1901=ORIENTED_EDGE('',*,*,#3596,.F.);
#1902=ORIENTED_EDGE('',*,*,#3633,.T.);
#1903=ORIENTED_EDGE('',*,*,#3621,.T.);
#1904=ORIENTED_EDGE('',*,*,#3609,.T.);
#1905=ORIENTED_EDGE('',*,*,#3617,.T.);
#1906=ORIENTED_EDGE('',*,*,#3631,.T.);
#1907=ORIENTED_EDGE('',*,*,#3634,.F.);
#1908=ORIENTED_EDGE('',*,*,#3635,.T.);
#1909=ORIENTED_EDGE('',*,*,#3636,.F.);
#1910=ORIENTED_EDGE('',*,*,#3637,.T.);
#1911=ORIENTED_EDGE('',*,*,#3638,.F.);
#1912=ORIENTED_EDGE('',*,*,#3636,.T.);
#1913=ORIENTED_EDGE('',*,*,#3639,.F.);
#1914=ORIENTED_EDGE('',*,*,#3640,.F.);
#1915=ORIENTED_EDGE('',*,*,#3634,.T.);
#1916=ORIENTED_EDGE('',*,*,#3641,.F.);
#1917=ORIENTED_EDGE('',*,*,#3642,.T.);
#1918=ORIENTED_EDGE('',*,*,#3643,.T.);
#1919=ORIENTED_EDGE('',*,*,#3638,.T.);
#1920=ORIENTED_EDGE('',*,*,#3644,.T.);
#1921=ORIENTED_EDGE('',*,*,#3645,.F.);
#1922=ORIENTED_EDGE('',*,*,#3646,.T.);
#1923=ORIENTED_EDGE('',*,*,#3639,.T.);
#1924=ORIENTED_EDGE('',*,*,#3647,.T.);
#1925=ORIENTED_EDGE('',*,*,#3648,.F.);
#1926=ORIENTED_EDGE('',*,*,#3649,.T.);
#1927=ORIENTED_EDGE('',*,*,#3640,.T.);
#1928=ORIENTED_EDGE('',*,*,#3650,.T.);
#1929=ORIENTED_EDGE('',*,*,#3651,.T.);
#1930=ORIENTED_EDGE('',*,*,#3652,.T.);
#1931=ORIENTED_EDGE('',*,*,#3641,.T.);
#1932=ORIENTED_EDGE('',*,*,#3653,.T.);
#1933=ORIENTED_EDGE('',*,*,#3654,.F.);
#1934=ORIENTED_EDGE('',*,*,#3645,.T.);
#1935=ORIENTED_EDGE('',*,*,#3655,.F.);
#1936=ORIENTED_EDGE('',*,*,#3656,.F.);
#1937=ORIENTED_EDGE('',*,*,#3648,.T.);
#1938=ORIENTED_EDGE('',*,*,#3657,.F.);
#1939=ORIENTED_EDGE('',*,*,#3658,.T.);
#1940=ORIENTED_EDGE('',*,*,#3659,.T.);
#1941=ORIENTED_EDGE('',*,*,#3654,.T.);
#1942=ORIENTED_EDGE('',*,*,#3660,.T.);
#1943=ORIENTED_EDGE('',*,*,#3655,.T.);
#1944=ORIENTED_EDGE('',*,*,#3661,.T.);
#1945=ORIENTED_EDGE('',*,*,#3656,.T.);
#1946=ORIENTED_EDGE('',*,*,#3662,.T.);
#1947=ORIENTED_EDGE('',*,*,#3663,.T.);
#1948=ORIENTED_EDGE('',*,*,#3664,.T.);
#1949=ORIENTED_EDGE('',*,*,#3657,.T.);
#1950=ORIENTED_EDGE('',*,*,#3665,.T.);
#1951=ORIENTED_EDGE('',*,*,#3646,.F.);
#1952=ORIENTED_EDGE('',*,*,#3659,.F.);
#1953=ORIENTED_EDGE('',*,*,#3666,.T.);
#1954=ORIENTED_EDGE('',*,*,#3644,.F.);
#1955=ORIENTED_EDGE('',*,*,#3667,.F.);
#1956=ORIENTED_EDGE('',*,*,#3665,.F.);
#1957=ORIENTED_EDGE('',*,*,#3650,.F.);
#1958=ORIENTED_EDGE('',*,*,#3652,.F.);
#1959=ORIENTED_EDGE('',*,*,#3668,.F.);
#1960=ORIENTED_EDGE('',*,*,#3653,.F.);
#1961=ORIENTED_EDGE('',*,*,#3637,.F.);
#1962=ORIENTED_EDGE('',*,*,#3643,.F.);
#1963=ORIENTED_EDGE('',*,*,#3669,.T.);
#1964=ORIENTED_EDGE('',*,*,#3670,.T.);
#1965=ORIENTED_EDGE('',*,*,#3671,.T.);
#1966=ORIENTED_EDGE('',*,*,#3672,.T.);
#1967=ORIENTED_EDGE('',*,*,#3673,.T.);
#1968=ORIENTED_EDGE('',*,*,#3674,.T.);
#1969=ORIENTED_EDGE('',*,*,#3675,.T.);
#1970=ORIENTED_EDGE('',*,*,#3676,.T.);
#1971=ORIENTED_EDGE('',*,*,#3666,.F.);
#1972=ORIENTED_EDGE('',*,*,#3658,.F.);
#1973=ORIENTED_EDGE('',*,*,#3677,.F.);
#1974=ORIENTED_EDGE('',*,*,#3663,.F.);
#1975=ORIENTED_EDGE('',*,*,#3667,.T.);
#1976=ORIENTED_EDGE('',*,*,#3651,.F.);
#1977=ORIENTED_EDGE('',*,*,#3668,.T.);
#1978=ORIENTED_EDGE('',*,*,#3642,.F.);
#1979=ORIENTED_EDGE('',*,*,#3662,.F.);
#1980=ORIENTED_EDGE('',*,*,#3664,.F.);
#1981=ORIENTED_EDGE('',*,*,#3677,.T.);
#1982=ORIENTED_EDGE('',*,*,#3660,.F.);
#1983=ORIENTED_EDGE('',*,*,#3649,.F.);
#1984=ORIENTED_EDGE('',*,*,#3661,.F.);
#1985=ORIENTED_EDGE('',*,*,#3647,.F.);
#1986=ORIENTED_EDGE('',*,*,#3635,.F.);
#1987=ORIENTED_EDGE('',*,*,#3670,.F.);
#1988=ORIENTED_EDGE('',*,*,#3678,.T.);
#1989=ORIENTED_EDGE('',*,*,#3598,.T.);
#1990=ORIENTED_EDGE('',*,*,#3679,.F.);
#1991=ORIENTED_EDGE('',*,*,#3671,.F.);
#1992=ORIENTED_EDGE('',*,*,#3679,.T.);
#1993=ORIENTED_EDGE('',*,*,#3605,.T.);
#1994=ORIENTED_EDGE('',*,*,#3680,.F.);
#1995=ORIENTED_EDGE('',*,*,#3672,.F.);
#1996=ORIENTED_EDGE('',*,*,#3680,.T.);
#1997=ORIENTED_EDGE('',*,*,#3604,.T.);
#1998=ORIENTED_EDGE('',*,*,#3681,.F.);
#1999=ORIENTED_EDGE('',*,*,#3673,.F.);
#2000=ORIENTED_EDGE('',*,*,#3681,.T.);
#2001=ORIENTED_EDGE('',*,*,#3603,.T.);
#2002=ORIENTED_EDGE('',*,*,#3682,.F.);
#2003=ORIENTED_EDGE('',*,*,#3674,.F.);
#2004=ORIENTED_EDGE('',*,*,#3682,.T.);
#2005=ORIENTED_EDGE('',*,*,#3602,.T.);
#2006=ORIENTED_EDGE('',*,*,#3683,.F.);
#2007=ORIENTED_EDGE('',*,*,#3675,.F.);
#2008=ORIENTED_EDGE('',*,*,#3683,.T.);
#2009=ORIENTED_EDGE('',*,*,#3601,.T.);
#2010=ORIENTED_EDGE('',*,*,#3684,.F.);
#2011=ORIENTED_EDGE('',*,*,#3676,.F.);
#2012=ORIENTED_EDGE('',*,*,#3684,.T.);
#2013=ORIENTED_EDGE('',*,*,#3600,.T.);
#2014=ORIENTED_EDGE('',*,*,#3685,.F.);
#2015=ORIENTED_EDGE('',*,*,#3669,.F.);
#2016=ORIENTED_EDGE('',*,*,#3685,.T.);
#2017=ORIENTED_EDGE('',*,*,#3599,.T.);
#2018=ORIENTED_EDGE('',*,*,#3678,.F.);
#2019=ORIENTED_EDGE('',*,*,#3686,.T.);
#2020=ORIENTED_EDGE('',*,*,#3687,.T.);
#2021=ORIENTED_EDGE('',*,*,#3688,.F.);
#2022=ORIENTED_EDGE('',*,*,#3689,.T.);
#2023=ORIENTED_EDGE('',*,*,#3690,.F.);
#2024=ORIENTED_EDGE('',*,*,#3691,.T.);
#2025=ORIENTED_EDGE('',*,*,#3692,.T.);
#2026=ORIENTED_EDGE('',*,*,#3693,.T.);
#2027=ORIENTED_EDGE('',*,*,#3694,.F.);
#2028=ORIENTED_EDGE('',*,*,#3695,.F.);
#2029=ORIENTED_EDGE('',*,*,#3696,.F.);
#2030=ORIENTED_EDGE('',*,*,#3697,.F.);
#2031=ORIENTED_EDGE('',*,*,#3698,.F.);
#2032=ORIENTED_EDGE('',*,*,#3699,.F.);
#2033=ORIENTED_EDGE('',*,*,#3700,.F.);
#2034=ORIENTED_EDGE('',*,*,#3701,.F.);
#2035=ORIENTED_EDGE('',*,*,#3702,.T.);
#2036=ORIENTED_EDGE('',*,*,#3703,.F.);
#2037=ORIENTED_EDGE('',*,*,#3704,.T.);
#2038=ORIENTED_EDGE('',*,*,#3705,.F.);
#2039=ORIENTED_EDGE('',*,*,#3706,.T.);
#2040=ORIENTED_EDGE('',*,*,#3707,.T.);
#2041=ORIENTED_EDGE('',*,*,#3704,.F.);
#2042=ORIENTED_EDGE('',*,*,#3708,.T.);
#2043=ORIENTED_EDGE('',*,*,#3709,.T.);
#2044=ORIENTED_EDGE('',*,*,#3702,.F.);
#2045=ORIENTED_EDGE('',*,*,#3687,.F.);
#2046=ORIENTED_EDGE('',*,*,#3710,.F.);
#2047=ORIENTED_EDGE('',*,*,#3706,.F.);
#2048=ORIENTED_EDGE('',*,*,#3711,.F.);
#2049=ORIENTED_EDGE('',*,*,#3712,.T.);
#2050=ORIENTED_EDGE('',*,*,#3713,.F.);
#2051=ORIENTED_EDGE('',*,*,#3707,.F.);
#2052=ORIENTED_EDGE('',*,*,#3714,.F.);
#2053=ORIENTED_EDGE('',*,*,#3715,.T.);
#2054=ORIENTED_EDGE('',*,*,#3716,.F.);
#2055=ORIENTED_EDGE('',*,*,#3708,.F.);
#2056=ORIENTED_EDGE('',*,*,#3717,.F.);
#2057=ORIENTED_EDGE('',*,*,#3689,.F.);
#2058=ORIENTED_EDGE('',*,*,#3718,.F.);
#2059=ORIENTED_EDGE('',*,*,#3709,.F.);
#2060=ORIENTED_EDGE('',*,*,#3719,.F.);
#2061=ORIENTED_EDGE('',*,*,#3720,.T.);
#2062=ORIENTED_EDGE('',*,*,#3721,.T.);
#2063=ORIENTED_EDGE('',*,*,#3712,.F.);
#2064=ORIENTED_EDGE('',*,*,#3722,.T.);
#2065=ORIENTED_EDGE('',*,*,#3723,.T.);
#2066=ORIENTED_EDGE('',*,*,#3715,.F.);
#2067=ORIENTED_EDGE('',*,*,#3693,.F.);
#2068=ORIENTED_EDGE('',*,*,#3724,.F.);
#2069=ORIENTED_EDGE('',*,*,#3720,.F.);
#2070=ORIENTED_EDGE('',*,*,#3725,.F.);
#2071=ORIENTED_EDGE('',*,*,#3721,.F.);
#2072=ORIENTED_EDGE('',*,*,#3726,.F.);
#2073=ORIENTED_EDGE('',*,*,#3722,.F.);
#2074=ORIENTED_EDGE('',*,*,#3727,.F.);
#2075=ORIENTED_EDGE('',*,*,#3691,.F.);
#2076=ORIENTED_EDGE('',*,*,#3728,.F.);
#2077=ORIENTED_EDGE('',*,*,#3723,.F.);
#2078=ORIENTED_EDGE('',*,*,#3729,.F.);
#2079=ORIENTED_EDGE('',*,*,#3714,.T.);
#2080=ORIENTED_EDGE('',*,*,#3710,.T.);
#2081=ORIENTED_EDGE('',*,*,#3686,.F.);
#2082=ORIENTED_EDGE('',*,*,#3725,.T.);
#2083=ORIENTED_EDGE('',*,*,#3690,.T.);
#2084=ORIENTED_EDGE('',*,*,#3719,.T.);
#2085=ORIENTED_EDGE('',*,*,#3716,.T.);
#2086=ORIENTED_EDGE('',*,*,#3728,.T.);
#2087=ORIENTED_EDGE('',*,*,#3688,.T.);
#2088=ORIENTED_EDGE('',*,*,#3711,.T.);
#2089=ORIENTED_EDGE('',*,*,#3703,.T.);
#2090=ORIENTED_EDGE('',*,*,#3718,.T.);
#2091=ORIENTED_EDGE('',*,*,#3726,.T.);
#2092=ORIENTED_EDGE('',*,*,#3724,.T.);
#2093=ORIENTED_EDGE('',*,*,#3692,.F.);
#2094=ORIENTED_EDGE('',*,*,#3729,.T.);
#2095=ORIENTED_EDGE('',*,*,#3717,.T.);
#2096=ORIENTED_EDGE('',*,*,#3705,.T.);
#2097=ORIENTED_EDGE('',*,*,#3713,.T.);
#2098=ORIENTED_EDGE('',*,*,#3727,.T.);
#2099=ORIENTED_EDGE('',*,*,#3730,.F.);
#2100=ORIENTED_EDGE('',*,*,#3731,.T.);
#2101=ORIENTED_EDGE('',*,*,#3732,.F.);
#2102=ORIENTED_EDGE('',*,*,#3733,.T.);
#2103=ORIENTED_EDGE('',*,*,#3734,.F.);
#2104=ORIENTED_EDGE('',*,*,#3732,.T.);
#2105=ORIENTED_EDGE('',*,*,#3735,.F.);
#2106=ORIENTED_EDGE('',*,*,#3736,.F.);
#2107=ORIENTED_EDGE('',*,*,#3730,.T.);
#2108=ORIENTED_EDGE('',*,*,#3737,.F.);
#2109=ORIENTED_EDGE('',*,*,#3738,.T.);
#2110=ORIENTED_EDGE('',*,*,#3739,.T.);
#2111=ORIENTED_EDGE('',*,*,#3734,.T.);
#2112=ORIENTED_EDGE('',*,*,#3740,.T.);
#2113=ORIENTED_EDGE('',*,*,#3741,.F.);
#2114=ORIENTED_EDGE('',*,*,#3742,.T.);
#2115=ORIENTED_EDGE('',*,*,#3735,.T.);
#2116=ORIENTED_EDGE('',*,*,#3743,.T.);
#2117=ORIENTED_EDGE('',*,*,#3744,.F.);
#2118=ORIENTED_EDGE('',*,*,#3745,.T.);
#2119=ORIENTED_EDGE('',*,*,#3736,.T.);
#2120=ORIENTED_EDGE('',*,*,#3746,.T.);
#2121=ORIENTED_EDGE('',*,*,#3747,.T.);
#2122=ORIENTED_EDGE('',*,*,#3748,.T.);
#2123=ORIENTED_EDGE('',*,*,#3737,.T.);
#2124=ORIENTED_EDGE('',*,*,#3749,.T.);
#2125=ORIENTED_EDGE('',*,*,#3750,.F.);
#2126=ORIENTED_EDGE('',*,*,#3741,.T.);
#2127=ORIENTED_EDGE('',*,*,#3751,.F.);
#2128=ORIENTED_EDGE('',*,*,#3752,.F.);
#2129=ORIENTED_EDGE('',*,*,#3744,.T.);
#2130=ORIENTED_EDGE('',*,*,#3753,.F.);
#2131=ORIENTED_EDGE('',*,*,#3754,.T.);
#2132=ORIENTED_EDGE('',*,*,#3755,.T.);
#2133=ORIENTED_EDGE('',*,*,#3750,.T.);
#2134=ORIENTED_EDGE('',*,*,#3756,.T.);
#2135=ORIENTED_EDGE('',*,*,#3751,.T.);
#2136=ORIENTED_EDGE('',*,*,#3757,.T.);
#2137=ORIENTED_EDGE('',*,*,#3752,.T.);
#2138=ORIENTED_EDGE('',*,*,#3758,.T.);
#2139=ORIENTED_EDGE('',*,*,#3759,.T.);
#2140=ORIENTED_EDGE('',*,*,#3760,.T.);
#2141=ORIENTED_EDGE('',*,*,#3753,.T.);
#2142=ORIENTED_EDGE('',*,*,#3761,.T.);
#2143=ORIENTED_EDGE('',*,*,#3742,.F.);
#2144=ORIENTED_EDGE('',*,*,#3755,.F.);
#2145=ORIENTED_EDGE('',*,*,#3762,.T.);
#2146=ORIENTED_EDGE('',*,*,#3740,.F.);
#2147=ORIENTED_EDGE('',*,*,#3763,.F.);
#2148=ORIENTED_EDGE('',*,*,#3761,.F.);
#2149=ORIENTED_EDGE('',*,*,#3746,.F.);
#2150=ORIENTED_EDGE('',*,*,#3748,.F.);
#2151=ORIENTED_EDGE('',*,*,#3764,.F.);
#2152=ORIENTED_EDGE('',*,*,#3749,.F.);
#2153=ORIENTED_EDGE('',*,*,#3733,.F.);
#2154=ORIENTED_EDGE('',*,*,#3739,.F.);
#2155=ORIENTED_EDGE('',*,*,#3765,.T.);
#2156=ORIENTED_EDGE('',*,*,#3766,.T.);
#2157=ORIENTED_EDGE('',*,*,#3767,.T.);
#2158=ORIENTED_EDGE('',*,*,#3768,.T.);
#2159=ORIENTED_EDGE('',*,*,#3769,.T.);
#2160=ORIENTED_EDGE('',*,*,#3770,.T.);
#2161=ORIENTED_EDGE('',*,*,#3771,.T.);
#2162=ORIENTED_EDGE('',*,*,#3772,.T.);
#2163=ORIENTED_EDGE('',*,*,#3762,.F.);
#2164=ORIENTED_EDGE('',*,*,#3754,.F.);
#2165=ORIENTED_EDGE('',*,*,#3773,.F.);
#2166=ORIENTED_EDGE('',*,*,#3759,.F.);
#2167=ORIENTED_EDGE('',*,*,#3763,.T.);
#2168=ORIENTED_EDGE('',*,*,#3747,.F.);
#2169=ORIENTED_EDGE('',*,*,#3764,.T.);
#2170=ORIENTED_EDGE('',*,*,#3738,.F.);
#2171=ORIENTED_EDGE('',*,*,#3758,.F.);
#2172=ORIENTED_EDGE('',*,*,#3760,.F.);
#2173=ORIENTED_EDGE('',*,*,#3773,.T.);
#2174=ORIENTED_EDGE('',*,*,#3756,.F.);
#2175=ORIENTED_EDGE('',*,*,#3745,.F.);
#2176=ORIENTED_EDGE('',*,*,#3757,.F.);
#2177=ORIENTED_EDGE('',*,*,#3743,.F.);
#2178=ORIENTED_EDGE('',*,*,#3731,.F.);
#2179=ORIENTED_EDGE('',*,*,#3766,.F.);
#2180=ORIENTED_EDGE('',*,*,#3774,.T.);
#2181=ORIENTED_EDGE('',*,*,#3694,.T.);
#2182=ORIENTED_EDGE('',*,*,#3775,.F.);
#2183=ORIENTED_EDGE('',*,*,#3767,.F.);
#2184=ORIENTED_EDGE('',*,*,#3775,.T.);
#2185=ORIENTED_EDGE('',*,*,#3701,.T.);
#2186=ORIENTED_EDGE('',*,*,#3776,.F.);
#2187=ORIENTED_EDGE('',*,*,#3768,.F.);
#2188=ORIENTED_EDGE('',*,*,#3776,.T.);
#2189=ORIENTED_EDGE('',*,*,#3700,.T.);
#2190=ORIENTED_EDGE('',*,*,#3777,.F.);
#2191=ORIENTED_EDGE('',*,*,#3769,.F.);
#2192=ORIENTED_EDGE('',*,*,#3777,.T.);
#2193=ORIENTED_EDGE('',*,*,#3699,.T.);
#2194=ORIENTED_EDGE('',*,*,#3778,.F.);
#2195=ORIENTED_EDGE('',*,*,#3770,.F.);
#2196=ORIENTED_EDGE('',*,*,#3778,.T.);
#2197=ORIENTED_EDGE('',*,*,#3698,.T.);
#2198=ORIENTED_EDGE('',*,*,#3779,.F.);
#2199=ORIENTED_EDGE('',*,*,#3771,.F.);
#2200=ORIENTED_EDGE('',*,*,#3779,.T.);
#2201=ORIENTED_EDGE('',*,*,#3697,.T.);
#2202=ORIENTED_EDGE('',*,*,#3780,.F.);
#2203=ORIENTED_EDGE('',*,*,#3772,.F.);
#2204=ORIENTED_EDGE('',*,*,#3780,.T.);
#2205=ORIENTED_EDGE('',*,*,#3696,.T.);
#2206=ORIENTED_EDGE('',*,*,#3781,.F.);
#2207=ORIENTED_EDGE('',*,*,#3765,.F.);
#2208=ORIENTED_EDGE('',*,*,#3781,.T.);
#2209=ORIENTED_EDGE('',*,*,#3695,.T.);
#2210=ORIENTED_EDGE('',*,*,#3774,.F.);
#2211=ORIENTED_EDGE('',*,*,#3782,.F.);
#2212=ORIENTED_EDGE('',*,*,#3783,.F.);
#2213=ORIENTED_EDGE('',*,*,#3784,.F.);
#2214=ORIENTED_EDGE('',*,*,#3785,.F.);
#2215=ORIENTED_EDGE('',*,*,#3786,.T.);
#2216=ORIENTED_EDGE('',*,*,#3787,.F.);
#2217=ORIENTED_EDGE('',*,*,#3788,.T.);
#2218=ORIENTED_EDGE('',*,*,#3789,.F.);
#2219=ORIENTED_EDGE('',*,*,#3790,.T.);
#2220=ORIENTED_EDGE('',*,*,#3791,.T.);
#2221=ORIENTED_EDGE('',*,*,#3792,.T.);
#2222=ORIENTED_EDGE('',*,*,#3793,.T.);
#2223=ORIENTED_EDGE('',*,*,#3794,.T.);
#2224=ORIENTED_EDGE('',*,*,#3795,.T.);
#2225=ORIENTED_EDGE('',*,*,#3796,.T.);
#2226=ORIENTED_EDGE('',*,*,#3797,.T.);
#2227=ORIENTED_EDGE('',*,*,#3798,.F.);
#2228=ORIENTED_EDGE('',*,*,#3799,.T.);
#2229=ORIENTED_EDGE('',*,*,#3800,.F.);
#2230=ORIENTED_EDGE('',*,*,#3801,.T.);
#2231=ORIENTED_EDGE('',*,*,#3802,.F.);
#2232=ORIENTED_EDGE('',*,*,#3800,.T.);
#2233=ORIENTED_EDGE('',*,*,#3803,.F.);
#2234=ORIENTED_EDGE('',*,*,#3804,.F.);
#2235=ORIENTED_EDGE('',*,*,#3798,.T.);
#2236=ORIENTED_EDGE('',*,*,#3805,.F.);
#2237=ORIENTED_EDGE('',*,*,#3789,.T.);
#2238=ORIENTED_EDGE('',*,*,#3806,.T.);
#2239=ORIENTED_EDGE('',*,*,#3802,.T.);
#2240=ORIENTED_EDGE('',*,*,#3807,.T.);
#2241=ORIENTED_EDGE('',*,*,#3808,.F.);
#2242=ORIENTED_EDGE('',*,*,#3809,.T.);
#2243=ORIENTED_EDGE('',*,*,#3803,.T.);
#2244=ORIENTED_EDGE('',*,*,#3810,.T.);
#2245=ORIENTED_EDGE('',*,*,#3811,.F.);
#2246=ORIENTED_EDGE('',*,*,#3812,.T.);
#2247=ORIENTED_EDGE('',*,*,#3804,.T.);
#2248=ORIENTED_EDGE('',*,*,#3813,.T.);
#2249=ORIENTED_EDGE('',*,*,#3787,.T.);
#2250=ORIENTED_EDGE('',*,*,#3814,.T.);
#2251=ORIENTED_EDGE('',*,*,#3805,.T.);
#2252=ORIENTED_EDGE('',*,*,#3815,.T.);
#2253=ORIENTED_EDGE('',*,*,#3816,.F.);
#2254=ORIENTED_EDGE('',*,*,#3808,.T.);
#2255=ORIENTED_EDGE('',*,*,#3817,.F.);
#2256=ORIENTED_EDGE('',*,*,#3818,.F.);
#2257=ORIENTED_EDGE('',*,*,#3811,.T.);
#2258=ORIENTED_EDGE('',*,*,#3819,.F.);
#2259=ORIENTED_EDGE('',*,*,#3783,.T.);
#2260=ORIENTED_EDGE('',*,*,#3820,.T.);
#2261=ORIENTED_EDGE('',*,*,#3816,.T.);
#2262=ORIENTED_EDGE('',*,*,#3821,.T.);
#2263=ORIENTED_EDGE('',*,*,#3817,.T.);
#2264=ORIENTED_EDGE('',*,*,#3822,.T.);
#2265=ORIENTED_EDGE('',*,*,#3818,.T.);
#2266=ORIENTED_EDGE('',*,*,#3823,.T.);
#2267=ORIENTED_EDGE('',*,*,#3785,.T.);
#2268=ORIENTED_EDGE('',*,*,#3824,.T.);
#2269=ORIENTED_EDGE('',*,*,#3819,.T.);
#2270=ORIENTED_EDGE('',*,*,#3825,.T.);
#2271=ORIENTED_EDGE('',*,*,#3809,.F.);
#2272=ORIENTED_EDGE('',*,*,#3820,.F.);
#2273=ORIENTED_EDGE('',*,*,#3782,.T.);
#2274=ORIENTED_EDGE('',*,*,#3807,.F.);
#2275=ORIENTED_EDGE('',*,*,#3786,.F.);
#2276=ORIENTED_EDGE('',*,*,#3825,.F.);
#2277=ORIENTED_EDGE('',*,*,#3813,.F.);
#2278=ORIENTED_EDGE('',*,*,#3814,.F.);
#2279=ORIENTED_EDGE('',*,*,#3788,.F.);
#2280=ORIENTED_EDGE('',*,*,#3815,.F.);
#2281=ORIENTED_EDGE('',*,*,#3801,.F.);
#2282=ORIENTED_EDGE('',*,*,#3806,.F.);
#2283=ORIENTED_EDGE('',*,*,#3823,.F.);
#2284=ORIENTED_EDGE('',*,*,#3824,.F.);
#2285=ORIENTED_EDGE('',*,*,#3784,.T.);
#2286=ORIENTED_EDGE('',*,*,#3821,.F.);
#2287=ORIENTED_EDGE('',*,*,#3812,.F.);
#2288=ORIENTED_EDGE('',*,*,#3822,.F.);
#2289=ORIENTED_EDGE('',*,*,#3810,.F.);
#2290=ORIENTED_EDGE('',*,*,#3799,.F.);
#2291=ORIENTED_EDGE('',*,*,#3826,.T.);
#2292=ORIENTED_EDGE('',*,*,#3827,.F.);
#2293=ORIENTED_EDGE('',*,*,#3828,.T.);
#2294=ORIENTED_EDGE('',*,*,#3829,.F.);
#2295=ORIENTED_EDGE('',*,*,#3830,.T.);
#2296=ORIENTED_EDGE('',*,*,#3831,.T.);
#2297=ORIENTED_EDGE('',*,*,#3828,.F.);
#2298=ORIENTED_EDGE('',*,*,#3832,.T.);
#2299=ORIENTED_EDGE('',*,*,#3833,.T.);
#2300=ORIENTED_EDGE('',*,*,#3826,.F.);
#2301=ORIENTED_EDGE('',*,*,#3834,.F.);
#2302=ORIENTED_EDGE('',*,*,#3835,.F.);
#2303=ORIENTED_EDGE('',*,*,#3830,.F.);
#2304=ORIENTED_EDGE('',*,*,#3836,.F.);
#2305=ORIENTED_EDGE('',*,*,#3837,.T.);
#2306=ORIENTED_EDGE('',*,*,#3838,.F.);
#2307=ORIENTED_EDGE('',*,*,#3831,.F.);
#2308=ORIENTED_EDGE('',*,*,#3839,.F.);
#2309=ORIENTED_EDGE('',*,*,#3840,.T.);
#2310=ORIENTED_EDGE('',*,*,#3841,.F.);
#2311=ORIENTED_EDGE('',*,*,#3832,.F.);
#2312=ORIENTED_EDGE('',*,*,#3842,.F.);
#2313=ORIENTED_EDGE('',*,*,#3843,.F.);
#2314=ORIENTED_EDGE('',*,*,#3844,.F.);
#2315=ORIENTED_EDGE('',*,*,#3833,.F.);
#2316=ORIENTED_EDGE('',*,*,#3845,.F.);
#2317=ORIENTED_EDGE('',*,*,#3846,.T.);
#2318=ORIENTED_EDGE('',*,*,#3847,.T.);
#2319=ORIENTED_EDGE('',*,*,#3837,.F.);
#2320=ORIENTED_EDGE('',*,*,#3848,.T.);
#2321=ORIENTED_EDGE('',*,*,#3849,.T.);
#2322=ORIENTED_EDGE('',*,*,#3840,.F.);
#2323=ORIENTED_EDGE('',*,*,#3850,.F.);
#2324=ORIENTED_EDGE('',*,*,#3851,.F.);
#2325=ORIENTED_EDGE('',*,*,#3846,.F.);
#2326=ORIENTED_EDGE('',*,*,#3852,.F.);
#2327=ORIENTED_EDGE('',*,*,#3847,.F.);
#2328=ORIENTED_EDGE('',*,*,#3853,.F.);
#2329=ORIENTED_EDGE('',*,*,#3848,.F.);
#2330=ORIENTED_EDGE('',*,*,#3854,.F.);
#2331=ORIENTED_EDGE('',*,*,#3855,.F.);
#2332=ORIENTED_EDGE('',*,*,#3856,.F.);
#2333=ORIENTED_EDGE('',*,*,#3849,.F.);
#2334=ORIENTED_EDGE('',*,*,#3857,.F.);
#2335=ORIENTED_EDGE('',*,*,#3839,.T.);
#2336=ORIENTED_EDGE('',*,*,#3835,.T.);
#2337=ORIENTED_EDGE('',*,*,#3858,.F.);
#2338=ORIENTED_EDGE('',*,*,#3852,.T.);
#2339=ORIENTED_EDGE('',*,*,#3859,.T.);
#2340=ORIENTED_EDGE('',*,*,#3845,.T.);
#2341=ORIENTED_EDGE('',*,*,#3841,.T.);
#2342=ORIENTED_EDGE('',*,*,#3856,.T.);
#2343=ORIENTED_EDGE('',*,*,#3860,.T.);
#2344=ORIENTED_EDGE('',*,*,#3836,.T.);
#2345=ORIENTED_EDGE('',*,*,#3827,.T.);
#2346=ORIENTED_EDGE('',*,*,#3844,.T.);
#2347=ORIENTED_EDGE('',*,*,#3861,.F.);
#2348=ORIENTED_EDGE('',*,*,#3862,.F.);
#2349=ORIENTED_EDGE('',*,*,#3863,.F.);
#2350=ORIENTED_EDGE('',*,*,#3864,.F.);
#2351=ORIENTED_EDGE('',*,*,#3865,.F.);
#2352=ORIENTED_EDGE('',*,*,#3866,.F.);
#2353=ORIENTED_EDGE('',*,*,#3867,.F.);
#2354=ORIENTED_EDGE('',*,*,#3868,.F.);
#2355=ORIENTED_EDGE('',*,*,#3858,.T.);
#2356=ORIENTED_EDGE('',*,*,#3834,.T.);
#2357=ORIENTED_EDGE('',*,*,#3860,.F.);
#2358=ORIENTED_EDGE('',*,*,#3843,.T.);
#2359=ORIENTED_EDGE('',*,*,#3859,.F.);
#2360=ORIENTED_EDGE('',*,*,#3855,.T.);
#2361=ORIENTED_EDGE('',*,*,#3869,.T.);
#2362=ORIENTED_EDGE('',*,*,#3850,.T.);
#2363=ORIENTED_EDGE('',*,*,#3853,.T.);
#2364=ORIENTED_EDGE('',*,*,#3851,.T.);
#2365=ORIENTED_EDGE('',*,*,#3869,.F.);
#2366=ORIENTED_EDGE('',*,*,#3857,.T.);
#2367=ORIENTED_EDGE('',*,*,#3842,.T.);
#2368=ORIENTED_EDGE('',*,*,#3829,.T.);
#2369=ORIENTED_EDGE('',*,*,#3838,.T.);
#2370=ORIENTED_EDGE('',*,*,#3854,.T.);
#2371=ORIENTED_EDGE('',*,*,#3868,.T.);
#2372=ORIENTED_EDGE('',*,*,#3870,.T.);
#2373=ORIENTED_EDGE('',*,*,#3790,.F.);
#2374=ORIENTED_EDGE('',*,*,#3871,.F.);
#2375=ORIENTED_EDGE('',*,*,#3867,.T.);
#2376=ORIENTED_EDGE('',*,*,#3872,.T.);
#2377=ORIENTED_EDGE('',*,*,#3791,.F.);
#2378=ORIENTED_EDGE('',*,*,#3870,.F.);
#2379=ORIENTED_EDGE('',*,*,#3866,.T.);
#2380=ORIENTED_EDGE('',*,*,#3873,.T.);
#2381=ORIENTED_EDGE('',*,*,#3792,.F.);
#2382=ORIENTED_EDGE('',*,*,#3872,.F.);
#2383=ORIENTED_EDGE('',*,*,#3865,.T.);
#2384=ORIENTED_EDGE('',*,*,#3874,.T.);
#2385=ORIENTED_EDGE('',*,*,#3793,.F.);
#2386=ORIENTED_EDGE('',*,*,#3873,.F.);
#2387=ORIENTED_EDGE('',*,*,#3864,.T.);
#2388=ORIENTED_EDGE('',*,*,#3875,.T.);
#2389=ORIENTED_EDGE('',*,*,#3794,.F.);
#2390=ORIENTED_EDGE('',*,*,#3874,.F.);
#2391=ORIENTED_EDGE('',*,*,#3863,.T.);
#2392=ORIENTED_EDGE('',*,*,#3876,.T.);
#2393=ORIENTED_EDGE('',*,*,#3795,.F.);
#2394=ORIENTED_EDGE('',*,*,#3875,.F.);
#2395=ORIENTED_EDGE('',*,*,#3862,.T.);
#2396=ORIENTED_EDGE('',*,*,#3877,.T.);
#2397=ORIENTED_EDGE('',*,*,#3796,.F.);
#2398=ORIENTED_EDGE('',*,*,#3876,.F.);
#2399=ORIENTED_EDGE('',*,*,#3861,.T.);
#2400=ORIENTED_EDGE('',*,*,#3871,.T.);
#2401=ORIENTED_EDGE('',*,*,#3797,.F.);
#2402=ORIENTED_EDGE('',*,*,#3877,.F.);
#2403=ORIENTED_EDGE('',*,*,#3878,.F.);
#2404=ORIENTED_EDGE('',*,*,#3879,.F.);
#2405=ORIENTED_EDGE('',*,*,#3880,.F.);
#2406=ORIENTED_EDGE('',*,*,#3881,.F.);
#2407=ORIENTED_EDGE('',*,*,#3882,.T.);
#2408=ORIENTED_EDGE('',*,*,#3883,.F.);
#2409=ORIENTED_EDGE('',*,*,#3884,.T.);
#2410=ORIENTED_EDGE('',*,*,#3885,.F.);
#2411=ORIENTED_EDGE('',*,*,#3886,.T.);
#2412=ORIENTED_EDGE('',*,*,#3887,.T.);
#2413=ORIENTED_EDGE('',*,*,#3888,.T.);
#2414=ORIENTED_EDGE('',*,*,#3889,.T.);
#2415=ORIENTED_EDGE('',*,*,#3890,.T.);
#2416=ORIENTED_EDGE('',*,*,#3891,.T.);
#2417=ORIENTED_EDGE('',*,*,#3892,.T.);
#2418=ORIENTED_EDGE('',*,*,#3893,.T.);
#2419=ORIENTED_EDGE('',*,*,#3894,.F.);
#2420=ORIENTED_EDGE('',*,*,#3895,.T.);
#2421=ORIENTED_EDGE('',*,*,#3896,.F.);
#2422=ORIENTED_EDGE('',*,*,#3897,.T.);
#2423=ORIENTED_EDGE('',*,*,#3898,.F.);
#2424=ORIENTED_EDGE('',*,*,#3896,.T.);
#2425=ORIENTED_EDGE('',*,*,#3899,.F.);
#2426=ORIENTED_EDGE('',*,*,#3900,.F.);
#2427=ORIENTED_EDGE('',*,*,#3894,.T.);
#2428=ORIENTED_EDGE('',*,*,#3901,.F.);
#2429=ORIENTED_EDGE('',*,*,#3885,.T.);
#2430=ORIENTED_EDGE('',*,*,#3902,.T.);
#2431=ORIENTED_EDGE('',*,*,#3898,.T.);
#2432=ORIENTED_EDGE('',*,*,#3903,.T.);
#2433=ORIENTED_EDGE('',*,*,#3904,.F.);
#2434=ORIENTED_EDGE('',*,*,#3905,.T.);
#2435=ORIENTED_EDGE('',*,*,#3899,.T.);
#2436=ORIENTED_EDGE('',*,*,#3906,.T.);
#2437=ORIENTED_EDGE('',*,*,#3907,.F.);
#2438=ORIENTED_EDGE('',*,*,#3908,.T.);
#2439=ORIENTED_EDGE('',*,*,#3900,.T.);
#2440=ORIENTED_EDGE('',*,*,#3909,.T.);
#2441=ORIENTED_EDGE('',*,*,#3883,.T.);
#2442=ORIENTED_EDGE('',*,*,#3910,.T.);
#2443=ORIENTED_EDGE('',*,*,#3901,.T.);
#2444=ORIENTED_EDGE('',*,*,#3911,.T.);
#2445=ORIENTED_EDGE('',*,*,#3912,.F.);
#2446=ORIENTED_EDGE('',*,*,#3904,.T.);
#2447=ORIENTED_EDGE('',*,*,#3913,.F.);
#2448=ORIENTED_EDGE('',*,*,#3914,.F.);
#2449=ORIENTED_EDGE('',*,*,#3907,.T.);
#2450=ORIENTED_EDGE('',*,*,#3915,.F.);
#2451=ORIENTED_EDGE('',*,*,#3879,.T.);
#2452=ORIENTED_EDGE('',*,*,#3916,.T.);
#2453=ORIENTED_EDGE('',*,*,#3912,.T.);
#2454=ORIENTED_EDGE('',*,*,#3917,.T.);
#2455=ORIENTED_EDGE('',*,*,#3913,.T.);
#2456=ORIENTED_EDGE('',*,*,#3918,.T.);
#2457=ORIENTED_EDGE('',*,*,#3914,.T.);
#2458=ORIENTED_EDGE('',*,*,#3919,.T.);
#2459=ORIENTED_EDGE('',*,*,#3881,.T.);
#2460=ORIENTED_EDGE('',*,*,#3920,.T.);
#2461=ORIENTED_EDGE('',*,*,#3915,.T.);
#2462=ORIENTED_EDGE('',*,*,#3921,.T.);
#2463=ORIENTED_EDGE('',*,*,#3905,.F.);
#2464=ORIENTED_EDGE('',*,*,#3916,.F.);
#2465=ORIENTED_EDGE('',*,*,#3878,.T.);
#2466=ORIENTED_EDGE('',*,*,#3903,.F.);
#2467=ORIENTED_EDGE('',*,*,#3882,.F.);
#2468=ORIENTED_EDGE('',*,*,#3921,.F.);
#2469=ORIENTED_EDGE('',*,*,#3909,.F.);
#2470=ORIENTED_EDGE('',*,*,#3910,.F.);
#2471=ORIENTED_EDGE('',*,*,#3884,.F.);
#2472=ORIENTED_EDGE('',*,*,#3911,.F.);
#2473=ORIENTED_EDGE('',*,*,#3897,.F.);
#2474=ORIENTED_EDGE('',*,*,#3902,.F.);
#2475=ORIENTED_EDGE('',*,*,#3919,.F.);
#2476=ORIENTED_EDGE('',*,*,#3920,.F.);
#2477=ORIENTED_EDGE('',*,*,#3880,.T.);
#2478=ORIENTED_EDGE('',*,*,#3917,.F.);
#2479=ORIENTED_EDGE('',*,*,#3908,.F.);
#2480=ORIENTED_EDGE('',*,*,#3918,.F.);
#2481=ORIENTED_EDGE('',*,*,#3906,.F.);
#2482=ORIENTED_EDGE('',*,*,#3895,.F.);
#2483=ORIENTED_EDGE('',*,*,#3922,.T.);
#2484=ORIENTED_EDGE('',*,*,#3923,.F.);
#2485=ORIENTED_EDGE('',*,*,#3924,.T.);
#2486=ORIENTED_EDGE('',*,*,#3925,.F.);
#2487=ORIENTED_EDGE('',*,*,#3926,.T.);
#2488=ORIENTED_EDGE('',*,*,#3927,.T.);
#2489=ORIENTED_EDGE('',*,*,#3924,.F.);
#2490=ORIENTED_EDGE('',*,*,#3928,.T.);
#2491=ORIENTED_EDGE('',*,*,#3929,.T.);
#2492=ORIENTED_EDGE('',*,*,#3922,.F.);
#2493=ORIENTED_EDGE('',*,*,#3930,.F.);
#2494=ORIENTED_EDGE('',*,*,#3931,.F.);
#2495=ORIENTED_EDGE('',*,*,#3926,.F.);
#2496=ORIENTED_EDGE('',*,*,#3932,.F.);
#2497=ORIENTED_EDGE('',*,*,#3933,.T.);
#2498=ORIENTED_EDGE('',*,*,#3934,.F.);
#2499=ORIENTED_EDGE('',*,*,#3927,.F.);
#2500=ORIENTED_EDGE('',*,*,#3935,.F.);
#2501=ORIENTED_EDGE('',*,*,#3936,.T.);
#2502=ORIENTED_EDGE('',*,*,#3937,.F.);
#2503=ORIENTED_EDGE('',*,*,#3928,.F.);
#2504=ORIENTED_EDGE('',*,*,#3938,.F.);
#2505=ORIENTED_EDGE('',*,*,#3939,.F.);
#2506=ORIENTED_EDGE('',*,*,#3940,.F.);
#2507=ORIENTED_EDGE('',*,*,#3929,.F.);
#2508=ORIENTED_EDGE('',*,*,#3941,.F.);
#2509=ORIENTED_EDGE('',*,*,#3942,.T.);
#2510=ORIENTED_EDGE('',*,*,#3943,.T.);
#2511=ORIENTED_EDGE('',*,*,#3933,.F.);
#2512=ORIENTED_EDGE('',*,*,#3944,.T.);
#2513=ORIENTED_EDGE('',*,*,#3945,.T.);
#2514=ORIENTED_EDGE('',*,*,#3936,.F.);
#2515=ORIENTED_EDGE('',*,*,#3946,.F.);
#2516=ORIENTED_EDGE('',*,*,#3947,.F.);
#2517=ORIENTED_EDGE('',*,*,#3942,.F.);
#2518=ORIENTED_EDGE('',*,*,#3948,.F.);
#2519=ORIENTED_EDGE('',*,*,#3943,.F.);
#2520=ORIENTED_EDGE('',*,*,#3949,.F.);
#2521=ORIENTED_EDGE('',*,*,#3944,.F.);
#2522=ORIENTED_EDGE('',*,*,#3950,.F.);
#2523=ORIENTED_EDGE('',*,*,#3951,.F.);
#2524=ORIENTED_EDGE('',*,*,#3952,.F.);
#2525=ORIENTED_EDGE('',*,*,#3945,.F.);
#2526=ORIENTED_EDGE('',*,*,#3953,.F.);
#2527=ORIENTED_EDGE('',*,*,#3935,.T.);
#2528=ORIENTED_EDGE('',*,*,#3931,.T.);
#2529=ORIENTED_EDGE('',*,*,#3954,.F.);
#2530=ORIENTED_EDGE('',*,*,#3948,.T.);
#2531=ORIENTED_EDGE('',*,*,#3955,.T.);
#2532=ORIENTED_EDGE('',*,*,#3941,.T.);
#2533=ORIENTED_EDGE('',*,*,#3937,.T.);
#2534=ORIENTED_EDGE('',*,*,#3952,.T.);
#2535=ORIENTED_EDGE('',*,*,#3956,.T.);
#2536=ORIENTED_EDGE('',*,*,#3932,.T.);
#2537=ORIENTED_EDGE('',*,*,#3923,.T.);
#2538=ORIENTED_EDGE('',*,*,#3940,.T.);
#2539=ORIENTED_EDGE('',*,*,#3957,.F.);
#2540=ORIENTED_EDGE('',*,*,#3958,.F.);
#2541=ORIENTED_EDGE('',*,*,#3959,.F.);
#2542=ORIENTED_EDGE('',*,*,#3960,.F.);
#2543=ORIENTED_EDGE('',*,*,#3961,.F.);
#2544=ORIENTED_EDGE('',*,*,#3962,.F.);
#2545=ORIENTED_EDGE('',*,*,#3963,.F.);
#2546=ORIENTED_EDGE('',*,*,#3964,.F.);
#2547=ORIENTED_EDGE('',*,*,#3954,.T.);
#2548=ORIENTED_EDGE('',*,*,#3930,.T.);
#2549=ORIENTED_EDGE('',*,*,#3956,.F.);
#2550=ORIENTED_EDGE('',*,*,#3939,.T.);
#2551=ORIENTED_EDGE('',*,*,#3955,.F.);
#2552=ORIENTED_EDGE('',*,*,#3951,.T.);
#2553=ORIENTED_EDGE('',*,*,#3965,.T.);
#2554=ORIENTED_EDGE('',*,*,#3946,.T.);
#2555=ORIENTED_EDGE('',*,*,#3949,.T.);
#2556=ORIENTED_EDGE('',*,*,#3947,.T.);
#2557=ORIENTED_EDGE('',*,*,#3965,.F.);
#2558=ORIENTED_EDGE('',*,*,#3953,.T.);
#2559=ORIENTED_EDGE('',*,*,#3938,.T.);
#2560=ORIENTED_EDGE('',*,*,#3925,.T.);
#2561=ORIENTED_EDGE('',*,*,#3934,.T.);
#2562=ORIENTED_EDGE('',*,*,#3950,.T.);
#2563=ORIENTED_EDGE('',*,*,#3964,.T.);
#2564=ORIENTED_EDGE('',*,*,#3966,.T.);
#2565=ORIENTED_EDGE('',*,*,#3886,.F.);
#2566=ORIENTED_EDGE('',*,*,#3967,.F.);
#2567=ORIENTED_EDGE('',*,*,#3963,.T.);
#2568=ORIENTED_EDGE('',*,*,#3968,.T.);
#2569=ORIENTED_EDGE('',*,*,#3887,.F.);
#2570=ORIENTED_EDGE('',*,*,#3966,.F.);
#2571=ORIENTED_EDGE('',*,*,#3962,.T.);
#2572=ORIENTED_EDGE('',*,*,#3969,.T.);
#2573=ORIENTED_EDGE('',*,*,#3888,.F.);
#2574=ORIENTED_EDGE('',*,*,#3968,.F.);
#2575=ORIENTED_EDGE('',*,*,#3961,.T.);
#2576=ORIENTED_EDGE('',*,*,#3970,.T.);
#2577=ORIENTED_EDGE('',*,*,#3889,.F.);
#2578=ORIENTED_EDGE('',*,*,#3969,.F.);
#2579=ORIENTED_EDGE('',*,*,#3960,.T.);
#2580=ORIENTED_EDGE('',*,*,#3971,.T.);
#2581=ORIENTED_EDGE('',*,*,#3890,.F.);
#2582=ORIENTED_EDGE('',*,*,#3970,.F.);
#2583=ORIENTED_EDGE('',*,*,#3959,.T.);
#2584=ORIENTED_EDGE('',*,*,#3972,.T.);
#2585=ORIENTED_EDGE('',*,*,#3891,.F.);
#2586=ORIENTED_EDGE('',*,*,#3971,.F.);
#2587=ORIENTED_EDGE('',*,*,#3958,.T.);
#2588=ORIENTED_EDGE('',*,*,#3973,.T.);
#2589=ORIENTED_EDGE('',*,*,#3892,.F.);
#2590=ORIENTED_EDGE('',*,*,#3972,.F.);
#2591=ORIENTED_EDGE('',*,*,#3957,.T.);
#2592=ORIENTED_EDGE('',*,*,#3967,.T.);
#2593=ORIENTED_EDGE('',*,*,#3893,.F.);
#2594=ORIENTED_EDGE('',*,*,#3973,.F.);
#2595=ORIENTED_EDGE('',*,*,#3974,.T.);
#2596=ORIENTED_EDGE('',*,*,#3975,.T.);
#2597=ORIENTED_EDGE('',*,*,#3976,.T.);
#2598=ORIENTED_EDGE('',*,*,#3977,.T.);
#2599=ORIENTED_EDGE('',*,*,#3978,.F.);
#2600=ORIENTED_EDGE('',*,*,#3979,.T.);
#2601=ORIENTED_EDGE('',*,*,#3980,.F.);
#2602=ORIENTED_EDGE('',*,*,#3981,.T.);
#2603=ORIENTED_EDGE('',*,*,#3975,.F.);
#2604=ORIENTED_EDGE('',*,*,#3982,.T.);
#2605=ORIENTED_EDGE('',*,*,#3983,.F.);
#2606=ORIENTED_EDGE('',*,*,#3984,.T.);
#2607=ORIENTED_EDGE('',*,*,#3985,.T.);
#2608=ORIENTED_EDGE('',*,*,#3976,.F.);
#2609=ORIENTED_EDGE('',*,*,#3981,.F.);
#2610=ORIENTED_EDGE('',*,*,#3986,.F.);
#2611=ORIENTED_EDGE('',*,*,#3987,.F.);
#2612=ORIENTED_EDGE('',*,*,#3988,.T.);
#2613=ORIENTED_EDGE('',*,*,#3989,.F.);
#2614=ORIENTED_EDGE('',*,*,#3990,.F.);
#2615=ORIENTED_EDGE('',*,*,#3991,.F.);
#2616=ORIENTED_EDGE('',*,*,#3992,.T.);
#2617=ORIENTED_EDGE('',*,*,#3993,.F.);
#2618=ORIENTED_EDGE('',*,*,#3994,.F.);
#2619=ORIENTED_EDGE('',*,*,#3995,.F.);
#2620=ORIENTED_EDGE('',*,*,#3996,.T.);
#2621=ORIENTED_EDGE('',*,*,#3997,.F.);
#2622=ORIENTED_EDGE('',*,*,#3998,.F.);
#2623=ORIENTED_EDGE('',*,*,#3999,.F.);
#2624=ORIENTED_EDGE('',*,*,#4000,.T.);
#2625=ORIENTED_EDGE('',*,*,#3977,.F.);
#2626=ORIENTED_EDGE('',*,*,#3985,.F.);
#2627=ORIENTED_EDGE('',*,*,#3974,.F.);
#2628=ORIENTED_EDGE('',*,*,#4000,.F.);
#2629=ORIENTED_EDGE('',*,*,#4001,.F.);
#2630=ORIENTED_EDGE('',*,*,#3982,.F.);
#2631=ORIENTED_EDGE('',*,*,#3980,.T.);
#2632=ORIENTED_EDGE('',*,*,#4002,.T.);
#2633=ORIENTED_EDGE('',*,*,#3983,.T.);
#2634=ORIENTED_EDGE('',*,*,#4003,.F.);
#2635=ORIENTED_EDGE('',*,*,#4004,.T.);
#2636=ORIENTED_EDGE('',*,*,#4005,.F.);
#2637=ORIENTED_EDGE('',*,*,#4006,.F.);
#2638=ORIENTED_EDGE('',*,*,#3986,.T.);
#2639=ORIENTED_EDGE('',*,*,#4005,.T.);
#2640=ORIENTED_EDGE('',*,*,#4007,.T.);
#2641=ORIENTED_EDGE('',*,*,#3999,.T.);
#2642=ORIENTED_EDGE('',*,*,#4008,.F.);
#2643=ORIENTED_EDGE('',*,*,#3995,.T.);
#2644=ORIENTED_EDGE('',*,*,#4009,.F.);
#2645=ORIENTED_EDGE('',*,*,#3991,.T.);
#2646=ORIENTED_EDGE('',*,*,#4010,.F.);
#2647=ORIENTED_EDGE('',*,*,#3987,.T.);
#2648=ORIENTED_EDGE('',*,*,#4006,.T.);
#2649=ORIENTED_EDGE('',*,*,#4011,.T.);
#2650=ORIENTED_EDGE('',*,*,#4012,.F.);
#2651=ORIENTED_EDGE('',*,*,#4001,.T.);
#2652=ORIENTED_EDGE('',*,*,#4012,.T.);
#2653=ORIENTED_EDGE('',*,*,#4013,.T.);
#2654=ORIENTED_EDGE('',*,*,#4003,.T.);
#2655=ORIENTED_EDGE('',*,*,#4011,.F.);
#2656=ORIENTED_EDGE('',*,*,#4007,.F.);
#2657=ORIENTED_EDGE('',*,*,#4004,.F.);
#2658=ORIENTED_EDGE('',*,*,#4013,.F.);
#2659=ORIENTED_EDGE('',*,*,#3993,.T.);
#2660=ORIENTED_EDGE('',*,*,#4014,.T.);
#2661=ORIENTED_EDGE('',*,*,#4015,.T.);
#2662=ORIENTED_EDGE('',*,*,#4016,.F.);
#2663=ORIENTED_EDGE('',*,*,#4017,.F.);
#2664=ORIENTED_EDGE('',*,*,#4018,.T.);
#2665=ORIENTED_EDGE('',*,*,#4019,.F.);
#2666=ORIENTED_EDGE('',*,*,#4020,.F.);
#2667=ORIENTED_EDGE('',*,*,#4019,.T.);
#2668=ORIENTED_EDGE('',*,*,#4021,.T.);
#2669=ORIENTED_EDGE('',*,*,#4022,.F.);
#2670=ORIENTED_EDGE('',*,*,#4023,.F.);
#2671=ORIENTED_EDGE('',*,*,#4022,.T.);
#2672=ORIENTED_EDGE('',*,*,#4024,.T.);
#2673=ORIENTED_EDGE('',*,*,#4025,.T.);
#2674=ORIENTED_EDGE('',*,*,#4026,.F.);
#2675=ORIENTED_EDGE('',*,*,#4027,.F.);
#2676=ORIENTED_EDGE('',*,*,#4025,.F.);
#2677=ORIENTED_EDGE('',*,*,#4028,.T.);
#2678=ORIENTED_EDGE('',*,*,#4029,.F.);
#2679=ORIENTED_EDGE('',*,*,#4029,.T.);
#2680=ORIENTED_EDGE('',*,*,#4030,.T.);
#2681=ORIENTED_EDGE('',*,*,#4031,.F.);
#2682=ORIENTED_EDGE('',*,*,#4032,.F.);
#2683=ORIENTED_EDGE('',*,*,#4031,.T.);
#2684=ORIENTED_EDGE('',*,*,#4033,.T.);
#2685=ORIENTED_EDGE('',*,*,#4034,.F.);
#2686=ORIENTED_EDGE('',*,*,#4035,.F.);
#2687=ORIENTED_EDGE('',*,*,#4034,.T.);
#2688=ORIENTED_EDGE('',*,*,#4036,.T.);
#2689=ORIENTED_EDGE('',*,*,#4009,.T.);
#2690=ORIENTED_EDGE('',*,*,#4037,.F.);
#2691=ORIENTED_EDGE('',*,*,#4038,.F.);
#2692=ORIENTED_EDGE('',*,*,#4039,.T.);
#2693=ORIENTED_EDGE('',*,*,#4017,.T.);
#2694=ORIENTED_EDGE('',*,*,#4040,.F.);
#2695=ORIENTED_EDGE('',*,*,#4037,.T.);
#2696=ORIENTED_EDGE('',*,*,#3994,.T.);
#2697=ORIENTED_EDGE('',*,*,#4016,.T.);
#2698=ORIENTED_EDGE('',*,*,#4041,.T.);
#2699=ORIENTED_EDGE('',*,*,#4042,.F.);
#2700=ORIENTED_EDGE('',*,*,#4040,.T.);
#2701=ORIENTED_EDGE('',*,*,#4020,.T.);
#2702=ORIENTED_EDGE('',*,*,#4023,.T.);
#2703=ORIENTED_EDGE('',*,*,#4026,.T.);
#2704=ORIENTED_EDGE('',*,*,#4027,.T.);
#2705=ORIENTED_EDGE('',*,*,#4032,.T.);
#2706=ORIENTED_EDGE('',*,*,#4035,.T.);
#2707=ORIENTED_EDGE('',*,*,#4041,.F.);
#2708=ORIENTED_EDGE('',*,*,#4015,.F.);
#2709=ORIENTED_EDGE('',*,*,#4043,.T.);
#2710=ORIENTED_EDGE('',*,*,#4044,.F.);
#2711=ORIENTED_EDGE('',*,*,#4033,.F.);
#2712=ORIENTED_EDGE('',*,*,#4030,.F.);
#2713=ORIENTED_EDGE('',*,*,#4028,.F.);
#2714=ORIENTED_EDGE('',*,*,#4024,.F.);
#2715=ORIENTED_EDGE('',*,*,#4021,.F.);
#2716=ORIENTED_EDGE('',*,*,#4018,.F.);
#2717=ORIENTED_EDGE('',*,*,#4039,.F.);
#2718=ORIENTED_EDGE('',*,*,#4045,.F.);
#2719=ORIENTED_EDGE('',*,*,#4043,.F.);
#2720=ORIENTED_EDGE('',*,*,#4014,.F.);
#2721=ORIENTED_EDGE('',*,*,#3992,.F.);
#2722=ORIENTED_EDGE('',*,*,#4036,.F.);
#2723=ORIENTED_EDGE('',*,*,#4044,.T.);
#2724=ORIENTED_EDGE('',*,*,#4045,.T.);
#2725=ORIENTED_EDGE('',*,*,#4038,.T.);
#2726=ORIENTED_EDGE('',*,*,#4042,.T.);
#2727=ORIENTED_EDGE('',*,*,#3997,.T.);
#2728=ORIENTED_EDGE('',*,*,#4046,.T.);
#2729=ORIENTED_EDGE('',*,*,#4047,.T.);
#2730=ORIENTED_EDGE('',*,*,#4048,.F.);
#2731=ORIENTED_EDGE('',*,*,#4049,.F.);
#2732=ORIENTED_EDGE('',*,*,#4050,.T.);
#2733=ORIENTED_EDGE('',*,*,#4051,.F.);
#2734=ORIENTED_EDGE('',*,*,#4052,.F.);
#2735=ORIENTED_EDGE('',*,*,#4051,.T.);
#2736=ORIENTED_EDGE('',*,*,#4053,.T.);
#2737=ORIENTED_EDGE('',*,*,#4054,.F.);
#2738=ORIENTED_EDGE('',*,*,#4055,.F.);
#2739=ORIENTED_EDGE('',*,*,#4054,.T.);
#2740=ORIENTED_EDGE('',*,*,#4056,.T.);
#2741=ORIENTED_EDGE('',*,*,#4057,.T.);
#2742=ORIENTED_EDGE('',*,*,#4058,.F.);
#2743=ORIENTED_EDGE('',*,*,#4059,.F.);
#2744=ORIENTED_EDGE('',*,*,#4057,.F.);
#2745=ORIENTED_EDGE('',*,*,#4060,.T.);
#2746=ORIENTED_EDGE('',*,*,#4061,.F.);
#2747=ORIENTED_EDGE('',*,*,#4061,.T.);
#2748=ORIENTED_EDGE('',*,*,#4062,.T.);
#2749=ORIENTED_EDGE('',*,*,#4063,.F.);
#2750=ORIENTED_EDGE('',*,*,#4064,.F.);
#2751=ORIENTED_EDGE('',*,*,#4063,.T.);
#2752=ORIENTED_EDGE('',*,*,#4065,.T.);
#2753=ORIENTED_EDGE('',*,*,#4066,.F.);
#2754=ORIENTED_EDGE('',*,*,#4067,.F.);
#2755=ORIENTED_EDGE('',*,*,#4066,.T.);
#2756=ORIENTED_EDGE('',*,*,#4068,.T.);
#2757=ORIENTED_EDGE('',*,*,#4008,.T.);
#2758=ORIENTED_EDGE('',*,*,#4069,.F.);
#2759=ORIENTED_EDGE('',*,*,#4070,.F.);
#2760=ORIENTED_EDGE('',*,*,#4071,.T.);
#2761=ORIENTED_EDGE('',*,*,#4049,.T.);
#2762=ORIENTED_EDGE('',*,*,#4072,.F.);
#2763=ORIENTED_EDGE('',*,*,#4069,.T.);
#2764=ORIENTED_EDGE('',*,*,#3998,.T.);
#2765=ORIENTED_EDGE('',*,*,#4048,.T.);
#2766=ORIENTED_EDGE('',*,*,#4073,.T.);
#2767=ORIENTED_EDGE('',*,*,#4074,.F.);
#2768=ORIENTED_EDGE('',*,*,#4072,.T.);
#2769=ORIENTED_EDGE('',*,*,#4052,.T.);
#2770=ORIENTED_EDGE('',*,*,#4055,.T.);
#2771=ORIENTED_EDGE('',*,*,#4058,.T.);
#2772=ORIENTED_EDGE('',*,*,#4059,.T.);
#2773=ORIENTED_EDGE('',*,*,#4064,.T.);
#2774=ORIENTED_EDGE('',*,*,#4067,.T.);
#2775=ORIENTED_EDGE('',*,*,#4073,.F.);
#2776=ORIENTED_EDGE('',*,*,#4047,.F.);
#2777=ORIENTED_EDGE('',*,*,#4075,.T.);
#2778=ORIENTED_EDGE('',*,*,#4076,.F.);
#2779=ORIENTED_EDGE('',*,*,#4065,.F.);
#2780=ORIENTED_EDGE('',*,*,#4062,.F.);
#2781=ORIENTED_EDGE('',*,*,#4060,.F.);
#2782=ORIENTED_EDGE('',*,*,#4056,.F.);
#2783=ORIENTED_EDGE('',*,*,#4053,.F.);
#2784=ORIENTED_EDGE('',*,*,#4050,.F.);
#2785=ORIENTED_EDGE('',*,*,#4071,.F.);
#2786=ORIENTED_EDGE('',*,*,#4077,.F.);
#2787=ORIENTED_EDGE('',*,*,#4075,.F.);
#2788=ORIENTED_EDGE('',*,*,#4046,.F.);
#2789=ORIENTED_EDGE('',*,*,#3996,.F.);
#2790=ORIENTED_EDGE('',*,*,#4068,.F.);
#2791=ORIENTED_EDGE('',*,*,#4076,.T.);
#2792=ORIENTED_EDGE('',*,*,#4077,.T.);
#2793=ORIENTED_EDGE('',*,*,#4070,.T.);
#2794=ORIENTED_EDGE('',*,*,#4074,.T.);
#2795=ORIENTED_EDGE('',*,*,#3989,.T.);
#2796=ORIENTED_EDGE('',*,*,#4078,.T.);
#2797=ORIENTED_EDGE('',*,*,#4079,.T.);
#2798=ORIENTED_EDGE('',*,*,#4080,.F.);
#2799=ORIENTED_EDGE('',*,*,#4081,.F.);
#2800=ORIENTED_EDGE('',*,*,#4082,.T.);
#2801=ORIENTED_EDGE('',*,*,#4083,.F.);
#2802=ORIENTED_EDGE('',*,*,#4084,.F.);
#2803=ORIENTED_EDGE('',*,*,#4083,.T.);
#2804=ORIENTED_EDGE('',*,*,#4085,.T.);
#2805=ORIENTED_EDGE('',*,*,#4086,.F.);
#2806=ORIENTED_EDGE('',*,*,#4087,.F.);
#2807=ORIENTED_EDGE('',*,*,#4086,.T.);
#2808=ORIENTED_EDGE('',*,*,#4088,.T.);
#2809=ORIENTED_EDGE('',*,*,#4089,.T.);
#2810=ORIENTED_EDGE('',*,*,#4090,.F.);
#2811=ORIENTED_EDGE('',*,*,#4091,.F.);
#2812=ORIENTED_EDGE('',*,*,#4089,.F.);
#2813=ORIENTED_EDGE('',*,*,#4092,.T.);
#2814=ORIENTED_EDGE('',*,*,#4093,.F.);
#2815=ORIENTED_EDGE('',*,*,#4093,.T.);
#2816=ORIENTED_EDGE('',*,*,#4094,.T.);
#2817=ORIENTED_EDGE('',*,*,#4095,.F.);
#2818=ORIENTED_EDGE('',*,*,#4096,.F.);
#2819=ORIENTED_EDGE('',*,*,#4095,.T.);
#2820=ORIENTED_EDGE('',*,*,#4097,.T.);
#2821=ORIENTED_EDGE('',*,*,#4098,.F.);
#2822=ORIENTED_EDGE('',*,*,#4099,.F.);
#2823=ORIENTED_EDGE('',*,*,#4098,.T.);
#2824=ORIENTED_EDGE('',*,*,#4100,.T.);
#2825=ORIENTED_EDGE('',*,*,#4010,.T.);
#2826=ORIENTED_EDGE('',*,*,#4101,.F.);
#2827=ORIENTED_EDGE('',*,*,#4102,.F.);
#2828=ORIENTED_EDGE('',*,*,#4103,.T.);
#2829=ORIENTED_EDGE('',*,*,#4081,.T.);
#2830=ORIENTED_EDGE('',*,*,#4104,.F.);
#2831=ORIENTED_EDGE('',*,*,#4101,.T.);
#2832=ORIENTED_EDGE('',*,*,#3990,.T.);
#2833=ORIENTED_EDGE('',*,*,#4080,.T.);
#2834=ORIENTED_EDGE('',*,*,#4105,.T.);
#2835=ORIENTED_EDGE('',*,*,#4106,.F.);
#2836=ORIENTED_EDGE('',*,*,#4104,.T.);
#2837=ORIENTED_EDGE('',*,*,#4084,.T.);
#2838=ORIENTED_EDGE('',*,*,#4087,.T.);
#2839=ORIENTED_EDGE('',*,*,#4090,.T.);
#2840=ORIENTED_EDGE('',*,*,#4091,.T.);
#2841=ORIENTED_EDGE('',*,*,#4096,.T.);
#2842=ORIENTED_EDGE('',*,*,#4099,.T.);
#2843=ORIENTED_EDGE('',*,*,#4105,.F.);
#2844=ORIENTED_EDGE('',*,*,#4079,.F.);
#2845=ORIENTED_EDGE('',*,*,#4107,.T.);
#2846=ORIENTED_EDGE('',*,*,#4108,.F.);
#2847=ORIENTED_EDGE('',*,*,#4097,.F.);
#2848=ORIENTED_EDGE('',*,*,#4094,.F.);
#2849=ORIENTED_EDGE('',*,*,#4092,.F.);
#2850=ORIENTED_EDGE('',*,*,#4088,.F.);
#2851=ORIENTED_EDGE('',*,*,#4085,.F.);
#2852=ORIENTED_EDGE('',*,*,#4082,.F.);
#2853=ORIENTED_EDGE('',*,*,#4103,.F.);
#2854=ORIENTED_EDGE('',*,*,#4109,.F.);
#2855=ORIENTED_EDGE('',*,*,#4107,.F.);
#2856=ORIENTED_EDGE('',*,*,#4078,.F.);
#2857=ORIENTED_EDGE('',*,*,#3988,.F.);
#2858=ORIENTED_EDGE('',*,*,#4100,.F.);
#2859=ORIENTED_EDGE('',*,*,#4108,.T.);
#2860=ORIENTED_EDGE('',*,*,#4109,.T.);
#2861=ORIENTED_EDGE('',*,*,#4102,.T.);
#2862=ORIENTED_EDGE('',*,*,#4106,.T.);
#2863=ORIENTED_EDGE('',*,*,#4110,.F.);
#2864=ORIENTED_EDGE('',*,*,#4111,.T.);
#2865=ORIENTED_EDGE('',*,*,#4112,.T.);
#2866=ORIENTED_EDGE('',*,*,#4113,.T.);
#2867=ORIENTED_EDGE('',*,*,#4114,.F.);
#2868=ORIENTED_EDGE('',*,*,#4115,.T.);
#2869=ORIENTED_EDGE('',*,*,#4110,.T.);
#2870=ORIENTED_EDGE('',*,*,#4116,.T.);
#2871=ORIENTED_EDGE('',*,*,#4117,.F.);
#2872=ORIENTED_EDGE('',*,*,#4112,.F.);
#2873=ORIENTED_EDGE('',*,*,#4118,.F.);
#2874=ORIENTED_EDGE('',*,*,#4119,.F.);
#2875=ORIENTED_EDGE('',*,*,#4002,.F.);
#2876=ORIENTED_EDGE('',*,*,#4120,.T.);
#2877=ORIENTED_EDGE('',*,*,#4114,.T.);
#2878=ORIENTED_EDGE('',*,*,#4121,.T.);
#2879=ORIENTED_EDGE('',*,*,#4119,.T.);
#2880=ORIENTED_EDGE('',*,*,#4122,.T.);
#2881=ORIENTED_EDGE('',*,*,#4123,.F.);
#2882=ORIENTED_EDGE('',*,*,#4124,.T.);
#2883=ORIENTED_EDGE('',*,*,#4123,.T.);
#2884=ORIENTED_EDGE('',*,*,#4125,.T.);
#2885=ORIENTED_EDGE('',*,*,#4126,.F.);
#2886=ORIENTED_EDGE('',*,*,#4127,.T.);
#2887=ORIENTED_EDGE('',*,*,#4128,.T.);
#2888=ORIENTED_EDGE('',*,*,#4129,.T.);
#2889=ORIENTED_EDGE('',*,*,#3978,.T.);
#2890=ORIENTED_EDGE('',*,*,#4130,.T.);
#2891=ORIENTED_EDGE('',*,*,#4126,.T.);
#2892=ORIENTED_EDGE('',*,*,#4131,.T.);
#2893=ORIENTED_EDGE('',*,*,#4132,.F.);
#2894=ORIENTED_EDGE('',*,*,#4133,.F.);
#2895=ORIENTED_EDGE('',*,*,#4134,.F.);
#2896=ORIENTED_EDGE('',*,*,#4135,.F.);
#2897=ORIENTED_EDGE('',*,*,#4136,.T.);
#2898=ORIENTED_EDGE('',*,*,#4128,.F.);
#2899=ORIENTED_EDGE('',*,*,#4137,.F.);
#2900=ORIENTED_EDGE('',*,*,#4134,.T.);
#2901=ORIENTED_EDGE('',*,*,#4130,.F.);
#2902=ORIENTED_EDGE('',*,*,#3984,.F.);
#2903=ORIENTED_EDGE('',*,*,#4121,.F.);
#2904=ORIENTED_EDGE('',*,*,#4116,.F.);
#2905=ORIENTED_EDGE('',*,*,#4113,.F.);
#2906=ORIENTED_EDGE('',*,*,#4117,.T.);
#2907=ORIENTED_EDGE('',*,*,#4124,.F.);
#2908=ORIENTED_EDGE('',*,*,#4127,.F.);
#2909=ORIENTED_EDGE('',*,*,#4133,.T.);
#2910=ORIENTED_EDGE('',*,*,#4138,.F.);
#2911=ORIENTED_EDGE('',*,*,#4132,.T.);
#2912=ORIENTED_EDGE('',*,*,#4139,.T.);
#2913=ORIENTED_EDGE('',*,*,#4140,.F.);
#2914=ORIENTED_EDGE('',*,*,#4138,.T.);
#2915=ORIENTED_EDGE('',*,*,#4139,.F.);
#2916=ORIENTED_EDGE('',*,*,#4131,.F.);
#2917=ORIENTED_EDGE('',*,*,#4125,.F.);
#2918=ORIENTED_EDGE('',*,*,#4122,.F.);
#2919=ORIENTED_EDGE('',*,*,#4118,.T.);
#2920=ORIENTED_EDGE('',*,*,#4111,.F.);
#2921=ORIENTED_EDGE('',*,*,#4115,.F.);
#2922=ORIENTED_EDGE('',*,*,#4120,.F.);
#2923=ORIENTED_EDGE('',*,*,#3979,.F.);
#2924=ORIENTED_EDGE('',*,*,#4129,.F.);
#2925=ORIENTED_EDGE('',*,*,#4136,.F.);
#2926=ORIENTED_EDGE('',*,*,#4141,.F.);
#2927=ORIENTED_EDGE('',*,*,#4140,.T.);
#2928=ORIENTED_EDGE('',*,*,#4141,.T.);
#2929=ORIENTED_EDGE('',*,*,#4135,.T.);
#2930=ORIENTED_EDGE('',*,*,#4137,.T.);
#2931=EDGE_CURVE('',#4142,#4143,#4916,.T.);
#2932=EDGE_CURVE('',#4143,#4144,#4917,.T.);
#2933=EDGE_CURVE('',#4144,#4145,#4918,.T.);
#2934=EDGE_CURVE('',#4145,#4142,#4919,.T.);
#2935=EDGE_CURVE('',#4146,#4147,#4920,.T.);
#2936=EDGE_CURVE('',#4147,#4148,#4921,.T.);
#2937=EDGE_CURVE('',#4148,#4149,#4922,.T.);
#2938=EDGE_CURVE('',#4149,#4150,#4923,.T.);
#2939=EDGE_CURVE('',#4150,#4151,#4924,.T.);
#2940=EDGE_CURVE('',#4151,#4146,#4925,.T.);
#2941=EDGE_CURVE('',#4152,#4153,#4926,.T.);
#2942=EDGE_CURVE('',#4153,#4154,#4927,.T.);
#2943=EDGE_CURVE('',#4154,#4155,#4928,.T.);
#2944=EDGE_CURVE('',#4155,#4156,#4929,.T.);
#2945=EDGE_CURVE('',#4156,#4157,#4930,.T.);
#2946=EDGE_CURVE('',#4157,#4158,#4931,.T.);
#2947=EDGE_CURVE('',#4158,#4159,#4932,.T.);
#2948=EDGE_CURVE('',#4159,#4160,#4933,.T.);
#2949=EDGE_CURVE('',#4160,#4161,#4934,.T.);
#2950=EDGE_CURVE('',#4161,#4162,#4935,.T.);
#2951=EDGE_CURVE('',#4162,#4163,#4936,.T.);
#2952=EDGE_CURVE('',#4163,#4152,#4937,.T.);
#2953=EDGE_CURVE('',#4164,#4165,#4938,.T.);
#2954=EDGE_CURVE('',#4165,#4164,#457,.T.);
#2955=EDGE_CURVE('',#4166,#4167,#4939,.T.);
#2956=EDGE_CURVE('',#4167,#4168,#4940,.T.);
#2957=EDGE_CURVE('',#4168,#4169,#4941,.T.);
#2958=EDGE_CURVE('',#4169,#4170,#4942,.T.);
#2959=EDGE_CURVE('',#4170,#4171,#4943,.T.);
#2960=EDGE_CURVE('',#4171,#4172,#458,.T.);
#2961=EDGE_CURVE('',#4172,#4173,#459,.T.);
#2962=EDGE_CURVE('',#4173,#4174,#4944,.T.);
#2963=EDGE_CURVE('',#4174,#4166,#4945,.T.);
#2964=EDGE_CURVE('',#4175,#4176,#4946,.T.);
#2965=EDGE_CURVE('',#4176,#4177,#4947,.T.);
#2966=EDGE_CURVE('',#4177,#4178,#4948,.T.);
#2967=EDGE_CURVE('',#4178,#4175,#460,.T.);
#2968=EDGE_CURVE('',#4179,#4180,#461,.T.);
#2969=EDGE_CURVE('',#4180,#4179,#462,.T.);
#2970=EDGE_CURVE('',#4181,#4181,#253,.T.);
#2971=EDGE_CURVE('',#4182,#4182,#254,.T.);
#2972=EDGE_CURVE('',#4183,#4183,#255,.T.);
#2973=EDGE_CURVE('',#4184,#4184,#256,.T.);
#2974=EDGE_CURVE('',#4185,#4186,#4949,.T.);
#2975=EDGE_CURVE('',#4186,#4187,#4950,.T.);
#2976=EDGE_CURVE('',#4187,#4188,#4951,.T.);
#2977=EDGE_CURVE('',#4188,#4189,#4952,.T.);
#2978=EDGE_CURVE('',#4189,#4190,#4953,.T.);
#2979=EDGE_CURVE('',#4190,#4191,#4954,.T.);
#2980=EDGE_CURVE('',#4191,#4192,#4955,.T.);
#2981=EDGE_CURVE('',#4192,#4185,#4956,.T.);
#2982=EDGE_CURVE('',#4193,#4194,#4957,.T.);
#2983=EDGE_CURVE('',#4194,#4195,#4958,.T.);
#2984=EDGE_CURVE('',#4195,#4196,#4959,.T.);
#2985=EDGE_CURVE('',#4196,#4193,#4960,.T.);
#2986=EDGE_CURVE('',#4197,#4198,#463,.T.);
#2987=EDGE_CURVE('',#4198,#4199,#4961,.T.);
#2988=EDGE_CURVE('',#4199,#4200,#4962,.T.);
#2989=EDGE_CURVE('',#4200,#4201,#4963,.T.);
#2990=EDGE_CURVE('',#4201,#4202,#4964,.T.);
#2991=EDGE_CURVE('',#4202,#4203,#4965,.T.);
#2992=EDGE_CURVE('',#4203,#4204,#464,.T.);
#2993=EDGE_CURVE('',#4204,#4197,#4966,.T.);
#2994=EDGE_CURVE('',#4205,#4206,#4967,.T.);
#2995=EDGE_CURVE('',#4206,#4207,#4968,.T.);
#2996=EDGE_CURVE('',#4207,#4208,#4969,.T.);
#2997=EDGE_CURVE('',#4208,#4209,#4970,.T.);
#2998=EDGE_CURVE('',#4209,#4210,#4971,.T.);
#2999=EDGE_CURVE('',#4210,#4211,#4972,.T.);
#3000=EDGE_CURVE('',#4211,#4212,#4973,.T.);
#3001=EDGE_CURVE('',#4212,#4213,#4974,.T.);
#3002=EDGE_CURVE('',#4213,#4214,#4975,.T.);
#3003=EDGE_CURVE('',#4214,#4205,#4976,.T.);
#3004=EDGE_CURVE('',#4215,#4216,#4977,.T.);
#3005=EDGE_CURVE('',#4216,#4217,#4978,.T.);
#3006=EDGE_CURVE('',#4217,#4218,#4979,.T.);
#3007=EDGE_CURVE('',#4218,#4219,#4980,.T.);
#3008=EDGE_CURVE('',#4219,#4220,#4981,.T.);
#3009=EDGE_CURVE('',#4220,#4221,#4982,.T.);
#3010=EDGE_CURVE('',#4221,#4222,#4983,.T.);
#3011=EDGE_CURVE('',#4222,#4223,#4984,.T.);
#3012=EDGE_CURVE('',#4223,#4224,#4985,.T.);
#3013=EDGE_CURVE('',#4224,#4225,#4986,.T.);
#3014=EDGE_CURVE('',#4225,#4226,#4987,.T.);
#3015=EDGE_CURVE('',#4226,#4215,#4988,.T.);
#3016=EDGE_CURVE('',#4227,#4228,#4989,.T.);
#3017=EDGE_CURVE('',#4228,#4229,#4990,.T.);
#3018=EDGE_CURVE('',#4229,#4230,#4991,.T.);
#3019=EDGE_CURVE('',#4230,#4231,#4992,.T.);
#3020=EDGE_CURVE('',#4231,#4232,#4993,.T.);
#3021=EDGE_CURVE('',#4232,#4233,#465,.T.);
#3022=EDGE_CURVE('',#4233,#4227,#466,.T.);
#3023=EDGE_CURVE('',#4234,#4235,#4994,.T.);
#3024=EDGE_CURVE('',#4235,#4236,#4995,.T.);
#3025=EDGE_CURVE('',#4236,#4237,#4996,.T.);
#3026=EDGE_CURVE('',#4237,#4238,#4997,.T.);
#3027=EDGE_CURVE('',#4238,#4239,#4998,.T.);
#3028=EDGE_CURVE('',#4239,#4240,#4999,.T.);
#3029=EDGE_CURVE('',#4240,#4241,#5000,.T.);
#3030=EDGE_CURVE('',#4241,#4242,#5001,.T.);
#3031=EDGE_CURVE('',#4242,#4243,#5002,.T.);
#3032=EDGE_CURVE('',#4243,#4234,#5003,.T.);
#3033=EDGE_CURVE('',#4244,#4245,#467,.T.);
#3034=EDGE_CURVE('',#4245,#4246,#5004,.T.);
#3035=EDGE_CURVE('',#4246,#4247,#5005,.T.);
#3036=EDGE_CURVE('',#4247,#4248,#5006,.T.);
#3037=EDGE_CURVE('',#4248,#4249,#5007,.T.);
#3038=EDGE_CURVE('',#4249,#4250,#5008,.T.);
#3039=EDGE_CURVE('',#4250,#4251,#468,.T.);
#3040=EDGE_CURVE('',#4251,#4244,#5009,.T.);
#3041=EDGE_CURVE('',#4252,#4253,#469,.T.);
#3042=EDGE_CURVE('',#4253,#4252,#5010,.T.);
#3043=EDGE_CURVE('',#4254,#4255,#5011,.T.);
#3044=EDGE_CURVE('',#4255,#4256,#5012,.T.);
#3045=EDGE_CURVE('',#4256,#4257,#5013,.T.);
#3046=EDGE_CURVE('',#4257,#4254,#5014,.T.);
#3047=EDGE_CURVE('',#4258,#4258,#470,.T.);
#3048=EDGE_CURVE('',#4259,#4260,#5015,.T.);
#3049=EDGE_CURVE('',#4260,#4261,#5016,.T.);
#3050=EDGE_CURVE('',#4261,#4262,#5017,.T.);
#3051=EDGE_CURVE('',#4262,#4263,#5018,.T.);
#3052=EDGE_CURVE('',#4263,#4264,#5019,.T.);
#3053=EDGE_CURVE('',#4264,#4265,#471,.T.);
#3054=EDGE_CURVE('',#4265,#4259,#472,.T.);
#3055=EDGE_CURVE('',#4266,#4267,#5020,.T.);
#3056=EDGE_CURVE('',#4267,#4268,#5021,.T.);
#3057=EDGE_CURVE('',#4268,#4269,#5022,.T.);
#3058=EDGE_CURVE('',#4269,#4270,#5023,.T.);
#3059=EDGE_CURVE('',#4270,#4271,#5024,.T.);
#3060=EDGE_CURVE('',#4271,#4272,#5025,.T.);
#3061=EDGE_CURVE('',#4272,#4273,#5026,.T.);
#3062=EDGE_CURVE('',#4273,#4274,#5027,.T.);
#3063=EDGE_CURVE('',#4274,#4275,#5028,.T.);
#3064=EDGE_CURVE('',#4275,#4276,#5029,.T.);
#3065=EDGE_CURVE('',#4276,#4277,#5030,.T.);
#3066=EDGE_CURVE('',#4277,#4266,#5031,.T.);
#3067=EDGE_CURVE('',#4278,#4279,#473,.T.);
#3068=EDGE_CURVE('',#4279,#4280,#5032,.T.);
#3069=EDGE_CURVE('',#4280,#4281,#474,.T.);
#3070=EDGE_CURVE('',#4281,#4278,#5033,.T.);
#3071=EDGE_CURVE('',#4282,#4283,#475,.T.);
#3072=EDGE_CURVE('',#4283,#4282,#5034,.T.);
#3073=EDGE_CURVE('',#4284,#4285,#5035,.T.);
#3074=EDGE_CURVE('',#4285,#4286,#5036,.T.);
#3075=EDGE_CURVE('',#4286,#4287,#5037,.T.);
#3076=EDGE_CURVE('',#4287,#4284,#5038,.T.);
#3077=EDGE_CURVE('',#4288,#4289,#5039,.T.);
#3078=EDGE_CURVE('',#4289,#4290,#5040,.T.);
#3079=EDGE_CURVE('',#4290,#4291,#5041,.T.);
#3080=EDGE_CURVE('',#4291,#4288,#5042,.T.);
#3081=EDGE_CURVE('',#4292,#4293,#5043,.T.);
#3082=EDGE_CURVE('',#4293,#4294,#5044,.T.);
#3083=EDGE_CURVE('',#4294,#4295,#5045,.T.);
#3084=EDGE_CURVE('',#4295,#4296,#5046,.T.);
#3085=EDGE_CURVE('',#4296,#4297,#5047,.T.);
#3086=EDGE_CURVE('',#4297,#4298,#5048,.T.);
#3087=EDGE_CURVE('',#4298,#4299,#5049,.T.);
#3088=EDGE_CURVE('',#4299,#4300,#5050,.T.);
#3089=EDGE_CURVE('',#4300,#4301,#5051,.T.);
#3090=EDGE_CURVE('',#4301,#4292,#5052,.T.);
#3091=EDGE_CURVE('',#4302,#4303,#5053,.T.);
#3092=EDGE_CURVE('',#4255,#4303,#5054,.T.);
#3093=EDGE_CURVE('',#4254,#4302,#5055,.T.);
#3094=EDGE_CURVE('',#4303,#4304,#5056,.T.);
#3095=EDGE_CURVE('',#4256,#4304,#5057,.T.);
#3096=EDGE_CURVE('',#4304,#4305,#5058,.T.);
#3097=EDGE_CURVE('',#4257,#4305,#5059,.T.);
#3098=EDGE_CURVE('',#4305,#4302,#5060,.T.);
#3099=EDGE_CURVE('',#4306,#4306,#257,.T.);
#3100=EDGE_CURVE('',#4307,#4307,#258,.T.);
#3101=EDGE_CURVE('',#4308,#4308,#259,.T.);
#3102=EDGE_CURVE('',#4309,#4309,#260,.T.);
#3103=EDGE_CURVE('',#4310,#4311,#5061,.T.);
#3104=EDGE_CURVE('',#4311,#4310,#476,.T.);
#3105=EDGE_CURVE('',#4312,#4313,#5062,.T.);
#3106=EDGE_CURVE('',#4313,#4312,#477,.T.);
#3107=EDGE_CURVE('',#4313,#4252,#5063,.T.);
#3108=EDGE_CURVE('',#4312,#4253,#5064,.T.);
#3109=EDGE_CURVE('',#4314,#4315,#478,.T.);
#3110=EDGE_CURVE('',#4311,#4314,#5065,.T.);
#3111=EDGE_CURVE('',#4310,#4315,#5066,.T.);
#3112=EDGE_CURVE('',#4315,#4314,#5067,.T.);
#3113=EDGE_CURVE('',#4316,#4317,#5068,.T.);
#3114=EDGE_CURVE('',#4318,#4316,#479,.T.);
#3115=EDGE_CURVE('',#4319,#4318,#5069,.T.);
#3116=EDGE_CURVE('',#4320,#4319,#480,.T.);
#3117=EDGE_CURVE('',#4321,#4320,#5070,.T.);
#3118=EDGE_CURVE('',#4322,#4321,#5071,.T.);
#3119=EDGE_CURVE('',#4323,#4322,#5072,.T.);
#3120=EDGE_CURVE('',#4317,#4323,#5073,.T.);
#3121=EDGE_CURVE('',#4316,#4245,#5074,.T.);
#3122=EDGE_CURVE('',#4317,#4246,#5075,.T.);
#3123=EDGE_CURVE('',#4323,#4247,#5076,.T.);
#3124=EDGE_CURVE('',#4322,#4248,#5077,.T.);
#3125=EDGE_CURVE('',#4321,#4249,#5078,.T.);
#3126=EDGE_CURVE('',#4320,#4250,#5079,.T.);
#3127=EDGE_CURVE('',#4319,#4251,#5080,.T.);
#3128=EDGE_CURVE('',#4318,#4244,#5081,.T.);
#3129=EDGE_CURVE('',#4324,#4325,#5082,.T.);
#3130=EDGE_CURVE('',#4326,#4324,#5083,.T.);
#3131=EDGE_CURVE('',#4327,#4326,#5084,.T.);
#3132=EDGE_CURVE('',#4328,#4327,#5085,.T.);
#3133=EDGE_CURVE('',#4329,#4328,#5086,.T.);
#3134=EDGE_CURVE('',#4330,#4329,#5087,.T.);
#3135=EDGE_CURVE('',#4331,#4330,#5088,.T.);
#3136=EDGE_CURVE('',#4332,#4331,#5089,.T.);
#3137=EDGE_CURVE('',#4333,#4332,#5090,.T.);
#3138=EDGE_CURVE('',#4325,#4333,#5091,.T.);
#3139=EDGE_CURVE('',#4324,#4235,#5092,.T.);
#3140=EDGE_CURVE('',#4325,#4236,#5093,.T.);
#3141=EDGE_CURVE('',#4333,#4237,#5094,.T.);
#3142=EDGE_CURVE('',#4332,#4238,#5095,.T.);
#3143=EDGE_CURVE('',#4331,#4239,#5096,.T.);
#3144=EDGE_CURVE('',#4330,#4240,#5097,.T.);
#3145=EDGE_CURVE('',#4329,#4241,#5098,.T.);
#3146=EDGE_CURVE('',#4328,#4242,#5099,.T.);
#3147=EDGE_CURVE('',#4327,#4243,#5100,.T.);
#3148=EDGE_CURVE('',#4326,#4234,#5101,.T.);
#3149=EDGE_CURVE('',#4334,#4335,#5102,.T.);
#3150=EDGE_CURVE('',#4336,#4334,#5103,.T.);
#3151=EDGE_CURVE('',#4337,#4336,#481,.T.);
#3152=EDGE_CURVE('',#4338,#4337,#482,.T.);
#3153=EDGE_CURVE('',#4339,#4338,#5104,.T.);
#3154=EDGE_CURVE('',#4340,#4339,#5105,.T.);
#3155=EDGE_CURVE('',#4335,#4340,#5106,.T.);
#3156=EDGE_CURVE('',#4334,#4228,#5107,.T.);
#3157=EDGE_CURVE('',#4335,#4229,#5108,.T.);
#3158=EDGE_CURVE('',#4340,#4230,#5109,.T.);
#3159=EDGE_CURVE('',#4339,#4231,#5110,.T.);
#3160=EDGE_CURVE('',#4338,#4232,#5111,.T.);
#3161=EDGE_CURVE('',#4337,#4233,#5112,.T.);
#3162=EDGE_CURVE('',#4336,#4227,#5113,.T.);
#3163=EDGE_CURVE('',#4341,#4342,#5114,.T.);
#3164=EDGE_CURVE('',#4343,#4341,#5115,.T.);
#3165=EDGE_CURVE('',#4344,#4343,#5116,.T.);
#3166=EDGE_CURVE('',#4345,#4344,#5117,.T.);
#3167=EDGE_CURVE('',#4346,#4345,#5118,.T.);
#3168=EDGE_CURVE('',#4347,#4346,#5119,.T.);
#3169=EDGE_CURVE('',#4348,#4347,#5120,.T.);
#3170=EDGE_CURVE('',#4349,#4348,#5121,.T.);
#3171=EDGE_CURVE('',#4350,#4349,#5122,.T.);
#3172=EDGE_CURVE('',#4351,#4350,#5123,.T.);
#3173=EDGE_CURVE('',#4352,#4351,#5124,.T.);
#3174=EDGE_CURVE('',#4342,#4352,#5125,.T.);
#3175=EDGE_CURVE('',#4341,#4216,#5126,.T.);
#3176=EDGE_CURVE('',#4342,#4217,#5127,.T.);
#3177=EDGE_CURVE('',#4352,#4218,#5128,.T.);
#3178=EDGE_CURVE('',#4351,#4219,#5129,.T.);
#3179=EDGE_CURVE('',#4350,#4220,#5130,.T.);
#3180=EDGE_CURVE('',#4349,#4221,#5131,.T.);
#3181=EDGE_CURVE('',#4348,#4222,#5132,.T.);
#3182=EDGE_CURVE('',#4347,#4223,#5133,.T.);
#3183=EDGE_CURVE('',#4346,#4224,#5134,.T.);
#3184=EDGE_CURVE('',#4345,#4225,#5135,.T.);
#3185=EDGE_CURVE('',#4344,#4226,#5136,.T.);
#3186=EDGE_CURVE('',#4343,#4215,#5137,.T.);
#3187=EDGE_CURVE('',#4353,#4354,#5138,.T.);
#3188=EDGE_CURVE('',#4355,#4353,#5139,.T.);
#3189=EDGE_CURVE('',#4356,#4355,#5140,.T.);
#3190=EDGE_CURVE('',#4357,#4356,#5141,.T.);
#3191=EDGE_CURVE('',#4358,#4357,#5142,.T.);
#3192=EDGE_CURVE('',#4359,#4358,#5143,.T.);
#3193=EDGE_CURVE('',#4360,#4359,#5144,.T.);
#3194=EDGE_CURVE('',#4361,#4360,#5145,.T.);
#3195=EDGE_CURVE('',#4362,#4361,#5146,.T.);
#3196=EDGE_CURVE('',#4354,#4362,#5147,.T.);
#3197=EDGE_CURVE('',#4353,#4206,#5148,.T.);
#3198=EDGE_CURVE('',#4354,#4207,#5149,.T.);
#3199=EDGE_CURVE('',#4362,#4208,#5150,.T.);
#3200=EDGE_CURVE('',#4361,#4209,#5151,.T.);
#3201=EDGE_CURVE('',#4360,#4210,#5152,.T.);
#3202=EDGE_CURVE('',#4359,#4211,#5153,.T.);
#3203=EDGE_CURVE('',#4358,#4212,#5154,.T.);
#3204=EDGE_CURVE('',#4357,#4213,#5155,.T.);
#3205=EDGE_CURVE('',#4356,#4214,#5156,.T.);
#3206=EDGE_CURVE('',#4355,#4205,#5157,.T.);
#3207=EDGE_CURVE('',#4363,#4364,#5158,.T.);
#3208=EDGE_CURVE('',#4365,#4363,#483,.T.);
#3209=EDGE_CURVE('',#4366,#4365,#5159,.T.);
#3210=EDGE_CURVE('',#4367,#4366,#484,.T.);
#3211=EDGE_CURVE('',#4368,#4367,#5160,.T.);
#3212=EDGE_CURVE('',#4369,#4368,#5161,.T.);
#3213=EDGE_CURVE('',#4370,#4369,#5162,.T.);
#3214=EDGE_CURVE('',#4364,#4370,#5163,.T.);
#3215=EDGE_CURVE('',#4363,#4198,#5164,.T.);
#3216=EDGE_CURVE('',#4364,#4199,#5165,.T.);
#3217=EDGE_CURVE('',#4370,#4200,#5166,.T.);
#3218=EDGE_CURVE('',#4369,#4201,#5167,.T.);
#3219=EDGE_CURVE('',#4368,#4202,#5168,.T.);
#3220=EDGE_CURVE('',#4367,#4203,#5169,.T.);
#3221=EDGE_CURVE('',#4366,#4204,#5170,.T.);
#3222=EDGE_CURVE('',#4365,#4197,#5171,.T.);
#3223=EDGE_CURVE('',#4371,#4372,#5172,.T.);
#3224=EDGE_CURVE('',#4373,#4371,#5173,.T.);
#3225=EDGE_CURVE('',#4374,#4373,#5174,.T.);
#3226=EDGE_CURVE('',#4372,#4374,#5175,.T.);
#3227=EDGE_CURVE('',#4371,#4194,#5176,.T.);
#3228=EDGE_CURVE('',#4372,#4195,#5177,.T.);
#3229=EDGE_CURVE('',#4374,#4196,#5178,.T.);
#3230=EDGE_CURVE('',#4373,#4193,#5179,.T.);
#3231=EDGE_CURVE('',#4375,#4376,#5180,.T.);
#3232=EDGE_CURVE('',#4377,#4375,#5181,.T.);
#3233=EDGE_CURVE('',#4378,#4377,#5182,.T.);
#3234=EDGE_CURVE('',#4379,#4378,#5183,.T.);
#3235=EDGE_CURVE('',#4380,#4379,#5184,.T.);
#3236=EDGE_CURVE('',#4381,#4380,#5185,.T.);
#3237=EDGE_CURVE('',#4382,#4381,#5186,.T.);
#3238=EDGE_CURVE('',#4376,#4382,#5187,.T.);
#3239=EDGE_CURVE('',#4375,#4186,#5188,.T.);
#3240=EDGE_CURVE('',#4376,#4187,#5189,.T.);
#3241=EDGE_CURVE('',#4382,#4188,#5190,.T.);
#3242=EDGE_CURVE('',#4381,#4189,#5191,.T.);
#3243=EDGE_CURVE('',#4380,#4190,#5192,.T.);
#3244=EDGE_CURVE('',#4379,#4191,#5193,.T.);
#3245=EDGE_CURVE('',#4378,#4192,#5194,.T.);
#3246=EDGE_CURVE('',#4377,#4185,#5195,.T.);
#3247=EDGE_CURVE('',#4383,#4383,#485,.T.);
#3248=EDGE_CURVE('',#4384,#4384,#486,.T.);
#3249=EDGE_CURVE('',#4385,#4385,#487,.T.);
#3250=EDGE_CURVE('',#4386,#4387,#5196,.T.);
#3251=EDGE_CURVE('',#4388,#4386,#5197,.T.);
#3252=EDGE_CURVE('',#4389,#4388,#488,.T.);
#3253=EDGE_CURVE('',#4390,#4389,#489,.T.);
#3254=EDGE_CURVE('',#4391,#4390,#5198,.T.);
#3255=EDGE_CURVE('',#4392,#4391,#5199,.T.);
#3256=EDGE_CURVE('',#4387,#4392,#5200,.T.);
#3257=EDGE_CURVE('',#4386,#4260,#5201,.T.);
#3258=EDGE_CURVE('',#4387,#4261,#5202,.T.);
#3259=EDGE_CURVE('',#4392,#4262,#5203,.T.);
#3260=EDGE_CURVE('',#4391,#4263,#5204,.T.);
#3261=EDGE_CURVE('',#4390,#4264,#5205,.T.);
#3262=EDGE_CURVE('',#4389,#4265,#5206,.T.);
#3263=EDGE_CURVE('',#4388,#4259,#5207,.T.);
#3264=EDGE_CURVE('',#4393,#4394,#5208,.T.);
#3265=EDGE_CURVE('',#4395,#4393,#5209,.T.);
#3266=EDGE_CURVE('',#4396,#4395,#5210,.T.);
#3267=EDGE_CURVE('',#4397,#4396,#5211,.T.);
#3268=EDGE_CURVE('',#4398,#4397,#5212,.T.);
#3269=EDGE_CURVE('',#4399,#4398,#5213,.T.);
#3270=EDGE_CURVE('',#4400,#4399,#5214,.T.);
#3271=EDGE_CURVE('',#4401,#4400,#5215,.T.);
#3272=EDGE_CURVE('',#4402,#4401,#5216,.T.);
#3273=EDGE_CURVE('',#4403,#4402,#5217,.T.);
#3274=EDGE_CURVE('',#4404,#4403,#5218,.T.);
#3275=EDGE_CURVE('',#4394,#4404,#5219,.T.);
#3276=EDGE_CURVE('',#4393,#4267,#5220,.T.);
#3277=EDGE_CURVE('',#4394,#4268,#5221,.T.);
#3278=EDGE_CURVE('',#4404,#4269,#5222,.T.);
#3279=EDGE_CURVE('',#4403,#4270,#5223,.T.);
#3280=EDGE_CURVE('',#4402,#4271,#5224,.T.);
#3281=EDGE_CURVE('',#4401,#4272,#5225,.T.);
#3282=EDGE_CURVE('',#4400,#4273,#5226,.T.);
#3283=EDGE_CURVE('',#4399,#4274,#5227,.T.);
#3284=EDGE_CURVE('',#4398,#4275,#5228,.T.);
#3285=EDGE_CURVE('',#4397,#4276,#5229,.T.);
#3286=EDGE_CURVE('',#4396,#4277,#5230,.T.);
#3287=EDGE_CURVE('',#4395,#4266,#5231,.T.);
#3288=EDGE_CURVE('',#4405,#4406,#5232,.T.);
#3289=EDGE_CURVE('',#4407,#4405,#490,.T.);
#3290=EDGE_CURVE('',#4408,#4407,#5233,.T.);
#3291=EDGE_CURVE('',#4406,#4408,#491,.T.);
#3292=EDGE_CURVE('',#4405,#4279,#5234,.T.);
#3293=EDGE_CURVE('',#4406,#4280,#5235,.T.);
#3294=EDGE_CURVE('',#4408,#4281,#5236,.T.);
#3295=EDGE_CURVE('',#4407,#4278,#5237,.T.);
#3296=EDGE_CURVE('',#4409,#4410,#5238,.T.);
#3297=EDGE_CURVE('',#4410,#4409,#492,.T.);
#3298=EDGE_CURVE('',#4411,#4412,#5239,.T.);
#3299=EDGE_CURVE('',#4412,#4411,#493,.T.);
#3300=EDGE_CURVE('',#4411,#4283,#5240,.T.);
#3301=EDGE_CURVE('',#4412,#4282,#5241,.T.);
#3302=EDGE_CURVE('',#4413,#4414,#5242,.T.);
#3303=EDGE_CURVE('',#4409,#4413,#5243,.T.);
#3304=EDGE_CURVE('',#4410,#4414,#5244,.T.);
#3305=EDGE_CURVE('',#4414,#4413,#494,.T.);
#3306=EDGE_CURVE('',#4415,#4416,#5245,.T.);
#3307=EDGE_CURVE('',#4417,#4415,#5246,.T.);
#3308=EDGE_CURVE('',#4418,#4417,#5247,.T.);
#3309=EDGE_CURVE('',#4416,#4418,#5248,.T.);
#3310=EDGE_CURVE('',#4415,#4285,#5249,.T.);
#3311=EDGE_CURVE('',#4416,#4286,#5250,.T.);
#3312=EDGE_CURVE('',#4418,#4287,#5251,.T.);
#3313=EDGE_CURVE('',#4417,#4284,#5252,.T.);
#3314=EDGE_CURVE('',#4419,#4420,#5253,.T.);
#3315=EDGE_CURVE('',#4421,#4419,#5254,.T.);
#3316=EDGE_CURVE('',#4422,#4421,#5255,.T.);
#3317=EDGE_CURVE('',#4420,#4422,#5256,.T.);
#3318=EDGE_CURVE('',#4419,#4289,#5257,.T.);
#3319=EDGE_CURVE('',#4420,#4290,#5258,.T.);
#3320=EDGE_CURVE('',#4422,#4291,#5259,.T.);
#3321=EDGE_CURVE('',#4421,#4288,#5260,.T.);
#3322=EDGE_CURVE('',#4423,#4424,#5261,.T.);
#3323=EDGE_CURVE('',#4425,#4423,#5262,.T.);
#3324=EDGE_CURVE('',#4426,#4425,#5263,.T.);
#3325=EDGE_CURVE('',#4427,#4426,#5264,.T.);
#3326=EDGE_CURVE('',#4428,#4427,#5265,.T.);
#3327=EDGE_CURVE('',#4429,#4428,#5266,.T.);
#3328=EDGE_CURVE('',#4430,#4429,#5267,.T.);
#3329=EDGE_CURVE('',#4431,#4430,#5268,.T.);
#3330=EDGE_CURVE('',#4432,#4431,#5269,.T.);
#3331=EDGE_CURVE('',#4424,#4432,#5270,.T.);
#3332=EDGE_CURVE('',#4423,#4293,#5271,.T.);
#3333=EDGE_CURVE('',#4424,#4294,#5272,.T.);
#3334=EDGE_CURVE('',#4432,#4295,#5273,.T.);
#3335=EDGE_CURVE('',#4431,#4296,#5274,.T.);
#3336=EDGE_CURVE('',#4430,#4297,#5275,.T.);
#3337=EDGE_CURVE('',#4429,#4298,#5276,.T.);
#3338=EDGE_CURVE('',#4428,#4299,#5277,.T.);
#3339=EDGE_CURVE('',#4427,#4300,#5278,.T.);
#3340=EDGE_CURVE('',#4426,#4301,#5279,.T.);
#3341=EDGE_CURVE('',#4425,#4292,#5280,.T.);
#3342=EDGE_CURVE('',#4433,#4433,#495,.T.);
#3343=EDGE_CURVE('',#4434,#4434,#496,.T.);
#3344=EDGE_CURVE('',#4435,#4436,#497,.T.);
#3345=EDGE_CURVE('',#4436,#4435,#498,.T.);
#3346=EDGE_CURVE('',#4436,#4179,#5281,.T.);
#3347=EDGE_CURVE('',#4435,#4180,#5282,.T.);
#3348=EDGE_CURVE('',#4437,#4437,#499,.T.);
#3349=EDGE_CURVE('',#4438,#4438,#500,.T.);
#3350=EDGE_CURVE('',#4439,#4440,#5283,.T.);
#3351=EDGE_CURVE('',#4440,#4439,#501,.T.);
#3352=EDGE_CURVE('',#4441,#4442,#5284,.T.);
#3353=EDGE_CURVE('',#4443,#4441,#502,.T.);
#3354=EDGE_CURVE('',#4444,#4443,#5285,.T.);
#3355=EDGE_CURVE('',#4442,#4444,#5286,.T.);
#3356=EDGE_CURVE('',#4441,#4175,#5287,.T.);
#3357=EDGE_CURVE('',#4442,#4176,#5288,.T.);
#3358=EDGE_CURVE('',#4444,#4177,#5289,.T.);
#3359=EDGE_CURVE('',#4443,#4178,#5290,.T.);
#3360=EDGE_CURVE('',#4445,#4446,#5291,.T.);
#3361=EDGE_CURVE('',#4439,#4445,#5292,.T.);
#3362=EDGE_CURVE('',#4440,#4446,#5293,.T.);
#3363=EDGE_CURVE('',#4446,#4445,#503,.T.);
#3364=EDGE_CURVE('',#4447,#4448,#5294,.T.);
#3365=EDGE_CURVE('',#4449,#4447,#5295,.T.);
#3366=EDGE_CURVE('',#4450,#4449,#5296,.T.);
#3367=EDGE_CURVE('',#4451,#4450,#504,.T.);
#3368=EDGE_CURVE('',#4452,#4451,#505,.T.);
#3369=EDGE_CURVE('',#4453,#4452,#5297,.T.);
#3370=EDGE_CURVE('',#4454,#4453,#5298,.T.);
#3371=EDGE_CURVE('',#4455,#4454,#5299,.T.);
#3372=EDGE_CURVE('',#4448,#4455,#5300,.T.);
#3373=EDGE_CURVE('',#4447,#4166,#5301,.T.);
#3374=EDGE_CURVE('',#4448,#4167,#5302,.T.);
#3375=EDGE_CURVE('',#4455,#4168,#5303,.T.);
#3376=EDGE_CURVE('',#4454,#4169,#5304,.T.);
#3377=EDGE_CURVE('',#4453,#4170,#5305,.T.);
#3378=EDGE_CURVE('',#4452,#4171,#5306,.T.);
#3379=EDGE_CURVE('',#4451,#4172,#5307,.T.);
#3380=EDGE_CURVE('',#4450,#4173,#5308,.T.);
#3381=EDGE_CURVE('',#4449,#4174,#5309,.T.);
#3382=EDGE_CURVE('',#4456,#4457,#5310,.T.);
#3383=EDGE_CURVE('',#4457,#4456,#506,.T.);
#3384=EDGE_CURVE('',#4458,#4459,#5311,.T.);
#3385=EDGE_CURVE('',#4459,#4458,#507,.T.);
#3386=EDGE_CURVE('',#4458,#4164,#5312,.T.);
#3387=EDGE_CURVE('',#4459,#4165,#5313,.T.);
#3388=EDGE_CURVE('',#4460,#4461,#5314,.T.);
#3389=EDGE_CURVE('',#4456,#4460,#5315,.T.);
#3390=EDGE_CURVE('',#4457,#4461,#5316,.T.);
#3391=EDGE_CURVE('',#4461,#4460,#508,.T.);
#3392=EDGE_CURVE('',#4462,#4463,#5317,.T.);
#3393=EDGE_CURVE('',#4464,#4462,#5318,.T.);
#3394=EDGE_CURVE('',#4465,#4464,#5319,.T.);
#3395=EDGE_CURVE('',#4466,#4465,#5320,.T.);
#3396=EDGE_CURVE('',#4467,#4466,#5321,.T.);
#3397=EDGE_CURVE('',#4468,#4467,#5322,.T.);
#3398=EDGE_CURVE('',#4469,#4468,#5323,.T.);
#3399=EDGE_CURVE('',#4470,#4469,#5324,.T.);
#3400=EDGE_CURVE('',#4471,#4470,#5325,.T.);
#3401=EDGE_CURVE('',#4472,#4471,#5326,.T.);
#3402=EDGE_CURVE('',#4473,#4472,#5327,.T.);
#3403=EDGE_CURVE('',#4463,#4473,#5328,.T.);
#3404=EDGE_CURVE('',#4462,#4152,#5329,.T.);
#3405=EDGE_CURVE('',#4463,#4153,#5330,.T.);
#3406=EDGE_CURVE('',#4473,#4154,#5331,.T.);
#3407=EDGE_CURVE('',#4472,#4155,#5332,.T.);
#3408=EDGE_CURVE('',#4471,#4156,#5333,.T.);
#3409=EDGE_CURVE('',#4470,#4157,#5334,.T.);
#3410=EDGE_CURVE('',#4469,#4158,#5335,.T.);
#3411=EDGE_CURVE('',#4468,#4159,#5336,.T.);
#3412=EDGE_CURVE('',#4467,#4160,#5337,.T.);
#3413=EDGE_CURVE('',#4466,#4161,#5338,.T.);
#3414=EDGE_CURVE('',#4465,#4162,#5339,.T.);
#3415=EDGE_CURVE('',#4464,#4163,#5340,.T.);
#3416=EDGE_CURVE('',#4474,#4475,#5341,.T.);
#3417=EDGE_CURVE('',#4476,#4474,#5342,.T.);
#3418=EDGE_CURVE('',#4477,#4476,#5343,.T.);
#3419=EDGE_CURVE('',#4478,#4477,#5344,.T.);
#3420=EDGE_CURVE('',#4479,#4478,#5345,.T.);
#3421=EDGE_CURVE('',#4475,#4479,#5346,.T.);
#3422=EDGE_CURVE('',#4474,#4146,#5347,.T.);
#3423=EDGE_CURVE('',#4475,#4147,#5348,.T.);
#3424=EDGE_CURVE('',#4479,#4148,#5349,.T.);
#3425=EDGE_CURVE('',#4478,#4149,#5350,.T.);
#3426=EDGE_CURVE('',#4477,#4150,#5351,.T.);
#3427=EDGE_CURVE('',#4476,#4151,#5352,.T.);
#3428=EDGE_CURVE('',#4480,#4481,#5353,.T.);
#3429=EDGE_CURVE('',#4482,#4480,#5354,.T.);
#3430=EDGE_CURVE('',#4483,#4482,#5355,.T.);
#3431=EDGE_CURVE('',#4481,#4483,#5356,.T.);
#3432=EDGE_CURVE('',#4480,#4142,#5357,.T.);
#3433=EDGE_CURVE('',#4481,#4143,#5358,.T.);
#3434=EDGE_CURVE('',#4483,#4144,#5359,.T.);
#3435=EDGE_CURVE('',#4482,#4145,#5360,.T.);
#3436=EDGE_CURVE('',#4484,#4485,#5361,.T.);
#3437=EDGE_CURVE('',#4486,#4484,#5362,.T.);
#3438=EDGE_CURVE('',#4486,#4487,#5363,.T.);
#3439=EDGE_CURVE('',#4487,#4485,#5364,.T.);
#3440=EDGE_CURVE('',#4485,#4488,#5365,.T.);
#3441=EDGE_CURVE('',#4487,#4489,#5366,.T.);
#3442=EDGE_CURVE('',#4489,#4488,#5367,.T.);
#3443=EDGE_CURVE('',#4488,#4490,#5368,.T.);
#3444=EDGE_CURVE('',#4489,#4491,#5369,.T.);
#3445=EDGE_CURVE('',#4491,#4490,#5370,.T.);
#3446=EDGE_CURVE('',#4492,#4493,#5371,.T.);
#3447=EDGE_CURVE('',#4494,#4492,#5372,.T.);
#3448=EDGE_CURVE('',#4494,#4495,#5373,.T.);
#3449=EDGE_CURVE('',#4495,#4493,#5374,.T.);
#3450=EDGE_CURVE('',#4493,#4496,#5375,.T.);
#3451=EDGE_CURVE('',#4495,#4497,#5376,.T.);
#3452=EDGE_CURVE('',#4497,#4496,#5377,.T.);
#3453=EDGE_CURVE('',#4496,#4498,#5378,.T.);
#3454=EDGE_CURVE('',#4497,#4499,#5379,.T.);
#3455=EDGE_CURVE('',#4499,#4498,#5380,.T.);
#3456=EDGE_CURVE('',#4498,#4500,#5381,.T.);
#3457=EDGE_CURVE('',#4499,#4501,#5382,.T.);
#3458=EDGE_CURVE('',#4501,#4500,#5383,.T.);
#3459=EDGE_CURVE('',#4500,#4502,#5384,.T.);
#3460=EDGE_CURVE('',#4501,#4503,#5385,.T.);
#3461=EDGE_CURVE('',#4503,#4502,#5386,.T.);
#3462=EDGE_CURVE('',#4502,#4504,#5387,.T.);
#3463=EDGE_CURVE('',#4503,#4505,#5388,.T.);
#3464=EDGE_CURVE('',#4505,#4504,#5389,.T.);
#3465=EDGE_CURVE('',#4504,#4506,#5390,.T.);
#3466=EDGE_CURVE('',#4505,#4507,#5391,.T.);
#3467=EDGE_CURVE('',#4507,#4506,#5392,.T.);
#3468=EDGE_CURVE('',#4506,#4508,#5393,.T.);
#3469=EDGE_CURVE('',#4507,#4509,#5394,.T.);
#3470=EDGE_CURVE('',#4509,#4508,#5395,.T.);
#3471=EDGE_CURVE('',#4508,#4510,#5396,.T.);
#3472=EDGE_CURVE('',#4509,#4511,#5397,.T.);
#3473=EDGE_CURVE('',#4511,#4510,#5398,.T.);
#3474=EDGE_CURVE('',#4510,#4512,#5399,.T.);
#3475=EDGE_CURVE('',#4511,#4513,#5400,.T.);
#3476=EDGE_CURVE('',#4513,#4512,#5401,.T.);
#3477=EDGE_CURVE('',#4512,#4514,#5402,.T.);
#3478=EDGE_CURVE('',#4513,#4515,#5403,.T.);
#3479=EDGE_CURVE('',#4515,#4514,#5404,.T.);
#3480=EDGE_CURVE('',#4514,#4516,#5405,.T.);
#3481=EDGE_CURVE('',#4515,#4517,#5406,.T.);
#3482=EDGE_CURVE('',#4517,#4516,#5407,.T.);
#3483=EDGE_CURVE('',#4516,#4518,#5408,.T.);
#3484=EDGE_CURVE('',#4517,#4519,#5409,.T.);
#3485=EDGE_CURVE('',#4519,#4518,#5410,.T.);
#3486=EDGE_CURVE('',#4520,#4521,#5411,.T.);
#3487=EDGE_CURVE('',#4522,#4521,#5412,.T.);
#3488=EDGE_CURVE('',#4523,#4522,#5413,.T.);
#3489=EDGE_CURVE('',#4523,#4520,#5414,.T.);
#3490=EDGE_CURVE('',#4524,#4520,#5415,.T.);
#3491=EDGE_CURVE('',#4525,#4523,#5416,.T.);
#3492=EDGE_CURVE('',#4525,#4524,#5417,.T.);
#3493=EDGE_CURVE('',#4526,#4524,#5418,.T.);
#3494=EDGE_CURVE('',#4527,#4525,#5419,.T.);
#3495=EDGE_CURVE('',#4527,#4526,#5420,.T.);
#3496=EDGE_CURVE('',#4518,#4492,#5421,.T.);
#3497=EDGE_CURVE('',#4519,#4494,#5422,.T.);
#3498=EDGE_CURVE('',#4521,#4526,#5423,.T.);
#3499=EDGE_CURVE('',#4522,#4527,#5424,.T.);
#3500=EDGE_CURVE('',#4490,#4484,#5425,.T.);
#3501=EDGE_CURVE('',#4491,#4486,#5426,.T.);
#3502=EDGE_CURVE('',#4528,#4529,#5427,.T.);
#3503=EDGE_CURVE('',#4529,#4530,#5428,.T.);
#3504=EDGE_CURVE('',#4531,#4530,#5429,.T.);
#3505=EDGE_CURVE('',#4531,#4528,#5430,.T.);
#3506=EDGE_CURVE('',#4530,#4532,#5431,.T.);
#3507=EDGE_CURVE('',#4533,#4532,#5432,.T.);
#3508=EDGE_CURVE('',#4533,#4531,#5433,.T.);
#3509=EDGE_CURVE('',#4532,#4534,#5434,.T.);
#3510=EDGE_CURVE('',#4535,#4534,#5435,.T.);
#3511=EDGE_CURVE('',#4535,#4533,#5436,.T.);
#3512=EDGE_CURVE('',#4534,#4529,#5437,.T.);
#3513=EDGE_CURVE('',#4528,#4535,#5438,.T.);
#3514=EDGE_CURVE('',#4536,#4537,#5439,.T.);
#3515=EDGE_CURVE('',#4537,#4538,#5440,.T.);
#3516=EDGE_CURVE('',#4538,#4539,#5441,.T.);
#3517=EDGE_CURVE('',#4539,#4536,#5442,.T.);
#3518=EDGE_CURVE('',#4540,#4541,#5443,.T.);
#3519=EDGE_CURVE('',#4541,#4542,#5444,.T.);
#3520=EDGE_CURVE('',#4542,#4543,#5445,.T.);
#3521=EDGE_CURVE('',#4543,#4540,#5446,.T.);
#3522=EDGE_CURVE('',#4542,#4532,#5447,.T.);
#3523=EDGE_CURVE('',#4543,#4530,#5448,.T.);
#3524=EDGE_CURVE('',#4540,#4529,#5449,.F.);
#3525=EDGE_CURVE('',#4534,#4541,#5450,.T.);
#3526=EDGE_CURVE('',#4531,#4539,#5451,.T.);
#3527=EDGE_CURVE('',#4536,#4533,#5452,.F.);
#3528=EDGE_CURVE('',#4537,#4535,#5453,.F.);
#3529=EDGE_CURVE('',#4528,#4538,#5454,.F.);
#3530=EDGE_CURVE('',#4544,#4545,#5455,.T.);
#3531=EDGE_CURVE('',#4546,#4545,#5456,.T.);
#3532=EDGE_CURVE('',#4546,#4547,#5457,.T.);
#3533=EDGE_CURVE('',#4547,#4548,#5458,.T.);
#3534=EDGE_CURVE('',#4549,#4548,#5459,.T.);
#3535=EDGE_CURVE('',#4550,#4549,#5460,.T.);
#3536=EDGE_CURVE('',#4550,#4551,#5461,.T.);
#3537=EDGE_CURVE('',#4551,#4544,#5462,.T.);
#3538=EDGE_CURVE('',#4552,#4553,#5463,.T.);
#3539=EDGE_CURVE('',#4554,#4552,#5464,.T.);
#3540=EDGE_CURVE('',#4555,#4554,#5465,.T.);
#3541=EDGE_CURVE('',#4556,#4555,#5466,.T.);
#3542=EDGE_CURVE('',#4556,#4557,#5467,.T.);
#3543=EDGE_CURVE('',#4557,#4558,#5468,.T.);
#3544=EDGE_CURVE('',#4559,#4558,#5469,.T.);
#3545=EDGE_CURVE('',#4553,#4559,#5470,.T.);
#3546=EDGE_CURVE('',#4552,#4544,#5471,.T.);
#3547=EDGE_CURVE('',#4553,#4545,#5472,.T.);
#3548=EDGE_CURVE('',#4554,#4551,#5473,.T.);
#3549=EDGE_CURVE('',#4555,#4550,#5474,.T.);
#3550=EDGE_CURVE('',#4559,#4560,#5475,.T.);
#3551=EDGE_CURVE('',#4561,#4560,#261,.T.);
#3552=EDGE_CURVE('',#4561,#4546,#5476,.T.);
#3553=EDGE_CURVE('',#4561,#4562,#5477,.T.);
#3554=EDGE_CURVE('',#4560,#4563,#5478,.T.);
#3555=EDGE_CURVE('',#4562,#4563,#262,.T.);
#3556=EDGE_CURVE('',#4562,#4547,#5479,.T.);
#3557=EDGE_CURVE('',#4558,#4563,#5480,.T.);
#3558=EDGE_CURVE('',#4564,#4557,#5481,.T.);
#3559=EDGE_CURVE('',#4564,#4565,#263,.T.);
#3560=EDGE_CURVE('',#4548,#4565,#5482,.T.);
#3561=EDGE_CURVE('',#4549,#4566,#5483,.T.);
#3562=EDGE_CURVE('',#4567,#4566,#264,.T.);
#3563=EDGE_CURVE('',#4567,#4556,#5484,.T.);
#3564=EDGE_CURVE('',#4567,#4564,#5485,.T.);
#3565=EDGE_CURVE('',#4566,#4565,#5486,.T.);
#3566=EDGE_CURVE('',#4568,#4569,#5487,.T.);
#3567=EDGE_CURVE('',#4568,#4570,#5488,.T.);
#3568=EDGE_CURVE('',#4570,#4571,#5489,.T.);
#3569=EDGE_CURVE('',#4571,#4572,#5490,.T.);
#3570=EDGE_CURVE('',#4573,#4572,#5491,.T.);
#3571=EDGE_CURVE('',#4574,#4573,#5492,.T.);
#3572=EDGE_CURVE('',#4575,#4574,#5493,.T.);
#3573=EDGE_CURVE('',#4569,#4575,#5494,.T.);
#3574=EDGE_CURVE('',#4576,#4577,#5495,.T.);
#3575=EDGE_CURVE('',#4576,#4578,#5496,.T.);
#3576=EDGE_CURVE('',#4578,#4579,#5497,.T.);
#3577=EDGE_CURVE('',#4579,#4580,#5498,.T.);
#3578=EDGE_CURVE('',#4580,#4581,#5499,.T.);
#3579=EDGE_CURVE('',#4581,#4582,#5500,.T.);
#3580=EDGE_CURVE('',#4583,#4582,#5501,.T.);
#3581=EDGE_CURVE('',#4577,#4583,#5502,.T.);
#3582=EDGE_CURVE('',#4580,#4574,#5503,.T.);
#3583=EDGE_CURVE('',#4579,#4575,#5504,.T.);
#3584=EDGE_CURVE('',#4578,#4569,#5505,.T.);
#3585=EDGE_CURVE('',#4576,#4568,#5506,.T.);
#3586=EDGE_CURVE('',#4581,#4573,#5507,.T.);
#3587=EDGE_CURVE('',#4582,#4572,#5508,.T.);
#3588=EDGE_CURVE('',#4577,#4570,#5509,.T.);
#3589=EDGE_CURVE('',#4583,#4571,#5510,.T.);
#3590=EDGE_CURVE('',#4584,#4585,#5511,.T.);
#3591=EDGE_CURVE('',#4585,#4586,#265,.T.);
#3592=EDGE_CURVE('',#4587,#4586,#5512,.T.);
#3593=EDGE_CURVE('',#4587,#4588,#266,.T.);
#3594=EDGE_CURVE('',#4589,#4588,#5513,.T.);
#3595=EDGE_CURVE('',#4589,#4590,#267,.T.);
#3596=EDGE_CURVE('',#4590,#4591,#5514,.T.);
#3597=EDGE_CURVE('',#4591,#4584,#268,.T.);
#3598=EDGE_CURVE('',#4592,#4593,#269,.T.);
#3599=EDGE_CURVE('',#4594,#4592,#5515,.T.);
#3600=EDGE_CURVE('',#4595,#4594,#270,.T.);
#3601=EDGE_CURVE('',#4596,#4595,#5516,.T.);
#3602=EDGE_CURVE('',#4597,#4596,#271,.T.);
#3603=EDGE_CURVE('',#4598,#4597,#5517,.T.);
#3604=EDGE_CURVE('',#4599,#4598,#272,.T.);
#3605=EDGE_CURVE('',#4593,#4599,#5518,.T.);
#3606=EDGE_CURVE('',#4600,#4601,#273,.T.);
#3607=EDGE_CURVE('',#4602,#4601,#5519,.T.);
#3608=EDGE_CURVE('',#4602,#4603,#274,.T.);
#3609=EDGE_CURVE('',#4600,#4603,#5520,.T.);
#3610=EDGE_CURVE('',#4602,#4604,#275,.T.);
#3611=EDGE_CURVE('',#4604,#4603,#276,.T.);
#3612=EDGE_CURVE('',#4600,#4605,#277,.T.);
#3613=EDGE_CURVE('',#4605,#4601,#278,.T.);
#3614=EDGE_CURVE('',#4604,#4585,#5521,.T.);
#3615=EDGE_CURVE('',#4586,#4602,#5522,.T.);
#3616=EDGE_CURVE('',#4606,#4607,#279,.T.);
#3617=EDGE_CURVE('',#4603,#4607,#5523,.T.);
#3618=EDGE_CURVE('',#4606,#4604,#5524,.T.);
#3619=EDGE_CURVE('',#4608,#4609,#280,.T.);
#3620=EDGE_CURVE('',#4605,#4609,#5525,.T.);
#3621=EDGE_CURVE('',#4608,#4600,#5526,.T.);
#3622=EDGE_CURVE('',#4601,#4587,#5527,.T.);
#3623=EDGE_CURVE('',#4588,#4605,#5528,.T.);
#3624=EDGE_CURVE('',#4606,#4610,#281,.T.);
#3625=EDGE_CURVE('',#4610,#4607,#282,.T.);
#3626=EDGE_CURVE('',#4608,#4611,#283,.T.);
#3627=EDGE_CURVE('',#4611,#4609,#284,.T.);
#3628=EDGE_CURVE('',#4610,#4591,#5529,.T.);
#3629=EDGE_CURVE('',#4584,#4606,#5530,.T.);
#3630=EDGE_CURVE('',#4611,#4610,#5531,.T.);
#3631=EDGE_CURVE('',#4607,#4608,#5532,.T.);
#3632=EDGE_CURVE('',#4609,#4589,#5533,.T.);
#3633=EDGE_CURVE('',#4590,#4611,#5534,.T.);
#3634=EDGE_CURVE('',#4612,#4613,#285,.T.);
#3635=EDGE_CURVE('',#4612,#4614,#5535,.T.);
#3636=EDGE_CURVE('',#4615,#4614,#286,.T.);
#3637=EDGE_CURVE('',#4615,#4613,#5536,.T.);
#3638=EDGE_CURVE('',#4615,#4616,#287,.T.);
#3639=EDGE_CURVE('',#4616,#4614,#288,.T.);
#3640=EDGE_CURVE('',#4612,#4617,#289,.T.);
#3641=EDGE_CURVE('',#4617,#4613,#290,.T.);
#3642=EDGE_CURVE('',#4618,#4619,#291,.T.);
#3643=EDGE_CURVE('',#4619,#4615,#5537,.T.);
#3644=EDGE_CURVE('',#4616,#4618,#5538,.T.);
#3645=EDGE_CURVE('',#4620,#4621,#292,.T.);
#3646=EDGE_CURVE('',#4620,#4616,#5539,.T.);
#3647=EDGE_CURVE('',#4614,#4621,#5540,.T.);
#3648=EDGE_CURVE('',#4622,#4623,#293,.T.);
#3649=EDGE_CURVE('',#4622,#4612,#5541,.T.);
#3650=EDGE_CURVE('',#4617,#4623,#5542,.T.);
#3651=EDGE_CURVE('',#4624,#4625,#294,.T.);
#3652=EDGE_CURVE('',#4625,#4617,#5543,.T.);
#3653=EDGE_CURVE('',#4613,#4624,#5544,.T.);
#3654=EDGE_CURVE('',#4620,#4626,#295,.T.);
#3655=EDGE_CURVE('',#4626,#4621,#296,.T.);
#3656=EDGE_CURVE('',#4622,#4627,#297,.T.);
#3657=EDGE_CURVE('',#4627,#4623,#298,.T.);
#3658=EDGE_CURVE('',#4628,#4629,#299,.T.);
#3659=EDGE_CURVE('',#4629,#4620,#5545,.T.);
#3660=EDGE_CURVE('',#4626,#4628,#5546,.T.);
#3661=EDGE_CURVE('',#4621,#4622,#5547,.T.);
#3662=EDGE_CURVE('',#4627,#4626,#5548,.T.);
#3663=EDGE_CURVE('',#4630,#4631,#300,.T.);
#3664=EDGE_CURVE('',#4631,#4627,#5549,.T.);
#3665=EDGE_CURVE('',#4623,#4630,#5550,.T.);
#3666=EDGE_CURVE('',#4629,#4618,#5551,.T.);
#3667=EDGE_CURVE('',#4630,#4625,#5552,.T.);
#3668=EDGE_CURVE('',#4624,#4619,#5553,.T.);
#3669=EDGE_CURVE('',#4632,#4633,#5554,.T.);
#3670=EDGE_CURVE('',#4633,#4634,#301,.T.);
#3671=EDGE_CURVE('',#4634,#4635,#5555,.T.);
#3672=EDGE_CURVE('',#4635,#4636,#302,.T.);
#3673=EDGE_CURVE('',#4636,#4637,#5556,.T.);
#3674=EDGE_CURVE('',#4637,#4638,#303,.T.);
#3675=EDGE_CURVE('',#4638,#4639,#5557,.T.);
#3676=EDGE_CURVE('',#4639,#4632,#304,.T.);
#3677=EDGE_CURVE('',#4631,#4628,#5558,.T.);
#3678=EDGE_CURVE('',#4633,#4592,#5559,.T.);
#3679=EDGE_CURVE('',#4634,#4593,#5560,.T.);
#3680=EDGE_CURVE('',#4635,#4599,#5561,.T.);
#3681=EDGE_CURVE('',#4636,#4598,#5562,.T.);
#3682=EDGE_CURVE('',#4637,#4597,#5563,.T.);
#3683=EDGE_CURVE('',#4638,#4596,#5564,.T.);
#3684=EDGE_CURVE('',#4639,#4595,#5565,.T.);
#3685=EDGE_CURVE('',#4632,#4594,#5566,.T.);
#3686=EDGE_CURVE('',#4640,#4641,#5567,.T.);
#3687=EDGE_CURVE('',#4641,#4642,#305,.T.);
#3688=EDGE_CURVE('',#4643,#4642,#5568,.T.);
#3689=EDGE_CURVE('',#4643,#4644,#306,.T.);
#3690=EDGE_CURVE('',#4645,#4644,#5569,.T.);
#3691=EDGE_CURVE('',#4645,#4646,#307,.T.);
#3692=EDGE_CURVE('',#4646,#4647,#5570,.T.);
#3693=EDGE_CURVE('',#4647,#4640,#308,.T.);
#3694=EDGE_CURVE('',#4648,#4649,#309,.T.);
#3695=EDGE_CURVE('',#4650,#4648,#5571,.T.);
#3696=EDGE_CURVE('',#4651,#4650,#310,.T.);
#3697=EDGE_CURVE('',#4652,#4651,#5572,.T.);
#3698=EDGE_CURVE('',#4653,#4652,#311,.T.);
#3699=EDGE_CURVE('',#4654,#4653,#5573,.T.);
#3700=EDGE_CURVE('',#4655,#4654,#312,.T.);
#3701=EDGE_CURVE('',#4649,#4655,#5574,.T.);
#3702=EDGE_CURVE('',#4656,#4657,#313,.T.);
#3703=EDGE_CURVE('',#4658,#4657,#5575,.T.);
#3704=EDGE_CURVE('',#4658,#4659,#314,.T.);
#3705=EDGE_CURVE('',#4656,#4659,#5576,.T.);
#3706=EDGE_CURVE('',#4658,#4660,#315,.T.);
#3707=EDGE_CURVE('',#4660,#4659,#316,.T.);
#3708=EDGE_CURVE('',#4656,#4661,#317,.T.);
#3709=EDGE_CURVE('',#4661,#4657,#318,.T.);
#3710=EDGE_CURVE('',#4660,#4641,#5577,.T.);
#3711=EDGE_CURVE('',#4642,#4658,#5578,.T.);
#3712=EDGE_CURVE('',#4662,#4663,#319,.T.);
#3713=EDGE_CURVE('',#4659,#4663,#5579,.T.);
#3714=EDGE_CURVE('',#4662,#4660,#5580,.T.);
#3715=EDGE_CURVE('',#4664,#4665,#320,.T.);
#3716=EDGE_CURVE('',#4661,#4665,#5581,.T.);
#3717=EDGE_CURVE('',#4664,#4656,#5582,.T.);
#3718=EDGE_CURVE('',#4657,#4643,#5583,.T.);
#3719=EDGE_CURVE('',#4644,#4661,#5584,.T.);
#3720=EDGE_CURVE('',#4662,#4666,#321,.T.);
#3721=EDGE_CURVE('',#4666,#4663,#322,.T.);
#3722=EDGE_CURVE('',#4664,#4667,#323,.T.);
#3723=EDGE_CURVE('',#4667,#4665,#324,.T.);
#3724=EDGE_CURVE('',#4666,#4647,#5585,.T.);
#3725=EDGE_CURVE('',#4640,#4662,#5586,.T.);
#3726=EDGE_CURVE('',#4667,#4666,#5587,.T.);
#3727=EDGE_CURVE('',#4663,#4664,#5588,.T.);
#3728=EDGE_CURVE('',#4665,#4645,#5589,.T.);
#3729=EDGE_CURVE('',#4646,#4667,#5590,.T.);
#3730=EDGE_CURVE('',#4668,#4669,#325,.T.);
#3731=EDGE_CURVE('',#4668,#4670,#5591,.T.);
#3732=EDGE_CURVE('',#4671,#4670,#326,.T.);
#3733=EDGE_CURVE('',#4671,#4669,#5592,.T.);
#3734=EDGE_CURVE('',#4671,#4672,#327,.T.);
#3735=EDGE_CURVE('',#4672,#4670,#328,.T.);
#3736=EDGE_CURVE('',#4668,#4673,#329,.T.);
#3737=EDGE_CURVE('',#4673,#4669,#330,.T.);
#3738=EDGE_CURVE('',#4674,#4675,#331,.T.);
#3739=EDGE_CURVE('',#4675,#4671,#5593,.T.);
#3740=EDGE_CURVE('',#4672,#4674,#5594,.T.);
#3741=EDGE_CURVE('',#4676,#4677,#332,.T.);
#3742=EDGE_CURVE('',#4676,#4672,#5595,.T.);
#3743=EDGE_CURVE('',#4670,#4677,#5596,.T.);
#3744=EDGE_CURVE('',#4678,#4679,#333,.T.);
#3745=EDGE_CURVE('',#4678,#4668,#5597,.T.);
#3746=EDGE_CURVE('',#4673,#4679,#5598,.T.);
#3747=EDGE_CURVE('',#4680,#4681,#334,.T.);
#3748=EDGE_CURVE('',#4681,#4673,#5599,.T.);
#3749=EDGE_CURVE('',#4669,#4680,#5600,.T.);
#3750=EDGE_CURVE('',#4676,#4682,#335,.T.);
#3751=EDGE_CURVE('',#4682,#4677,#336,.T.);
#3752=EDGE_CURVE('',#4678,#4683,#337,.T.);
#3753=EDGE_CURVE('',#4683,#4679,#338,.T.);
#3754=EDGE_CURVE('',#4684,#4685,#339,.T.);
#3755=EDGE_CURVE('',#4685,#4676,#5601,.T.);
#3756=EDGE_CURVE('',#4682,#4684,#5602,.T.);
#3757=EDGE_CURVE('',#4677,#4678,#5603,.T.);
#3758=EDGE_CURVE('',#4683,#4682,#5604,.T.);
#3759=EDGE_CURVE('',#4686,#4687,#340,.T.);
#3760=EDGE_CURVE('',#4687,#4683,#5605,.T.);
#3761=EDGE_CURVE('',#4679,#4686,#5606,.T.);
#3762=EDGE_CURVE('',#4685,#4674,#5607,.T.);
#3763=EDGE_CURVE('',#4686,#4681,#5608,.T.);
#3764=EDGE_CURVE('',#4680,#4675,#5609,.T.);
#3765=EDGE_CURVE('',#4688,#4689,#5610,.T.);
#3766=EDGE_CURVE('',#4689,#4690,#341,.T.);
#3767=EDGE_CURVE('',#4690,#4691,#5611,.T.);
#3768=EDGE_CURVE('',#4691,#4692,#342,.T.);
#3769=EDGE_CURVE('',#4692,#4693,#5612,.T.);
#3770=EDGE_CURVE('',#4693,#4694,#343,.T.);
#3771=EDGE_CURVE('',#4694,#4695,#5613,.T.);
#3772=EDGE_CURVE('',#4695,#4688,#344,.T.);
#3773=EDGE_CURVE('',#4687,#4684,#5614,.T.);
#3774=EDGE_CURVE('',#4689,#4648,#5615,.T.);
#3775=EDGE_CURVE('',#4690,#4649,#5616,.T.);
#3776=EDGE_CURVE('',#4691,#4655,#5617,.T.);
#3777=EDGE_CURVE('',#4692,#4654,#5618,.T.);
#3778=EDGE_CURVE('',#4693,#4653,#5619,.T.);
#3779=EDGE_CURVE('',#4694,#4652,#5620,.T.);
#3780=EDGE_CURVE('',#4695,#4651,#5621,.T.);
#3781=EDGE_CURVE('',#4688,#4650,#5622,.T.);
#3782=EDGE_CURVE('',#4696,#4697,#5623,.T.);
#3783=EDGE_CURVE('',#4698,#4696,#345,.T.);
#3784=EDGE_CURVE('',#4699,#4698,#5624,.T.);
#3785=EDGE_CURVE('',#4700,#4699,#346,.T.);
#3786=EDGE_CURVE('',#4700,#4701,#5625,.T.);
#3787=EDGE_CURVE('',#4702,#4701,#347,.T.);
#3788=EDGE_CURVE('',#4702,#4703,#5626,.T.);
#3789=EDGE_CURVE('',#4697,#4703,#348,.T.);
#3790=EDGE_CURVE('',#4704,#4705,#349,.T.);
#3791=EDGE_CURVE('',#4705,#4706,#5627,.T.);
#3792=EDGE_CURVE('',#4706,#4707,#350,.T.);
#3793=EDGE_CURVE('',#4707,#4708,#5628,.T.);
#3794=EDGE_CURVE('',#4708,#4709,#351,.T.);
#3795=EDGE_CURVE('',#4709,#4710,#5629,.T.);
#3796=EDGE_CURVE('',#4710,#4711,#352,.T.);
#3797=EDGE_CURVE('',#4711,#4704,#5630,.T.);
#3798=EDGE_CURVE('',#4712,#4713,#353,.T.);
#3799=EDGE_CURVE('',#4712,#4714,#5631,.T.);
#3800=EDGE_CURVE('',#4715,#4714,#354,.T.);
#3801=EDGE_CURVE('',#4715,#4713,#5632,.T.);
#3802=EDGE_CURVE('',#4715,#4716,#355,.T.);
#3803=EDGE_CURVE('',#4716,#4714,#356,.T.);
#3804=EDGE_CURVE('',#4712,#4717,#357,.T.);
#3805=EDGE_CURVE('',#4717,#4713,#358,.T.);
#3806=EDGE_CURVE('',#4703,#4715,#5633,.T.);
#3807=EDGE_CURVE('',#4716,#4697,#5634,.T.);
#3808=EDGE_CURVE('',#4718,#4719,#359,.T.);
#3809=EDGE_CURVE('',#4718,#4716,#5635,.T.);
#3810=EDGE_CURVE('',#4714,#4719,#5636,.T.);
#3811=EDGE_CURVE('',#4720,#4721,#360,.T.);
#3812=EDGE_CURVE('',#4720,#4712,#5637,.T.);
#3813=EDGE_CURVE('',#4717,#4721,#5638,.T.);
#3814=EDGE_CURVE('',#4701,#4717,#5639,.T.);
#3815=EDGE_CURVE('',#4713,#4702,#5640,.T.);
#3816=EDGE_CURVE('',#4718,#4722,#361,.T.);
#3817=EDGE_CURVE('',#4722,#4719,#362,.T.);
#3818=EDGE_CURVE('',#4720,#4723,#363,.T.);
#3819=EDGE_CURVE('',#4723,#4721,#364,.T.);
#3820=EDGE_CURVE('',#4696,#4718,#5641,.T.);
#3821=EDGE_CURVE('',#4722,#4698,#5642,.T.);
#3822=EDGE_CURVE('',#4719,#4720,#5643,.T.);
#3823=EDGE_CURVE('',#4723,#4722,#5644,.T.);
#3824=EDGE_CURVE('',#4699,#4723,#5645,.T.);
#3825=EDGE_CURVE('',#4721,#4700,#5646,.T.);
#3826=EDGE_CURVE('',#4724,#4725,#365,.T.);
#3827=EDGE_CURVE('',#4726,#4725,#5647,.T.);
#3828=EDGE_CURVE('',#4726,#4727,#366,.T.);
#3829=EDGE_CURVE('',#4724,#4727,#5648,.T.);
#3830=EDGE_CURVE('',#4726,#4728,#367,.T.);
#3831=EDGE_CURVE('',#4728,#4727,#368,.T.);
#3832=EDGE_CURVE('',#4724,#4729,#369,.T.);
#3833=EDGE_CURVE('',#4729,#4725,#370,.T.);
#3834=EDGE_CURVE('',#4730,#4731,#371,.T.);
#3835=EDGE_CURVE('',#4728,#4730,#5649,.T.);
#3836=EDGE_CURVE('',#4731,#4726,#5650,.T.);
#3837=EDGE_CURVE('',#4732,#4733,#372,.T.);
#3838=EDGE_CURVE('',#4727,#4733,#5651,.T.);
#3839=EDGE_CURVE('',#4732,#4728,#5652,.T.);
#3840=EDGE_CURVE('',#4734,#4735,#373,.T.);
#3841=EDGE_CURVE('',#4729,#4735,#5653,.T.);
#3842=EDGE_CURVE('',#4734,#4724,#5654,.T.);
#3843=EDGE_CURVE('',#4736,#4737,#374,.T.);
#3844=EDGE_CURVE('',#4725,#4736,#5655,.T.);
#3845=EDGE_CURVE('',#4737,#4729,#5656,.T.);
#3846=EDGE_CURVE('',#4732,#4738,#375,.T.);
#3847=EDGE_CURVE('',#4738,#4733,#376,.T.);
#3848=EDGE_CURVE('',#4734,#4739,#377,.T.);
#3849=EDGE_CURVE('',#4739,#4735,#378,.T.);
#3850=EDGE_CURVE('',#4740,#4741,#379,.T.);
#3851=EDGE_CURVE('',#4738,#4740,#5657,.T.);
#3852=EDGE_CURVE('',#4741,#4732,#5658,.T.);
#3853=EDGE_CURVE('',#4739,#4738,#5659,.T.);
#3854=EDGE_CURVE('',#4733,#4734,#5660,.T.);
#3855=EDGE_CURVE('',#4742,#4743,#380,.T.);
#3856=EDGE_CURVE('',#4735,#4742,#5661,.T.);
#3857=EDGE_CURVE('',#4743,#4739,#5662,.T.);
#3858=EDGE_CURVE('',#4741,#4730,#5663,.T.);
#3859=EDGE_CURVE('',#4742,#4737,#5664,.T.);
#3860=EDGE_CURVE('',#4736,#4731,#5665,.T.);
#3861=EDGE_CURVE('',#4744,#4745,#5666,.T.);
#3862=EDGE_CURVE('',#4746,#4744,#381,.T.);
#3863=EDGE_CURVE('',#4747,#4746,#5667,.T.);
#3864=EDGE_CURVE('',#4748,#4747,#382,.T.);
#3865=EDGE_CURVE('',#4749,#4748,#5668,.T.);
#3866=EDGE_CURVE('',#4750,#4749,#383,.T.);
#3867=EDGE_CURVE('',#4751,#4750,#5669,.T.);
#3868=EDGE_CURVE('',#4745,#4751,#384,.T.);
#3869=EDGE_CURVE('',#4743,#4740,#5670,.T.);
#3870=EDGE_CURVE('',#4751,#4705,#5671,.T.);
#3871=EDGE_CURVE('',#4745,#4704,#5672,.T.);
#3872=EDGE_CURVE('',#4750,#4706,#5673,.T.);
#3873=EDGE_CURVE('',#4749,#4707,#5674,.T.);
#3874=EDGE_CURVE('',#4748,#4708,#5675,.T.);
#3875=EDGE_CURVE('',#4747,#4709,#5676,.T.);
#3876=EDGE_CURVE('',#4746,#4710,#5677,.T.);
#3877=EDGE_CURVE('',#4744,#4711,#5678,.T.);
#3878=EDGE_CURVE('',#4752,#4753,#5679,.T.);
#3879=EDGE_CURVE('',#4754,#4752,#385,.T.);
#3880=EDGE_CURVE('',#4755,#4754,#5680,.T.);
#3881=EDGE_CURVE('',#4756,#4755,#386,.T.);
#3882=EDGE_CURVE('',#4756,#4757,#5681,.T.);
#3883=EDGE_CURVE('',#4758,#4757,#387,.T.);
#3884=EDGE_CURVE('',#4758,#4759,#5682,.T.);
#3885=EDGE_CURVE('',#4753,#4759,#388,.T.);
#3886=EDGE_CURVE('',#4760,#4761,#389,.T.);
#3887=EDGE_CURVE('',#4761,#4762,#5683,.T.);
#3888=EDGE_CURVE('',#4762,#4763,#390,.T.);
#3889=EDGE_CURVE('',#4763,#4764,#5684,.T.);
#3890=EDGE_CURVE('',#4764,#4765,#391,.T.);
#3891=EDGE_CURVE('',#4765,#4766,#5685,.T.);
#3892=EDGE_CURVE('',#4766,#4767,#392,.T.);
#3893=EDGE_CURVE('',#4767,#4760,#5686,.T.);
#3894=EDGE_CURVE('',#4768,#4769,#393,.T.);
#3895=EDGE_CURVE('',#4768,#4770,#5687,.T.);
#3896=EDGE_CURVE('',#4771,#4770,#394,.T.);
#3897=EDGE_CURVE('',#4771,#4769,#5688,.T.);
#3898=EDGE_CURVE('',#4771,#4772,#395,.T.);
#3899=EDGE_CURVE('',#4772,#4770,#396,.T.);
#3900=EDGE_CURVE('',#4768,#4773,#397,.T.);
#3901=EDGE_CURVE('',#4773,#4769,#398,.T.);
#3902=EDGE_CURVE('',#4759,#4771,#5689,.T.);
#3903=EDGE_CURVE('',#4772,#4753,#5690,.T.);
#3904=EDGE_CURVE('',#4774,#4775,#399,.T.);
#3905=EDGE_CURVE('',#4774,#4772,#5691,.T.);
#3906=EDGE_CURVE('',#4770,#4775,#5692,.T.);
#3907=EDGE_CURVE('',#4776,#4777,#400,.T.);
#3908=EDGE_CURVE('',#4776,#4768,#5693,.T.);
#3909=EDGE_CURVE('',#4773,#4777,#5694,.T.);
#3910=EDGE_CURVE('',#4757,#4773,#5695,.T.);
#3911=EDGE_CURVE('',#4769,#4758,#5696,.T.);
#3912=EDGE_CURVE('',#4774,#4778,#401,.T.);
#3913=EDGE_CURVE('',#4778,#4775,#402,.T.);
#3914=EDGE_CURVE('',#4776,#4779,#403,.T.);
#3915=EDGE_CURVE('',#4779,#4777,#404,.T.);
#3916=EDGE_CURVE('',#4752,#4774,#5697,.T.);
#3917=EDGE_CURVE('',#4778,#4754,#5698,.T.);
#3918=EDGE_CURVE('',#4775,#4776,#5699,.T.);
#3919=EDGE_CURVE('',#4779,#4778,#5700,.T.);
#3920=EDGE_CURVE('',#4755,#4779,#5701,.T.);
#3921=EDGE_CURVE('',#4777,#4756,#5702,.T.);
#3922=EDGE_CURVE('',#4780,#4781,#405,.T.);
#3923=EDGE_CURVE('',#4782,#4781,#5703,.T.);
#3924=EDGE_CURVE('',#4782,#4783,#406,.T.);
#3925=EDGE_CURVE('',#4780,#4783,#5704,.T.);
#3926=EDGE_CURVE('',#4782,#4784,#407,.T.);
#3927=EDGE_CURVE('',#4784,#4783,#408,.T.);
#3928=EDGE_CURVE('',#4780,#4785,#409,.T.);
#3929=EDGE_CURVE('',#4785,#4781,#410,.T.);
#3930=EDGE_CURVE('',#4786,#4787,#411,.T.);
#3931=EDGE_CURVE('',#4784,#4786,#5705,.T.);
#3932=EDGE_CURVE('',#4787,#4782,#5706,.T.);
#3933=EDGE_CURVE('',#4788,#4789,#412,.T.);
#3934=EDGE_CURVE('',#4783,#4789,#5707,.T.);
#3935=EDGE_CURVE('',#4788,#4784,#5708,.T.);
#3936=EDGE_CURVE('',#4790,#4791,#413,.T.);
#3937=EDGE_CURVE('',#4785,#4791,#5709,.T.);
#3938=EDGE_CURVE('',#4790,#4780,#5710,.T.);
#3939=EDGE_CURVE('',#4792,#4793,#414,.T.);
#3940=EDGE_CURVE('',#4781,#4792,#5711,.T.);
#3941=EDGE_CURVE('',#4793,#4785,#5712,.T.);
#3942=EDGE_CURVE('',#4788,#4794,#415,.T.);
#3943=EDGE_CURVE('',#4794,#4789,#416,.T.);
#3944=EDGE_CURVE('',#4790,#4795,#417,.T.);
#3945=EDGE_CURVE('',#4795,#4791,#418,.T.);
#3946=EDGE_CURVE('',#4796,#4797,#419,.T.);
#3947=EDGE_CURVE('',#4794,#4796,#5713,.T.);
#3948=EDGE_CURVE('',#4797,#4788,#5714,.T.);
#3949=EDGE_CURVE('',#4795,#4794,#5715,.T.);
#3950=EDGE_CURVE('',#4789,#4790,#5716,.T.);
#3951=EDGE_CURVE('',#4798,#4799,#420,.T.);
#3952=EDGE_CURVE('',#4791,#4798,#5717,.T.);
#3953=EDGE_CURVE('',#4799,#4795,#5718,.T.);
#3954=EDGE_CURVE('',#4797,#4786,#5719,.T.);
#3955=EDGE_CURVE('',#4798,#4793,#5720,.T.);
#3956=EDGE_CURVE('',#4792,#4787,#5721,.T.);
#3957=EDGE_CURVE('',#4800,#4801,#5722,.T.);
#3958=EDGE_CURVE('',#4802,#4800,#421,.T.);
#3959=EDGE_CURVE('',#4803,#4802,#5723,.T.);
#3960=EDGE_CURVE('',#4804,#4803,#422,.T.);
#3961=EDGE_CURVE('',#4805,#4804,#5724,.T.);
#3962=EDGE_CURVE('',#4806,#4805,#423,.T.);
#3963=EDGE_CURVE('',#4807,#4806,#5725,.T.);
#3964=EDGE_CURVE('',#4801,#4807,#424,.T.);
#3965=EDGE_CURVE('',#4799,#4796,#5726,.T.);
#3966=EDGE_CURVE('',#4807,#4761,#5727,.T.);
#3967=EDGE_CURVE('',#4801,#4760,#5728,.T.);
#3968=EDGE_CURVE('',#4806,#4762,#5729,.T.);
#3969=EDGE_CURVE('',#4805,#4763,#5730,.T.);
#3970=EDGE_CURVE('',#4804,#4764,#5731,.T.);
#3971=EDGE_CURVE('',#4803,#4765,#5732,.T.);
#3972=EDGE_CURVE('',#4802,#4766,#5733,.T.);
#3973=EDGE_CURVE('',#4800,#4767,#5734,.T.);
#3974=EDGE_CURVE('',#4808,#4809,#5735,.T.);
#3975=EDGE_CURVE('',#4809,#4810,#5736,.T.);
#3976=EDGE_CURVE('',#4810,#4811,#5737,.T.);
#3977=EDGE_CURVE('',#4811,#4808,#5738,.T.);
#3978=EDGE_CURVE('',#4812,#4813,#5739,.T.);
#3979=EDGE_CURVE('',#4812,#4814,#5740,.T.);
#3980=EDGE_CURVE('',#4815,#4814,#5741,.T.);
#3981=EDGE_CURVE('',#4815,#4810,#5742,.T.);
#3982=EDGE_CURVE('',#4809,#4816,#5743,.T.);
#3983=EDGE_CURVE('',#4817,#4816,#5744,.T.);
#3984=EDGE_CURVE('',#4817,#4813,#5745,.T.);
#3985=EDGE_CURVE('',#4818,#4811,#5746,.T.);
#3986=EDGE_CURVE('',#4818,#4815,#5747,.T.);
#3987=EDGE_CURVE('',#4819,#4818,#5748,.T.);
#3988=EDGE_CURVE('',#4819,#4820,#5749,.T.);
#3989=EDGE_CURVE('',#4821,#4820,#5750,.T.);
#3990=EDGE_CURVE('',#4822,#4821,#5751,.T.);
#3991=EDGE_CURVE('',#4823,#4822,#5752,.T.);
#3992=EDGE_CURVE('',#4823,#4824,#5753,.T.);
#3993=EDGE_CURVE('',#4825,#4824,#5754,.T.);
#3994=EDGE_CURVE('',#4826,#4825,#5755,.T.);
#3995=EDGE_CURVE('',#4827,#4826,#5756,.T.);
#3996=EDGE_CURVE('',#4827,#4828,#5757,.T.);
#3997=EDGE_CURVE('',#4829,#4828,#5758,.T.);
#3998=EDGE_CURVE('',#4830,#4829,#5759,.T.);
#3999=EDGE_CURVE('',#4831,#4830,#5760,.T.);
#4000=EDGE_CURVE('',#4831,#4808,#5761,.T.);
#4001=EDGE_CURVE('',#4816,#4831,#5762,.T.);
#4002=EDGE_CURVE('',#4814,#4817,#5763,.T.);
#4003=EDGE_CURVE('',#4832,#4816,#5764,.T.);
#4004=EDGE_CURVE('',#4832,#4833,#5765,.T.);
#4005=EDGE_CURVE('',#4815,#4833,#5766,.T.);
#4006=EDGE_CURVE('',#4818,#4834,#5767,.T.);
#4007=EDGE_CURVE('',#4833,#4834,#5768,.T.);
#4008=EDGE_CURVE('',#4827,#4830,#5769,.T.);
#4009=EDGE_CURVE('',#4823,#4826,#5770,.T.);
#4010=EDGE_CURVE('',#4819,#4822,#5771,.T.);
#4011=EDGE_CURVE('',#4834,#4835,#5772,.T.);
#4012=EDGE_CURVE('',#4831,#4835,#5773,.T.);
#4013=EDGE_CURVE('',#4835,#4832,#5774,.T.);
#4014=EDGE_CURVE('',#4824,#4836,#5775,.T.);
#4015=EDGE_CURVE('',#4836,#4837,#5776,.T.);
#4016=EDGE_CURVE('',#4825,#4837,#5777,.T.);
#4017=EDGE_CURVE('',#4838,#4839,#5778,.T.);
#4018=EDGE_CURVE('',#4838,#4840,#5779,.T.);
#4019=EDGE_CURVE('',#4841,#4840,#5780,.T.);
#4020=EDGE_CURVE('',#4839,#4841,#5781,.T.);
#4021=EDGE_CURVE('',#4840,#4842,#5782,.T.);
#4022=EDGE_CURVE('',#4843,#4842,#5783,.T.);
#4023=EDGE_CURVE('',#4841,#4843,#5784,.T.);
#4024=EDGE_CURVE('',#4842,#4844,#5785,.T.);
#4025=EDGE_CURVE('',#4844,#4845,#5786,.T.);
#4026=EDGE_CURVE('',#4843,#4845,#5787,.T.);
#4027=EDGE_CURVE('',#4845,#4846,#425,.T.);
#4028=EDGE_CURVE('',#4844,#4847,#426,.T.);
#4029=EDGE_CURVE('',#4846,#4847,#5788,.T.);
#4030=EDGE_CURVE('',#4847,#4848,#5789,.T.);
#4031=EDGE_CURVE('',#4849,#4848,#5790,.T.);
#4032=EDGE_CURVE('',#4846,#4849,#5791,.T.);
#4033=EDGE_CURVE('',#4848,#4850,#427,.T.);
#4034=EDGE_CURVE('',#4851,#4850,#5792,.T.);
#4035=EDGE_CURVE('',#4849,#4851,#428,.T.);
#4036=EDGE_CURVE('',#4850,#4823,#5793,.T.);
#4037=EDGE_CURVE('',#4851,#4826,#5794,.T.);
#4038=EDGE_CURVE('',#4852,#4853,#5795,.T.);
#4039=EDGE_CURVE('',#4852,#4838,#429,.T.);
#4040=EDGE_CURVE('',#4853,#4839,#430,.T.);
#4041=EDGE_CURVE('',#4837,#4854,#431,.T.);
#4042=EDGE_CURVE('',#4853,#4854,#5796,.T.);
#4043=EDGE_CURVE('',#4836,#4855,#432,.T.);
#4044=EDGE_CURVE('',#4854,#4855,#5797,.T.);
#4045=EDGE_CURVE('',#4855,#4852,#5798,.T.);
#4046=EDGE_CURVE('',#4828,#4856,#5799,.T.);
#4047=EDGE_CURVE('',#4856,#4857,#5800,.T.);
#4048=EDGE_CURVE('',#4829,#4857,#5801,.T.);
#4049=EDGE_CURVE('',#4858,#4859,#5802,.T.);
#4050=EDGE_CURVE('',#4858,#4860,#5803,.T.);
#4051=EDGE_CURVE('',#4861,#4860,#5804,.T.);
#4052=EDGE_CURVE('',#4859,#4861,#5805,.T.);
#4053=EDGE_CURVE('',#4860,#4862,#5806,.T.);
#4054=EDGE_CURVE('',#4863,#4862,#5807,.T.);
#4055=EDGE_CURVE('',#4861,#4863,#5808,.T.);
#4056=EDGE_CURVE('',#4862,#4864,#5809,.T.);
#4057=EDGE_CURVE('',#4864,#4865,#5810,.T.);
#4058=EDGE_CURVE('',#4863,#4865,#5811,.T.);
#4059=EDGE_CURVE('',#4865,#4866,#433,.T.);
#4060=EDGE_CURVE('',#4864,#4867,#434,.T.);
#4061=EDGE_CURVE('',#4866,#4867,#5812,.T.);
#4062=EDGE_CURVE('',#4867,#4868,#5813,.T.);
#4063=EDGE_CURVE('',#4869,#4868,#5814,.T.);
#4064=EDGE_CURVE('',#4866,#4869,#5815,.T.);
#4065=EDGE_CURVE('',#4868,#4870,#435,.T.);
#4066=EDGE_CURVE('',#4871,#4870,#5816,.T.);
#4067=EDGE_CURVE('',#4869,#4871,#436,.T.);
#4068=EDGE_CURVE('',#4870,#4827,#5817,.T.);
#4069=EDGE_CURVE('',#4871,#4830,#5818,.T.);
#4070=EDGE_CURVE('',#4872,#4873,#5819,.T.);
#4071=EDGE_CURVE('',#4872,#4858,#437,.T.);
#4072=EDGE_CURVE('',#4873,#4859,#438,.T.);
#4073=EDGE_CURVE('',#4857,#4874,#439,.T.);
#4074=EDGE_CURVE('',#4873,#4874,#5820,.T.);
#4075=EDGE_CURVE('',#4856,#4875,#440,.T.);
#4076=EDGE_CURVE('',#4874,#4875,#5821,.T.);
#4077=EDGE_CURVE('',#4875,#4872,#5822,.T.);
#4078=EDGE_CURVE('',#4820,#4876,#5823,.T.);
#4079=EDGE_CURVE('',#4876,#4877,#5824,.T.);
#4080=EDGE_CURVE('',#4821,#4877,#5825,.T.);
#4081=EDGE_CURVE('',#4878,#4879,#5826,.T.);
#4082=EDGE_CURVE('',#4878,#4880,#5827,.T.);
#4083=EDGE_CURVE('',#4881,#4880,#5828,.T.);
#4084=EDGE_CURVE('',#4879,#4881,#5829,.T.);
#4085=EDGE_CURVE('',#4880,#4882,#5830,.T.);
#4086=EDGE_CURVE('',#4883,#4882,#5831,.T.);
#4087=EDGE_CURVE('',#4881,#4883,#5832,.T.);
#4088=EDGE_CURVE('',#4882,#4884,#5833,.T.);
#4089=EDGE_CURVE('',#4884,#4885,#5834,.T.);
#4090=EDGE_CURVE('',#4883,#4885,#5835,.T.);
#4091=EDGE_CURVE('',#4885,#4886,#441,.T.);
#4092=EDGE_CURVE('',#4884,#4887,#442,.T.);
#4093=EDGE_CURVE('',#4886,#4887,#5836,.T.);
#4094=EDGE_CURVE('',#4887,#4888,#5837,.T.);
#4095=EDGE_CURVE('',#4889,#4888,#5838,.T.);
#4096=EDGE_CURVE('',#4886,#4889,#5839,.T.);
#4097=EDGE_CURVE('',#4888,#4890,#443,.T.);
#4098=EDGE_CURVE('',#4891,#4890,#5840,.T.);
#4099=EDGE_CURVE('',#4889,#4891,#444,.T.);
#4100=EDGE_CURVE('',#4890,#4819,#5841,.T.);
#4101=EDGE_CURVE('',#4891,#4822,#5842,.T.);
#4102=EDGE_CURVE('',#4892,#4893,#5843,.T.);
#4103=EDGE_CURVE('',#4892,#4878,#445,.T.);
#4104=EDGE_CURVE('',#4893,#4879,#446,.T.);
#4105=EDGE_CURVE('',#4877,#4894,#447,.T.);
#4106=EDGE_CURVE('',#4893,#4894,#5844,.T.);
#4107=EDGE_CURVE('',#4876,#4895,#448,.T.);
#4108=EDGE_CURVE('',#4894,#4895,#5845,.T.);
#4109=EDGE_CURVE('',#4895,#4892,#5846,.T.);
#4110=EDGE_CURVE('',#4896,#4897,#5847,.T.);
#4111=EDGE_CURVE('',#4896,#4898,#5848,.T.);
#4112=EDGE_CURVE('',#4898,#4899,#5849,.T.);
#4113=EDGE_CURVE('',#4899,#4897,#5850,.T.);
#4114=EDGE_CURVE('',#4900,#4901,#5851,.T.);
#4115=EDGE_CURVE('',#4900,#4896,#449,.T.);
#4116=EDGE_CURVE('',#4897,#4901,#450,.T.);
#4117=EDGE_CURVE('',#4899,#4902,#451,.T.);
#4118=EDGE_CURVE('',#4903,#4898,#452,.T.);
#4119=EDGE_CURVE('',#4902,#4903,#5852,.T.);
#4120=EDGE_CURVE('',#4814,#4900,#5853,.T.);
#4121=EDGE_CURVE('',#4901,#4817,#5854,.T.);
#4122=EDGE_CURVE('',#4903,#4904,#5855,.T.);
#4123=EDGE_CURVE('',#4905,#4904,#5856,.T.);
#4124=EDGE_CURVE('',#4905,#4902,#5857,.T.);
#4125=EDGE_CURVE('',#4904,#4906,#5858,.T.);
#4126=EDGE_CURVE('',#4907,#4906,#5859,.T.);
#4127=EDGE_CURVE('',#4907,#4905,#5860,.T.);
#4128=EDGE_CURVE('',#4908,#4909,#5861,.T.);
#4129=EDGE_CURVE('',#4909,#4812,#5862,.T.);
#4130=EDGE_CURVE('',#4813,#4908,#5863,.T.);
#4131=EDGE_CURVE('',#4906,#4910,#5864,.T.);
#4132=EDGE_CURVE('',#4911,#4910,#5865,.T.);
#4133=EDGE_CURVE('',#4907,#4911,#5866,.T.);
#4134=EDGE_CURVE('',#4912,#4908,#453,.T.);
#4135=EDGE_CURVE('',#4913,#4912,#5867,.T.);
#4136=EDGE_CURVE('',#4913,#4909,#454,.T.);
#4137=EDGE_CURVE('',#4912,#4914,#5868,.T.);
#4138=EDGE_CURVE('',#4914,#4911,#455,.T.);
#4139=EDGE_CURVE('',#4910,#4915,#456,.T.);
#4140=EDGE_CURVE('',#4914,#4915,#5869,.T.);
#4141=EDGE_CURVE('',#4915,#4913,#5870,.T.);
#4142=VERTEX_POINT('',#15175);
#4143=VERTEX_POINT('',#15176);
#4144=VERTEX_POINT('',#15178);
#4145=VERTEX_POINT('',#15180);
#4146=VERTEX_POINT('',#15183);
#4147=VERTEX_POINT('',#15184);
#4148=VERTEX_POINT('',#15186);
#4149=VERTEX_POINT('',#15188);
#4150=VERTEX_POINT('',#15190);
#4151=VERTEX_POINT('',#15192);
#4152=VERTEX_POINT('',#15195);
#4153=VERTEX_POINT('',#15196);
#4154=VERTEX_POINT('',#15198);
#4155=VERTEX_POINT('',#15200);
#4156=VERTEX_POINT('',#15202);
#4157=VERTEX_POINT('',#15204);
#4158=VERTEX_POINT('',#15206);
#4159=VERTEX_POINT('',#15208);
#4160=VERTEX_POINT('',#15210);
#4161=VERTEX_POINT('',#15212);
#4162=VERTEX_POINT('',#15214);
#4163=VERTEX_POINT('',#15216);
#4164=VERTEX_POINT('',#15219);
#4165=VERTEX_POINT('',#15220);
#4166=VERTEX_POINT('',#15253);
#4167=VERTEX_POINT('',#15254);
#4168=VERTEX_POINT('',#15256);
#4169=VERTEX_POINT('',#15258);
#4170=VERTEX_POINT('',#15260);
#4171=VERTEX_POINT('',#15262);
#4172=VERTEX_POINT('',#15270);
#4173=VERTEX_POINT('',#15278);
#4174=VERTEX_POINT('',#15280);
#4175=VERTEX_POINT('',#15283);
#4176=VERTEX_POINT('',#15284);
#4177=VERTEX_POINT('',#15286);
#4178=VERTEX_POINT('',#15288);
#4179=VERTEX_POINT('',#15332);
#4180=VERTEX_POINT('',#15333);
#4181=VERTEX_POINT('',#15356);
#4182=VERTEX_POINT('',#15358);
#4183=VERTEX_POINT('',#15360);
#4184=VERTEX_POINT('',#15362);
#4185=VERTEX_POINT('',#15364);
#4186=VERTEX_POINT('',#15365);
#4187=VERTEX_POINT('',#15367);
#4188=VERTEX_POINT('',#15369);
#4189=VERTEX_POINT('',#15371);
#4190=VERTEX_POINT('',#15373);
#4191=VERTEX_POINT('',#15375);
#4192=VERTEX_POINT('',#15377);
#4193=VERTEX_POINT('',#15380);
#4194=VERTEX_POINT('',#15381);
#4195=VERTEX_POINT('',#15383);
#4196=VERTEX_POINT('',#15385);
#4197=VERTEX_POINT('',#15419);
#4198=VERTEX_POINT('',#15420);
#4199=VERTEX_POINT('',#15422);
#4200=VERTEX_POINT('',#15424);
#4201=VERTEX_POINT('',#15426);
#4202=VERTEX_POINT('',#15428);
#4203=VERTEX_POINT('',#15430);
#4204=VERTEX_POINT('',#15459);
#4205=VERTEX_POINT('',#15462);
#4206=VERTEX_POINT('',#15463);
#4207=VERTEX_POINT('',#15465);
#4208=VERTEX_POINT('',#15467);
#4209=VERTEX_POINT('',#15469);
#4210=VERTEX_POINT('',#15471);
#4211=VERTEX_POINT('',#15473);
#4212=VERTEX_POINT('',#15475);
#4213=VERTEX_POINT('',#15477);
#4214=VERTEX_POINT('',#15479);
#4215=VERTEX_POINT('',#15482);
#4216=VERTEX_POINT('',#15483);
#4217=VERTEX_POINT('',#15485);
#4218=VERTEX_POINT('',#15487);
#4219=VERTEX_POINT('',#15489);
#4220=VERTEX_POINT('',#15491);
#4221=VERTEX_POINT('',#15493);
#4222=VERTEX_POINT('',#15495);
#4223=VERTEX_POINT('',#15497);
#4224=VERTEX_POINT('',#15499);
#4225=VERTEX_POINT('',#15501);
#4226=VERTEX_POINT('',#15503);
#4227=VERTEX_POINT('',#15506);
#4228=VERTEX_POINT('',#15507);
#4229=VERTEX_POINT('',#15509);
#4230=VERTEX_POINT('',#15511);
#4231=VERTEX_POINT('',#15513);
#4232=VERTEX_POINT('',#15515);
#4233=VERTEX_POINT('',#15523);
#4234=VERTEX_POINT('',#15532);
#4235=VERTEX_POINT('',#15533);
#4236=VERTEX_POINT('',#15535);
#4237=VERTEX_POINT('',#15537);
#4238=VERTEX_POINT('',#15539);
#4239=VERTEX_POINT('',#15541);
#4240=VERTEX_POINT('',#15543);
#4241=VERTEX_POINT('',#15545);
#4242=VERTEX_POINT('',#15547);
#4243=VERTEX_POINT('',#15549);
#4244=VERTEX_POINT('',#15583);
#4245=VERTEX_POINT('',#15584);
#4246=VERTEX_POINT('',#15586);
#4247=VERTEX_POINT('',#15588);
#4248=VERTEX_POINT('',#15590);
#4249=VERTEX_POINT('',#15592);
#4250=VERTEX_POINT('',#15594);
#4251=VERTEX_POINT('',#15623);
#4252=VERTEX_POINT('',#15655);
#4253=VERTEX_POINT('',#15656);
#4254=VERTEX_POINT('',#15659);
#4255=VERTEX_POINT('',#15660);
#4256=VERTEX_POINT('',#15662);
#4257=VERTEX_POINT('',#15664);
#4258=VERTEX_POINT('',#15695);
#4259=VERTEX_POINT('',#15697);
#4260=VERTEX_POINT('',#15698);
#4261=VERTEX_POINT('',#15700);
#4262=VERTEX_POINT('',#15702);
#4263=VERTEX_POINT('',#15704);
#4264=VERTEX_POINT('',#15706);
#4265=VERTEX_POINT('',#15714);
#4266=VERTEX_POINT('',#15723);
#4267=VERTEX_POINT('',#15724);
#4268=VERTEX_POINT('',#15726);
#4269=VERTEX_POINT('',#15728);
#4270=VERTEX_POINT('',#15730);
#4271=VERTEX_POINT('',#15732);
#4272=VERTEX_POINT('',#15734);
#4273=VERTEX_POINT('',#15736);
#4274=VERTEX_POINT('',#15738);
#4275=VERTEX_POINT('',#15740);
#4276=VERTEX_POINT('',#15742);
#4277=VERTEX_POINT('',#15744);
#4278=VERTEX_POINT('',#15768);
#4279=VERTEX_POINT('',#15769);
#4280=VERTEX_POINT('',#15771);
#4281=VERTEX_POINT('',#15792);
#4282=VERTEX_POINT('',#15824);
#4283=VERTEX_POINT('',#15825);
#4284=VERTEX_POINT('',#15828);
#4285=VERTEX_POINT('',#15829);
#4286=VERTEX_POINT('',#15831);
#4287=VERTEX_POINT('',#15833);
#4288=VERTEX_POINT('',#15836);
#4289=VERTEX_POINT('',#15837);
#4290=VERTEX_POINT('',#15839);
#4291=VERTEX_POINT('',#15841);
#4292=VERTEX_POINT('',#15844);
#4293=VERTEX_POINT('',#15845);
#4294=VERTEX_POINT('',#15847);
#4295=VERTEX_POINT('',#15849);
#4296=VERTEX_POINT('',#15851);
#4297=VERTEX_POINT('',#15853);
#4298=VERTEX_POINT('',#15855);
#4299=VERTEX_POINT('',#15857);
#4300=VERTEX_POINT('',#15859);
#4301=VERTEX_POINT('',#15861);
#4302=VERTEX_POINT('',#15865);
#4303=VERTEX_POINT('',#15866);
#4304=VERTEX_POINT('',#15871);
#4305=VERTEX_POINT('',#15875);
#4306=VERTEX_POINT('',#15881);
#4307=VERTEX_POINT('',#15883);
#4308=VERTEX_POINT('',#15885);
#4309=VERTEX_POINT('',#15887);
#4310=VERTEX_POINT('',#15890);
#4311=VERTEX_POINT('',#15891);
#4312=VERTEX_POINT('',#15919);
#4313=VERTEX_POINT('',#15920);
#4314=VERTEX_POINT('',#16008);
#4315=VERTEX_POINT('',#16009);
#4316=VERTEX_POINT('',#16017);
#4317=VERTEX_POINT('',#16018);
#4318=VERTEX_POINT('',#16051);
#4319=VERTEX_POINT('',#16053);
#4320=VERTEX_POINT('',#16082);
#4321=VERTEX_POINT('',#16084);
#4322=VERTEX_POINT('',#16086);
#4323=VERTEX_POINT('',#16088);
#4324=VERTEX_POINT('',#16138);
#4325=VERTEX_POINT('',#16139);
#4326=VERTEX_POINT('',#16141);
#4327=VERTEX_POINT('',#16143);
#4328=VERTEX_POINT('',#16145);
#4329=VERTEX_POINT('',#16147);
#4330=VERTEX_POINT('',#16149);
#4331=VERTEX_POINT('',#16151);
#4332=VERTEX_POINT('',#16153);
#4333=VERTEX_POINT('',#16155);
#4334=VERTEX_POINT('',#16179);
#4335=VERTEX_POINT('',#16180);
#4336=VERTEX_POINT('',#16182);
#4337=VERTEX_POINT('',#16190);
#4338=VERTEX_POINT('',#16198);
#4339=VERTEX_POINT('',#16200);
#4340=VERTEX_POINT('',#16202);
#4341=VERTEX_POINT('',#16234);
#4342=VERTEX_POINT('',#16235);
#4343=VERTEX_POINT('',#16237);
#4344=VERTEX_POINT('',#16239);
#4345=VERTEX_POINT('',#16241);
#4346=VERTEX_POINT('',#16243);
#4347=VERTEX_POINT('',#16245);
#4348=VERTEX_POINT('',#16247);
#4349=VERTEX_POINT('',#16249);
#4350=VERTEX_POINT('',#16251);
#4351=VERTEX_POINT('',#16253);
#4352=VERTEX_POINT('',#16255);
#4353=VERTEX_POINT('',#16283);
#4354=VERTEX_POINT('',#16284);
#4355=VERTEX_POINT('',#16286);
#4356=VERTEX_POINT('',#16288);
#4357=VERTEX_POINT('',#16290);
#4358=VERTEX_POINT('',#16292);
#4359=VERTEX_POINT('',#16294);
#4360=VERTEX_POINT('',#16296);
#4361=VERTEX_POINT('',#16298);
#4362=VERTEX_POINT('',#16300);
#4363=VERTEX_POINT('',#16324);
#4364=VERTEX_POINT('',#16325);
#4365=VERTEX_POINT('',#16358);
#4366=VERTEX_POINT('',#16360);
#4367=VERTEX_POINT('',#16389);
#4368=VERTEX_POINT('',#16391);
#4369=VERTEX_POINT('',#16393);
#4370=VERTEX_POINT('',#16395);
#4371=VERTEX_POINT('',#16445);
#4372=VERTEX_POINT('',#16446);
#4373=VERTEX_POINT('',#16448);
#4374=VERTEX_POINT('',#16450);
#4375=VERTEX_POINT('',#16462);
#4376=VERTEX_POINT('',#16463);
#4377=VERTEX_POINT('',#16465);
#4378=VERTEX_POINT('',#16467);
#4379=VERTEX_POINT('',#16469);
#4380=VERTEX_POINT('',#16471);
#4381=VERTEX_POINT('',#16473);
#4382=VERTEX_POINT('',#16475);
#4383=VERTEX_POINT('',#16518);
#4384=VERTEX_POINT('',#16548);
#4385=VERTEX_POINT('',#16611);
#4386=VERTEX_POINT('',#16615);
#4387=VERTEX_POINT('',#16616);
#4388=VERTEX_POINT('',#16618);
#4389=VERTEX_POINT('',#16626);
#4390=VERTEX_POINT('',#16634);
#4391=VERTEX_POINT('',#16636);
#4392=VERTEX_POINT('',#16638);
#4393=VERTEX_POINT('',#16670);
#4394=VERTEX_POINT('',#16671);
#4395=VERTEX_POINT('',#16673);
#4396=VERTEX_POINT('',#16675);
#4397=VERTEX_POINT('',#16677);
#4398=VERTEX_POINT('',#16679);
#4399=VERTEX_POINT('',#16681);
#4400=VERTEX_POINT('',#16683);
#4401=VERTEX_POINT('',#16685);
#4402=VERTEX_POINT('',#16687);
#4403=VERTEX_POINT('',#16689);
#4404=VERTEX_POINT('',#16691);
#4405=VERTEX_POINT('',#16719);
#4406=VERTEX_POINT('',#16720);
#4407=VERTEX_POINT('',#16743);
#4408=VERTEX_POINT('',#16745);
#4409=VERTEX_POINT('',#16814);
#4410=VERTEX_POINT('',#16815);
#4411=VERTEX_POINT('',#16843);
#4412=VERTEX_POINT('',#16844);
#4413=VERTEX_POINT('',#16894);
#4414=VERTEX_POINT('',#16895);
#4415=VERTEX_POINT('',#16941);
#4416=VERTEX_POINT('',#16942);
#4417=VERTEX_POINT('',#16944);
#4418=VERTEX_POINT('',#16946);
#4419=VERTEX_POINT('',#16958);
#4420=VERTEX_POINT('',#16959);
#4421=VERTEX_POINT('',#16961);
#4422=VERTEX_POINT('',#16963);
#4423=VERTEX_POINT('',#16975);
#4424=VERTEX_POINT('',#16976);
#4425=VERTEX_POINT('',#16978);
#4426=VERTEX_POINT('',#16980);
#4427=VERTEX_POINT('',#16982);
#4428=VERTEX_POINT('',#16984);
#4429=VERTEX_POINT('',#16986);
#4430=VERTEX_POINT('',#16988);
#4431=VERTEX_POINT('',#16990);
#4432=VERTEX_POINT('',#16992);
#4433=VERTEX_POINT('',#17041);
#4434=VERTEX_POINT('',#17066);
#4435=VERTEX_POINT('',#17088);
#4436=VERTEX_POINT('',#17089);
#4437=VERTEX_POINT('',#17182);
#4438=VERTEX_POINT('',#17223);
#4439=VERTEX_POINT('',#17226);
#4440=VERTEX_POINT('',#17227);
#4441=VERTEX_POINT('',#17249);
#4442=VERTEX_POINT('',#17250);
#4443=VERTEX_POINT('',#17274);
#4444=VERTEX_POINT('',#17276);
#4445=VERTEX_POINT('',#17307);
#4446=VERTEX_POINT('',#17308);
#4447=VERTEX_POINT('',#17354);
#4448=VERTEX_POINT('',#17355);
#4449=VERTEX_POINT('',#17357);
#4450=VERTEX_POINT('',#17359);
#4451=VERTEX_POINT('',#17367);
#4452=VERTEX_POINT('',#17375);
#4453=VERTEX_POINT('',#17377);
#4454=VERTEX_POINT('',#17379);
#4455=VERTEX_POINT('',#17381);
#4456=VERTEX_POINT('',#17417);
#4457=VERTEX_POINT('',#17418);
#4458=VERTEX_POINT('',#17447);
#4459=VERTEX_POINT('',#17448);
#4460=VERTEX_POINT('',#17501);
#4461=VERTEX_POINT('',#17502);
#4462=VERTEX_POINT('',#17549);
#4463=VERTEX_POINT('',#17550);
#4464=VERTEX_POINT('',#17552);
#4465=VERTEX_POINT('',#17554);
#4466=VERTEX_POINT('',#17556);
#4467=VERTEX_POINT('',#17558);
#4468=VERTEX_POINT('',#17560);
#4469=VERTEX_POINT('',#17562);
#4470=VERTEX_POINT('',#17564);
#4471=VERTEX_POINT('',#17566);
#4472=VERTEX_POINT('',#17568);
#4473=VERTEX_POINT('',#17570);
#4474=VERTEX_POINT('',#17598);
#4475=VERTEX_POINT('',#17599);
#4476=VERTEX_POINT('',#17601);
#4477=VERTEX_POINT('',#17603);
#4478=VERTEX_POINT('',#17605);
#4479=VERTEX_POINT('',#17607);
#4480=VERTEX_POINT('',#17623);
#4481=VERTEX_POINT('',#17624);
#4482=VERTEX_POINT('',#17626);
#4483=VERTEX_POINT('',#17628);
#4484=VERTEX_POINT('',#17643);
#4485=VERTEX_POINT('',#17644);
#4486=VERTEX_POINT('',#17646);
#4487=VERTEX_POINT('',#17648);
#4488=VERTEX_POINT('',#17652);
#4489=VERTEX_POINT('',#17654);
#4490=VERTEX_POINT('',#17658);
#4491=VERTEX_POINT('',#17660);
#4492=VERTEX_POINT('',#17664);
#4493=VERTEX_POINT('',#17665);
#4494=VERTEX_POINT('',#17667);
#4495=VERTEX_POINT('',#17669);
#4496=VERTEX_POINT('',#17673);
#4497=VERTEX_POINT('',#17675);
#4498=VERTEX_POINT('',#17679);
#4499=VERTEX_POINT('',#17681);
#4500=VERTEX_POINT('',#17685);
#4501=VERTEX_POINT('',#17687);
#4502=VERTEX_POINT('',#17691);
#4503=VERTEX_POINT('',#17693);
#4504=VERTEX_POINT('',#17697);
#4505=VERTEX_POINT('',#17699);
#4506=VERTEX_POINT('',#17703);
#4507=VERTEX_POINT('',#17705);
#4508=VERTEX_POINT('',#17709);
#4509=VERTEX_POINT('',#17711);
#4510=VERTEX_POINT('',#17715);
#4511=VERTEX_POINT('',#17717);
#4512=VERTEX_POINT('',#17721);
#4513=VERTEX_POINT('',#17723);
#4514=VERTEX_POINT('',#17727);
#4515=VERTEX_POINT('',#17729);
#4516=VERTEX_POINT('',#17733);
#4517=VERTEX_POINT('',#17735);
#4518=VERTEX_POINT('',#17739);
#4519=VERTEX_POINT('',#17741);
#4520=VERTEX_POINT('',#17745);
#4521=VERTEX_POINT('',#17746);
#4522=VERTEX_POINT('',#17748);
#4523=VERTEX_POINT('',#17750);
#4524=VERTEX_POINT('',#17754);
#4525=VERTEX_POINT('',#17756);
#4526=VERTEX_POINT('',#17760);
#4527=VERTEX_POINT('',#17762);
#4528=VERTEX_POINT('',#17778);
#4529=VERTEX_POINT('',#17779);
#4530=VERTEX_POINT('',#17781);
#4531=VERTEX_POINT('',#17783);
#4532=VERTEX_POINT('',#17787);
#4533=VERTEX_POINT('',#17789);
#4534=VERTEX_POINT('',#17793);
#4535=VERTEX_POINT('',#17795);
#4536=VERTEX_POINT('',#17802);
#4537=VERTEX_POINT('',#17803);
#4538=VERTEX_POINT('',#17805);
#4539=VERTEX_POINT('',#17807);
#4540=VERTEX_POINT('',#17811);
#4541=VERTEX_POINT('',#17812);
#4542=VERTEX_POINT('',#17814);
#4543=VERTEX_POINT('',#17816);
#4544=VERTEX_POINT('',#17840);
#4545=VERTEX_POINT('',#17841);
#4546=VERTEX_POINT('',#17843);
#4547=VERTEX_POINT('',#17845);
#4548=VERTEX_POINT('',#17847);
#4549=VERTEX_POINT('',#17849);
#4550=VERTEX_POINT('',#17851);
#4551=VERTEX_POINT('',#17853);
#4552=VERTEX_POINT('',#17857);
#4553=VERTEX_POINT('',#17858);
#4554=VERTEX_POINT('',#17860);
#4555=VERTEX_POINT('',#17862);
#4556=VERTEX_POINT('',#17864);
#4557=VERTEX_POINT('',#17866);
#4558=VERTEX_POINT('',#17868);
#4559=VERTEX_POINT('',#17870);
#4560=VERTEX_POINT('',#17881);
#4561=VERTEX_POINT('',#17883);
#4562=VERTEX_POINT('',#17887);
#4563=VERTEX_POINT('',#17889);
#4564=VERTEX_POINT('',#17895);
#4565=VERTEX_POINT('',#17897);
#4566=VERTEX_POINT('',#17901);
#4567=VERTEX_POINT('',#17903);
#4568=VERTEX_POINT('',#17915);
#4569=VERTEX_POINT('',#17916);
#4570=VERTEX_POINT('',#17918);
#4571=VERTEX_POINT('',#17920);
#4572=VERTEX_POINT('',#17922);
#4573=VERTEX_POINT('',#17924);
#4574=VERTEX_POINT('',#17926);
#4575=VERTEX_POINT('',#17928);
#4576=VERTEX_POINT('',#17932);
#4577=VERTEX_POINT('',#17933);
#4578=VERTEX_POINT('',#17935);
#4579=VERTEX_POINT('',#17937);
#4580=VERTEX_POINT('',#17939);
#4581=VERTEX_POINT('',#17941);
#4582=VERTEX_POINT('',#17943);
#4583=VERTEX_POINT('',#17945);
#4584=VERTEX_POINT('',#17966);
#4585=VERTEX_POINT('',#17967);
#4586=VERTEX_POINT('',#17969);
#4587=VERTEX_POINT('',#17971);
#4588=VERTEX_POINT('',#17973);
#4589=VERTEX_POINT('',#17975);
#4590=VERTEX_POINT('',#17977);
#4591=VERTEX_POINT('',#17979);
#4592=VERTEX_POINT('',#17982);
#4593=VERTEX_POINT('',#17983);
#4594=VERTEX_POINT('',#17985);
#4595=VERTEX_POINT('',#17987);
#4596=VERTEX_POINT('',#17989);
#4597=VERTEX_POINT('',#17991);
#4598=VERTEX_POINT('',#17993);
#4599=VERTEX_POINT('',#17995);
#4600=VERTEX_POINT('',#17999);
#4601=VERTEX_POINT('',#18000);
#4602=VERTEX_POINT('',#18002);
#4603=VERTEX_POINT('',#18004);
#4604=VERTEX_POINT('',#18008);
#4605=VERTEX_POINT('',#18012);
#4606=VERTEX_POINT('',#18019);
#4607=VERTEX_POINT('',#18020);
#4608=VERTEX_POINT('',#18025);
#4609=VERTEX_POINT('',#18026);
#4610=VERTEX_POINT('',#18034);
#4611=VERTEX_POINT('',#18038);
#4612=VERTEX_POINT('',#18056);
#4613=VERTEX_POINT('',#18057);
#4614=VERTEX_POINT('',#18059);
#4615=VERTEX_POINT('',#18061);
#4616=VERTEX_POINT('',#18065);
#4617=VERTEX_POINT('',#18069);
#4618=VERTEX_POINT('',#18073);
#4619=VERTEX_POINT('',#18074);
#4620=VERTEX_POINT('',#18079);
#4621=VERTEX_POINT('',#18080);
#4622=VERTEX_POINT('',#18085);
#4623=VERTEX_POINT('',#18086);
#4624=VERTEX_POINT('',#18091);
#4625=VERTEX_POINT('',#18092);
#4626=VERTEX_POINT('',#18097);
#4627=VERTEX_POINT('',#18101);
#4628=VERTEX_POINT('',#18105);
#4629=VERTEX_POINT('',#18106);
#4630=VERTEX_POINT('',#18114);
#4631=VERTEX_POINT('',#18115);
#4632=VERTEX_POINT('',#18126);
#4633=VERTEX_POINT('',#18127);
#4634=VERTEX_POINT('',#18129);
#4635=VERTEX_POINT('',#18131);
#4636=VERTEX_POINT('',#18133);
#4637=VERTEX_POINT('',#18135);
#4638=VERTEX_POINT('',#18137);
#4639=VERTEX_POINT('',#18139);
#4640=VERTEX_POINT('',#18163);
#4641=VERTEX_POINT('',#18164);
#4642=VERTEX_POINT('',#18166);
#4643=VERTEX_POINT('',#18168);
#4644=VERTEX_POINT('',#18170);
#4645=VERTEX_POINT('',#18172);
#4646=VERTEX_POINT('',#18174);
#4647=VERTEX_POINT('',#18176);
#4648=VERTEX_POINT('',#18179);
#4649=VERTEX_POINT('',#18180);
#4650=VERTEX_POINT('',#18182);
#4651=VERTEX_POINT('',#18184);
#4652=VERTEX_POINT('',#18186);
#4653=VERTEX_POINT('',#18188);
#4654=VERTEX_POINT('',#18190);
#4655=VERTEX_POINT('',#18192);
#4656=VERTEX_POINT('',#18196);
#4657=VERTEX_POINT('',#18197);
#4658=VERTEX_POINT('',#18199);
#4659=VERTEX_POINT('',#18201);
#4660=VERTEX_POINT('',#18205);
#4661=VERTEX_POINT('',#18209);
#4662=VERTEX_POINT('',#18216);
#4663=VERTEX_POINT('',#18217);
#4664=VERTEX_POINT('',#18222);
#4665=VERTEX_POINT('',#18223);
#4666=VERTEX_POINT('',#18231);
#4667=VERTEX_POINT('',#18235);
#4668=VERTEX_POINT('',#18253);
#4669=VERTEX_POINT('',#18254);
#4670=VERTEX_POINT('',#18256);
#4671=VERTEX_POINT('',#18258);
#4672=VERTEX_POINT('',#18262);
#4673=VERTEX_POINT('',#18266);
#4674=VERTEX_POINT('',#18270);
#4675=VERTEX_POINT('',#18271);
#4676=VERTEX_POINT('',#18276);
#4677=VERTEX_POINT('',#18277);
#4678=VERTEX_POINT('',#18282);
#4679=VERTEX_POINT('',#18283);
#4680=VERTEX_POINT('',#18288);
#4681=VERTEX_POINT('',#18289);
#4682=VERTEX_POINT('',#18294);
#4683=VERTEX_POINT('',#18298);
#4684=VERTEX_POINT('',#18302);
#4685=VERTEX_POINT('',#18303);
#4686=VERTEX_POINT('',#18311);
#4687=VERTEX_POINT('',#18312);
#4688=VERTEX_POINT('',#18323);
#4689=VERTEX_POINT('',#18324);
#4690=VERTEX_POINT('',#18326);
#4691=VERTEX_POINT('',#18328);
#4692=VERTEX_POINT('',#18330);
#4693=VERTEX_POINT('',#18332);
#4694=VERTEX_POINT('',#18334);
#4695=VERTEX_POINT('',#18336);
#4696=VERTEX_POINT('',#18360);
#4697=VERTEX_POINT('',#18361);
#4698=VERTEX_POINT('',#18363);
#4699=VERTEX_POINT('',#18365);
#4700=VERTEX_POINT('',#18367);
#4701=VERTEX_POINT('',#18369);
#4702=VERTEX_POINT('',#18371);
#4703=VERTEX_POINT('',#18373);
#4704=VERTEX_POINT('',#18376);
#4705=VERTEX_POINT('',#18377);
#4706=VERTEX_POINT('',#18379);
#4707=VERTEX_POINT('',#18381);
#4708=VERTEX_POINT('',#18383);
#4709=VERTEX_POINT('',#18385);
#4710=VERTEX_POINT('',#18387);
#4711=VERTEX_POINT('',#18389);
#4712=VERTEX_POINT('',#18393);
#4713=VERTEX_POINT('',#18394);
#4714=VERTEX_POINT('',#18396);
#4715=VERTEX_POINT('',#18398);
#4716=VERTEX_POINT('',#18402);
#4717=VERTEX_POINT('',#18406);
#4718=VERTEX_POINT('',#18413);
#4719=VERTEX_POINT('',#18414);
#4720=VERTEX_POINT('',#18419);
#4721=VERTEX_POINT('',#18420);
#4722=VERTEX_POINT('',#18428);
#4723=VERTEX_POINT('',#18432);
#4724=VERTEX_POINT('',#18450);
#4725=VERTEX_POINT('',#18451);
#4726=VERTEX_POINT('',#18453);
#4727=VERTEX_POINT('',#18455);
#4728=VERTEX_POINT('',#18459);
#4729=VERTEX_POINT('',#18463);
#4730=VERTEX_POINT('',#18467);
#4731=VERTEX_POINT('',#18468);
#4732=VERTEX_POINT('',#18473);
#4733=VERTEX_POINT('',#18474);
#4734=VERTEX_POINT('',#18479);
#4735=VERTEX_POINT('',#18480);
#4736=VERTEX_POINT('',#18485);
#4737=VERTEX_POINT('',#18486);
#4738=VERTEX_POINT('',#18491);
#4739=VERTEX_POINT('',#18495);
#4740=VERTEX_POINT('',#18499);
#4741=VERTEX_POINT('',#18500);
#4742=VERTEX_POINT('',#18508);
#4743=VERTEX_POINT('',#18509);
#4744=VERTEX_POINT('',#18520);
#4745=VERTEX_POINT('',#18521);
#4746=VERTEX_POINT('',#18523);
#4747=VERTEX_POINT('',#18525);
#4748=VERTEX_POINT('',#18527);
#4749=VERTEX_POINT('',#18529);
#4750=VERTEX_POINT('',#18531);
#4751=VERTEX_POINT('',#18533);
#4752=VERTEX_POINT('',#18557);
#4753=VERTEX_POINT('',#18558);
#4754=VERTEX_POINT('',#18560);
#4755=VERTEX_POINT('',#18562);
#4756=VERTEX_POINT('',#18564);
#4757=VERTEX_POINT('',#18566);
#4758=VERTEX_POINT('',#18568);
#4759=VERTEX_POINT('',#18570);
#4760=VERTEX_POINT('',#18573);
#4761=VERTEX_POINT('',#18574);
#4762=VERTEX_POINT('',#18576);
#4763=VERTEX_POINT('',#18578);
#4764=VERTEX_POINT('',#18580);
#4765=VERTEX_POINT('',#18582);
#4766=VERTEX_POINT('',#18584);
#4767=VERTEX_POINT('',#18586);
#4768=VERTEX_POINT('',#18590);
#4769=VERTEX_POINT('',#18591);
#4770=VERTEX_POINT('',#18593);
#4771=VERTEX_POINT('',#18595);
#4772=VERTEX_POINT('',#18599);
#4773=VERTEX_POINT('',#18603);
#4774=VERTEX_POINT('',#18610);
#4775=VERTEX_POINT('',#18611);
#4776=VERTEX_POINT('',#18616);
#4777=VERTEX_POINT('',#18617);
#4778=VERTEX_POINT('',#18625);
#4779=VERTEX_POINT('',#18629);
#4780=VERTEX_POINT('',#18647);
#4781=VERTEX_POINT('',#18648);
#4782=VERTEX_POINT('',#18650);
#4783=VERTEX_POINT('',#18652);
#4784=VERTEX_POINT('',#18656);
#4785=VERTEX_POINT('',#18660);
#4786=VERTEX_POINT('',#18664);
#4787=VERTEX_POINT('',#18665);
#4788=VERTEX_POINT('',#18670);
#4789=VERTEX_POINT('',#18671);
#4790=VERTEX_POINT('',#18676);
#4791=VERTEX_POINT('',#18677);
#4792=VERTEX_POINT('',#18682);
#4793=VERTEX_POINT('',#18683);
#4794=VERTEX_POINT('',#18688);
#4795=VERTEX_POINT('',#18692);
#4796=VERTEX_POINT('',#18696);
#4797=VERTEX_POINT('',#18697);
#4798=VERTEX_POINT('',#18705);
#4799=VERTEX_POINT('',#18706);
#4800=VERTEX_POINT('',#18717);
#4801=VERTEX_POINT('',#18718);
#4802=VERTEX_POINT('',#18720);
#4803=VERTEX_POINT('',#18722);
#4804=VERTEX_POINT('',#18724);
#4805=VERTEX_POINT('',#18726);
#4806=VERTEX_POINT('',#18728);
#4807=VERTEX_POINT('',#18730);
#4808=VERTEX_POINT('',#18754);
#4809=VERTEX_POINT('',#18755);
#4810=VERTEX_POINT('',#18757);
#4811=VERTEX_POINT('',#18759);
#4812=VERTEX_POINT('',#18763);
#4813=VERTEX_POINT('',#18764);
#4814=VERTEX_POINT('',#18766);
#4815=VERTEX_POINT('',#18768);
#4816=VERTEX_POINT('',#18771);
#4817=VERTEX_POINT('',#18773);
#4818=VERTEX_POINT('',#18777);
#4819=VERTEX_POINT('',#18781);
#4820=VERTEX_POINT('',#18783);
#4821=VERTEX_POINT('',#18785);
#4822=VERTEX_POINT('',#18787);
#4823=VERTEX_POINT('',#18789);
#4824=VERTEX_POINT('',#18791);
#4825=VERTEX_POINT('',#18793);
#4826=VERTEX_POINT('',#18795);
#4827=VERTEX_POINT('',#18797);
#4828=VERTEX_POINT('',#18799);
#4829=VERTEX_POINT('',#18801);
#4830=VERTEX_POINT('',#18803);
#4831=VERTEX_POINT('',#18805);
#4832=VERTEX_POINT('',#18812);
#4833=VERTEX_POINT('',#18814);
#4834=VERTEX_POINT('',#18818);
#4835=VERTEX_POINT('',#18825);
#4836=VERTEX_POINT('',#18832);
#4837=VERTEX_POINT('',#18834);
#4838=VERTEX_POINT('',#18838);
#4839=VERTEX_POINT('',#18839);
#4840=VERTEX_POINT('',#18841);
#4841=VERTEX_POINT('',#18843);
#4842=VERTEX_POINT('',#18847);
#4843=VERTEX_POINT('',#18849);
#4844=VERTEX_POINT('',#18853);
#4845=VERTEX_POINT('',#18855);
#4846=VERTEX_POINT('',#18859);
#4847=VERTEX_POINT('',#18861);
#4848=VERTEX_POINT('',#18865);
#4849=VERTEX_POINT('',#18867);
#4850=VERTEX_POINT('',#18871);
#4851=VERTEX_POINT('',#18873);
#4852=VERTEX_POINT('',#18880);
#4853=VERTEX_POINT('',#18881);
#4854=VERTEX_POINT('',#18886);
#4855=VERTEX_POINT('',#18890);
#4856=VERTEX_POINT('',#18897);
#4857=VERTEX_POINT('',#18899);
#4858=VERTEX_POINT('',#18903);
#4859=VERTEX_POINT('',#18904);
#4860=VERTEX_POINT('',#18906);
#4861=VERTEX_POINT('',#18908);
#4862=VERTEX_POINT('',#18912);
#4863=VERTEX_POINT('',#18914);
#4864=VERTEX_POINT('',#18918);
#4865=VERTEX_POINT('',#18920);
#4866=VERTEX_POINT('',#18924);
#4867=VERTEX_POINT('',#18926);
#4868=VERTEX_POINT('',#18930);
#4869=VERTEX_POINT('',#18932);
#4870=VERTEX_POINT('',#18936);
#4871=VERTEX_POINT('',#18938);
#4872=VERTEX_POINT('',#18945);
#4873=VERTEX_POINT('',#18946);
#4874=VERTEX_POINT('',#18951);
#4875=VERTEX_POINT('',#18955);
#4876=VERTEX_POINT('',#18962);
#4877=VERTEX_POINT('',#18964);
#4878=VERTEX_POINT('',#18968);
#4879=VERTEX_POINT('',#18969);
#4880=VERTEX_POINT('',#18971);
#4881=VERTEX_POINT('',#18973);
#4882=VERTEX_POINT('',#18977);
#4883=VERTEX_POINT('',#18979);
#4884=VERTEX_POINT('',#18983);
#4885=VERTEX_POINT('',#18985);
#4886=VERTEX_POINT('',#18989);
#4887=VERTEX_POINT('',#18991);
#4888=VERTEX_POINT('',#18995);
#4889=VERTEX_POINT('',#18997);
#4890=VERTEX_POINT('',#19001);
#4891=VERTEX_POINT('',#19003);
#4892=VERTEX_POINT('',#19010);
#4893=VERTEX_POINT('',#19011);
#4894=VERTEX_POINT('',#19016);
#4895=VERTEX_POINT('',#19020);
#4896=VERTEX_POINT('',#19027);
#4897=VERTEX_POINT('',#19028);
#4898=VERTEX_POINT('',#19030);
#4899=VERTEX_POINT('',#19032);
#4900=VERTEX_POINT('',#19036);
#4901=VERTEX_POINT('',#19037);
#4902=VERTEX_POINT('',#19042);
#4903=VERTEX_POINT('',#19044);
#4904=VERTEX_POINT('',#19051);
#4905=VERTEX_POINT('',#19053);
#4906=VERTEX_POINT('',#19057);
#4907=VERTEX_POINT('',#19059);
#4908=VERTEX_POINT('',#19063);
#4909=VERTEX_POINT('',#19064);
#4910=VERTEX_POINT('',#19069);
#4911=VERTEX_POINT('',#19071);
#4912=VERTEX_POINT('',#19075);
#4913=VERTEX_POINT('',#19077);
#4914=VERTEX_POINT('',#19081);
#4915=VERTEX_POINT('',#19085);
#4916=LINE('',#15174,#5871);
#4917=LINE('',#15177,#5872);
#4918=LINE('',#15179,#5873);
#4919=LINE('',#15181,#5874);
#4920=LINE('',#15182,#5875);
#4921=LINE('',#15185,#5876);
#4922=LINE('',#15187,#5877);
#4923=LINE('',#15189,#5878);
#4924=LINE('',#15191,#5879);
#4925=LINE('',#15193,#5880);
#4926=LINE('',#15194,#5881);
#4927=LINE('',#15197,#5882);
#4928=LINE('',#15199,#5883);
#4929=LINE('',#15201,#5884);
#4930=LINE('',#15203,#5885);
#4931=LINE('',#15205,#5886);
#4932=LINE('',#15207,#5887);
#4933=LINE('',#15209,#5888);
#4934=LINE('',#15211,#5889);
#4935=LINE('',#15213,#5890);
#4936=LINE('',#15215,#5891);
#4937=LINE('',#15217,#5892);
#4938=LINE('',#15218,#5893);
#4939=LINE('',#15252,#5894);
#4940=LINE('',#15255,#5895);
#4941=LINE('',#15257,#5896);
#4942=LINE('',#15259,#5897);
#4943=LINE('',#15261,#5898);
#4944=LINE('',#15279,#5899);
#4945=LINE('',#15281,#5900);
#4946=LINE('',#15282,#5901);
#4947=LINE('',#15285,#5902);
#4948=LINE('',#15287,#5903);
#4949=LINE('',#15363,#5904);
#4950=LINE('',#15366,#5905);
#4951=LINE('',#15368,#5906);
#4952=LINE('',#15370,#5907);
#4953=LINE('',#15372,#5908);
#4954=LINE('',#15374,#5909);
#4955=LINE('',#15376,#5910);
#4956=LINE('',#15378,#5911);
#4957=LINE('',#15379,#5912);
#4958=LINE('',#15382,#5913);
#4959=LINE('',#15384,#5914);
#4960=LINE('',#15386,#5915);
#4961=LINE('',#15421,#5916);
#4962=LINE('',#15423,#5917);
#4963=LINE('',#15425,#5918);
#4964=LINE('',#15427,#5919);
#4965=LINE('',#15429,#5920);
#4966=LINE('',#15460,#5921);
#4967=LINE('',#15461,#5922);
#4968=LINE('',#15464,#5923);
#4969=LINE('',#15466,#5924);
#4970=LINE('',#15468,#5925);
#4971=LINE('',#15470,#5926);
#4972=LINE('',#15472,#5927);
#4973=LINE('',#15474,#5928);
#4974=LINE('',#15476,#5929);
#4975=LINE('',#15478,#5930);
#4976=LINE('',#15480,#5931);
#4977=LINE('',#15481,#5932);
#4978=LINE('',#15484,#5933);
#4979=LINE('',#15486,#5934);
#4980=LINE('',#15488,#5935);
#4981=LINE('',#15490,#5936);
#4982=LINE('',#15492,#5937);
#4983=LINE('',#15494,#5938);
#4984=LINE('',#15496,#5939);
#4985=LINE('',#15498,#5940);
#4986=LINE('',#15500,#5941);
#4987=LINE('',#15502,#5942);
#4988=LINE('',#15504,#5943);
#4989=LINE('',#15505,#5944);
#4990=LINE('',#15508,#5945);
#4991=LINE('',#15510,#5946);
#4992=LINE('',#15512,#5947);
#4993=LINE('',#15514,#5948);
#4994=LINE('',#15531,#5949);
#4995=LINE('',#15534,#5950);
#4996=LINE('',#15536,#5951);
#4997=LINE('',#15538,#5952);
#4998=LINE('',#15540,#5953);
#4999=LINE('',#15542,#5954);
#5000=LINE('',#15544,#5955);
#5001=LINE('',#15546,#5956);
#5002=LINE('',#15548,#5957);
#5003=LINE('',#15550,#5958);
#5004=LINE('',#15585,#5959);
#5005=LINE('',#15587,#5960);
#5006=LINE('',#15589,#5961);
#5007=LINE('',#15591,#5962);
#5008=LINE('',#15593,#5963);
#5009=LINE('',#15624,#5964);
#5010=LINE('',#15657,#5965);
#5011=LINE('',#15658,#5966);
#5012=LINE('',#15661,#5967);
#5013=LINE('',#15663,#5968);
#5014=LINE('',#15665,#5969);
#5015=LINE('',#15696,#5970);
#5016=LINE('',#15699,#5971);
#5017=LINE('',#15701,#5972);
#5018=LINE('',#15703,#5973);
#5019=LINE('',#15705,#5974);
#5020=LINE('',#15722,#5975);
#5021=LINE('',#15725,#5976);
#5022=LINE('',#15727,#5977);
#5023=LINE('',#15729,#5978);
#5024=LINE('',#15731,#5979);
#5025=LINE('',#15733,#5980);
#5026=LINE('',#15735,#5981);
#5027=LINE('',#15737,#5982);
#5028=LINE('',#15739,#5983);
#5029=LINE('',#15741,#5984);
#5030=LINE('',#15743,#5985);
#5031=LINE('',#15745,#5986);
#5032=LINE('',#15770,#5987);
#5033=LINE('',#15793,#5988);
#5034=LINE('',#15826,#5989);
#5035=LINE('',#15827,#5990);
#5036=LINE('',#15830,#5991);
#5037=LINE('',#15832,#5992);
#5038=LINE('',#15834,#5993);
#5039=LINE('',#15835,#5994);
#5040=LINE('',#15838,#5995);
#5041=LINE('',#15840,#5996);
#5042=LINE('',#15842,#5997);
#5043=LINE('',#15843,#5998);
#5044=LINE('',#15846,#5999);
#5045=LINE('',#15848,#6000);
#5046=LINE('',#15850,#6001);
#5047=LINE('',#15852,#6002);
#5048=LINE('',#15854,#6003);
#5049=LINE('',#15856,#6004);
#5050=LINE('',#15858,#6005);
#5051=LINE('',#15860,#6006);
#5052=LINE('',#15862,#6007);
#5053=LINE('',#15864,#6008);
#5054=LINE('',#15867,#6009);
#5055=LINE('',#15868,#6010);
#5056=LINE('',#15870,#6011);
#5057=LINE('',#15872,#6012);
#5058=LINE('',#15874,#6013);
#5059=LINE('',#15876,#6014);
#5060=LINE('',#15878,#6015);
#5061=LINE('',#15889,#6016);
#5062=LINE('',#15918,#6017);
#5063=LINE('',#15965,#6018);
#5064=LINE('',#15966,#6019);
#5065=LINE('',#16010,#6020);
#5066=LINE('',#16011,#6021);
#5067=LINE('',#16013,#6022);
#5068=LINE('',#16016,#6023);
#5069=LINE('',#16052,#6024);
#5070=LINE('',#16083,#6025);
#5071=LINE('',#16085,#6026);
#5072=LINE('',#16087,#6027);
#5073=LINE('',#16089,#6028);
#5074=LINE('',#16091,#6029);
#5075=LINE('',#16092,#6030);
#5076=LINE('',#16094,#6031);
#5077=LINE('',#16096,#6032);
#5078=LINE('',#16098,#6033);
#5079=LINE('',#16100,#6034);
#5080=LINE('',#16117,#6035);
#5081=LINE('',#16119,#6036);
#5082=LINE('',#16137,#6037);
#5083=LINE('',#16140,#6038);
#5084=LINE('',#16142,#6039);
#5085=LINE('',#16144,#6040);
#5086=LINE('',#16146,#6041);
#5087=LINE('',#16148,#6042);
#5088=LINE('',#16150,#6043);
#5089=LINE('',#16152,#6044);
#5090=LINE('',#16154,#6045);
#5091=LINE('',#16156,#6046);
#5092=LINE('',#16158,#6047);
#5093=LINE('',#16159,#6048);
#5094=LINE('',#16161,#6049);
#5095=LINE('',#16163,#6050);
#5096=LINE('',#16165,#6051);
#5097=LINE('',#16167,#6052);
#5098=LINE('',#16169,#6053);
#5099=LINE('',#16171,#6054);
#5100=LINE('',#16173,#6055);
#5101=LINE('',#16175,#6056);
#5102=LINE('',#16178,#6057);
#5103=LINE('',#16181,#6058);
#5104=LINE('',#16199,#6059);
#5105=LINE('',#16201,#6060);
#5106=LINE('',#16203,#6061);
#5107=LINE('',#16205,#6062);
#5108=LINE('',#16206,#6063);
#5109=LINE('',#16208,#6064);
#5110=LINE('',#16210,#6065);
#5111=LINE('',#16212,#6066);
#5112=LINE('',#16221,#6067);
#5113=LINE('',#16230,#6068);
#5114=LINE('',#16233,#6069);
#5115=LINE('',#16236,#6070);
#5116=LINE('',#16238,#6071);
#5117=LINE('',#16240,#6072);
#5118=LINE('',#16242,#6073);
#5119=LINE('',#16244,#6074);
#5120=LINE('',#16246,#6075);
#5121=LINE('',#16248,#6076);
#5122=LINE('',#16250,#6077);
#5123=LINE('',#16252,#6078);
#5124=LINE('',#16254,#6079);
#5125=LINE('',#16256,#6080);
#5126=LINE('',#16258,#6081);
#5127=LINE('',#16259,#6082);
#5128=LINE('',#16261,#6083);
#5129=LINE('',#16263,#6084);
#5130=LINE('',#16265,#6085);
#5131=LINE('',#16267,#6086);
#5132=LINE('',#16269,#6087);
#5133=LINE('',#16271,#6088);
#5134=LINE('',#16273,#6089);
#5135=LINE('',#16275,#6090);
#5136=LINE('',#16277,#6091);
#5137=LINE('',#16279,#6092);
#5138=LINE('',#16282,#6093);
#5139=LINE('',#16285,#6094);
#5140=LINE('',#16287,#6095);
#5141=LINE('',#16289,#6096);
#5142=LINE('',#16291,#6097);
#5143=LINE('',#16293,#6098);
#5144=LINE('',#16295,#6099);
#5145=LINE('',#16297,#6100);
#5146=LINE('',#16299,#6101);
#5147=LINE('',#16301,#6102);
#5148=LINE('',#16303,#6103);
#5149=LINE('',#16304,#6104);
#5150=LINE('',#16306,#6105);
#5151=LINE('',#16308,#6106);
#5152=LINE('',#16310,#6107);
#5153=LINE('',#16312,#6108);
#5154=LINE('',#16314,#6109);
#5155=LINE('',#16316,#6110);
#5156=LINE('',#16318,#6111);
#5157=LINE('',#16320,#6112);
#5158=LINE('',#16323,#6113);
#5159=LINE('',#16359,#6114);
#5160=LINE('',#16390,#6115);
#5161=LINE('',#16392,#6116);
#5162=LINE('',#16394,#6117);
#5163=LINE('',#16396,#6118);
#5164=LINE('',#16398,#6119);
#5165=LINE('',#16399,#6120);
#5166=LINE('',#16401,#6121);
#5167=LINE('',#16403,#6122);
#5168=LINE('',#16405,#6123);
#5169=LINE('',#16407,#6124);
#5170=LINE('',#16424,#6125);
#5171=LINE('',#16426,#6126);
#5172=LINE('',#16444,#6127);
#5173=LINE('',#16447,#6128);
#5174=LINE('',#16449,#6129);
#5175=LINE('',#16451,#6130);
#5176=LINE('',#16453,#6131);
#5177=LINE('',#16454,#6132);
#5178=LINE('',#16456,#6133);
#5179=LINE('',#16458,#6134);
#5180=LINE('',#16461,#6135);
#5181=LINE('',#16464,#6136);
#5182=LINE('',#16466,#6137);
#5183=LINE('',#16468,#6138);
#5184=LINE('',#16470,#6139);
#5185=LINE('',#16472,#6140);
#5186=LINE('',#16474,#6141);
#5187=LINE('',#16476,#6142);
#5188=LINE('',#16478,#6143);
#5189=LINE('',#16479,#6144);
#5190=LINE('',#16481,#6145);
#5191=LINE('',#16483,#6146);
#5192=LINE('',#16485,#6147);
#5193=LINE('',#16487,#6148);
#5194=LINE('',#16489,#6149);
#5195=LINE('',#16491,#6150);
#5196=LINE('',#16614,#6151);
#5197=LINE('',#16617,#6152);
#5198=LINE('',#16635,#6153);
#5199=LINE('',#16637,#6154);
#5200=LINE('',#16639,#6155);
#5201=LINE('',#16641,#6156);
#5202=LINE('',#16642,#6157);
#5203=LINE('',#16644,#6158);
#5204=LINE('',#16646,#6159);
#5205=LINE('',#16648,#6160);
#5206=LINE('',#16657,#6161);
#5207=LINE('',#16666,#6162);
#5208=LINE('',#16669,#6163);
#5209=LINE('',#16672,#6164);
#5210=LINE('',#16674,#6165);
#5211=LINE('',#16676,#6166);
#5212=LINE('',#16678,#6167);
#5213=LINE('',#16680,#6168);
#5214=LINE('',#16682,#6169);
#5215=LINE('',#16684,#6170);
#5216=LINE('',#16686,#6171);
#5217=LINE('',#16688,#6172);
#5218=LINE('',#16690,#6173);
#5219=LINE('',#16692,#6174);
#5220=LINE('',#16694,#6175);
#5221=LINE('',#16695,#6176);
#5222=LINE('',#16697,#6177);
#5223=LINE('',#16699,#6178);
#5224=LINE('',#16701,#6179);
#5225=LINE('',#16703,#6180);
#5226=LINE('',#16705,#6181);
#5227=LINE('',#16707,#6182);
#5228=LINE('',#16709,#6183);
#5229=LINE('',#16711,#6184);
#5230=LINE('',#16713,#6185);
#5231=LINE('',#16715,#6186);
#5232=LINE('',#16718,#6187);
#5233=LINE('',#16744,#6188);
#5234=LINE('',#16767,#6189);
#5235=LINE('',#16768,#6190);
#5236=LINE('',#16787,#6191);
#5237=LINE('',#16789,#6192);
#5238=LINE('',#16813,#6193);
#5239=LINE('',#16842,#6194);
#5240=LINE('',#16876,#6195);
#5241=LINE('',#16877,#6196);
#5242=LINE('',#16893,#6197);
#5243=LINE('',#16896,#6198);
#5244=LINE('',#16897,#6199);
#5245=LINE('',#16940,#6200);
#5246=LINE('',#16943,#6201);
#5247=LINE('',#16945,#6202);
#5248=LINE('',#16947,#6203);
#5249=LINE('',#16949,#6204);
#5250=LINE('',#16950,#6205);
#5251=LINE('',#16952,#6206);
#5252=LINE('',#16954,#6207);
#5253=LINE('',#16957,#6208);
#5254=LINE('',#16960,#6209);
#5255=LINE('',#16962,#6210);
#5256=LINE('',#16964,#6211);
#5257=LINE('',#16966,#6212);
#5258=LINE('',#16967,#6213);
#5259=LINE('',#16969,#6214);
#5260=LINE('',#16971,#6215);
#5261=LINE('',#16974,#6216);
#5262=LINE('',#16977,#6217);
#5263=LINE('',#16979,#6218);
#5264=LINE('',#16981,#6219);
#5265=LINE('',#16983,#6220);
#5266=LINE('',#16985,#6221);
#5267=LINE('',#16987,#6222);
#5268=LINE('',#16989,#6223);
#5269=LINE('',#16991,#6224);
#5270=LINE('',#16993,#6225);
#5271=LINE('',#16995,#6226);
#5272=LINE('',#16996,#6227);
#5273=LINE('',#16998,#6228);
#5274=LINE('',#17000,#6229);
#5275=LINE('',#17002,#6230);
#5276=LINE('',#17004,#6231);
#5277=LINE('',#17006,#6232);
#5278=LINE('',#17008,#6233);
#5279=LINE('',#17010,#6234);
#5280=LINE('',#17012,#6235);
#5281=LINE('',#17124,#6236);
#5282=LINE('',#17125,#6237);
#5283=LINE('',#17225,#6238);
#5284=LINE('',#17248,#6239);
#5285=LINE('',#17275,#6240);
#5286=LINE('',#17277,#6241);
#5287=LINE('',#17279,#6242);
#5288=LINE('',#17280,#6243);
#5289=LINE('',#17282,#6244);
#5290=LINE('',#17284,#6245);
#5291=LINE('',#17306,#6246);
#5292=LINE('',#17309,#6247);
#5293=LINE('',#17310,#6248);
#5294=LINE('',#17353,#6249);
#5295=LINE('',#17356,#6250);
#5296=LINE('',#17358,#6251);
#5297=LINE('',#17376,#6252);
#5298=LINE('',#17378,#6253);
#5299=LINE('',#17380,#6254);
#5300=LINE('',#17382,#6255);
#5301=LINE('',#17384,#6256);
#5302=LINE('',#17385,#6257);
#5303=LINE('',#17387,#6258);
#5304=LINE('',#17389,#6259);
#5305=LINE('',#17391,#6260);
#5306=LINE('',#17393,#6261);
#5307=LINE('',#17402,#6262);
#5308=LINE('',#17411,#6263);
#5309=LINE('',#17413,#6264);
#5310=LINE('',#17416,#6265);
#5311=LINE('',#17446,#6266);
#5312=LINE('',#17481,#6267);
#5313=LINE('',#17482,#6268);
#5314=LINE('',#17500,#6269);
#5315=LINE('',#17503,#6270);
#5316=LINE('',#17504,#6271);
#5317=LINE('',#17548,#6272);
#5318=LINE('',#17551,#6273);
#5319=LINE('',#17553,#6274);
#5320=LINE('',#17555,#6275);
#5321=LINE('',#17557,#6276);
#5322=LINE('',#17559,#6277);
#5323=LINE('',#17561,#6278);
#5324=LINE('',#17563,#6279);
#5325=LINE('',#17565,#6280);
#5326=LINE('',#17567,#6281);
#5327=LINE('',#17569,#6282);
#5328=LINE('',#17571,#6283);
#5329=LINE('',#17573,#6284);
#5330=LINE('',#17574,#6285);
#5331=LINE('',#17576,#6286);
#5332=LINE('',#17578,#6287);
#5333=LINE('',#17580,#6288);
#5334=LINE('',#17582,#6289);
#5335=LINE('',#17584,#6290);
#5336=LINE('',#17586,#6291);
#5337=LINE('',#17588,#6292);
#5338=LINE('',#17590,#6293);
#5339=LINE('',#17592,#6294);
#5340=LINE('',#17594,#6295);
#5341=LINE('',#17597,#6296);
#5342=LINE('',#17600,#6297);
#5343=LINE('',#17602,#6298);
#5344=LINE('',#17604,#6299);
#5345=LINE('',#17606,#6300);
#5346=LINE('',#17608,#6301);
#5347=LINE('',#17610,#6302);
#5348=LINE('',#17611,#6303);
#5349=LINE('',#17613,#6304);
#5350=LINE('',#17615,#6305);
#5351=LINE('',#17617,#6306);
#5352=LINE('',#17619,#6307);
#5353=LINE('',#17622,#6308);
#5354=LINE('',#17625,#6309);
#5355=LINE('',#17627,#6310);
#5356=LINE('',#17629,#6311);
#5357=LINE('',#17631,#6312);
#5358=LINE('',#17632,#6313);
#5359=LINE('',#17634,#6314);
#5360=LINE('',#17636,#6315);
#5361=LINE('',#17642,#6316);
#5362=LINE('',#17645,#6317);
#5363=LINE('',#17647,#6318);
#5364=LINE('',#17649,#6319);
#5365=LINE('',#17651,#6320);
#5366=LINE('',#17653,#6321);
#5367=LINE('',#17655,#6322);
#5368=LINE('',#17657,#6323);
#5369=LINE('',#17659,#6324);
#5370=LINE('',#17661,#6325);
#5371=LINE('',#17663,#6326);
#5372=LINE('',#17666,#6327);
#5373=LINE('',#17668,#6328);
#5374=LINE('',#17670,#6329);
#5375=LINE('',#17672,#6330);
#5376=LINE('',#17674,#6331);
#5377=LINE('',#17676,#6332);
#5378=LINE('',#17678,#6333);
#5379=LINE('',#17680,#6334);
#5380=LINE('',#17682,#6335);
#5381=LINE('',#17684,#6336);
#5382=LINE('',#17686,#6337);
#5383=LINE('',#17688,#6338);
#5384=LINE('',#17690,#6339);
#5385=LINE('',#17692,#6340);
#5386=LINE('',#17694,#6341);
#5387=LINE('',#17696,#6342);
#5388=LINE('',#17698,#6343);
#5389=LINE('',#17700,#6344);
#5390=LINE('',#17702,#6345);
#5391=LINE('',#17704,#6346);
#5392=LINE('',#17706,#6347);
#5393=LINE('',#17708,#6348);
#5394=LINE('',#17710,#6349);
#5395=LINE('',#17712,#6350);
#5396=LINE('',#17714,#6351);
#5397=LINE('',#17716,#6352);
#5398=LINE('',#17718,#6353);
#5399=LINE('',#17720,#6354);
#5400=LINE('',#17722,#6355);
#5401=LINE('',#17724,#6356);
#5402=LINE('',#17726,#6357);
#5403=LINE('',#17728,#6358);
#5404=LINE('',#17730,#6359);
#5405=LINE('',#17732,#6360);
#5406=LINE('',#17734,#6361);
#5407=LINE('',#17736,#6362);
#5408=LINE('',#17738,#6363);
#5409=LINE('',#17740,#6364);
#5410=LINE('',#17742,#6365);
#5411=LINE('',#17744,#6366);
#5412=LINE('',#17747,#6367);
#5413=LINE('',#17749,#6368);
#5414=LINE('',#17751,#6369);
#5415=LINE('',#17753,#6370);
#5416=LINE('',#17755,#6371);
#5417=LINE('',#17757,#6372);
#5418=LINE('',#17759,#6373);
#5419=LINE('',#17761,#6374);
#5420=LINE('',#17763,#6375);
#5421=LINE('',#17765,#6376);
#5422=LINE('',#17766,#6377);
#5423=LINE('',#17768,#6378);
#5424=LINE('',#17769,#6379);
#5425=LINE('',#17771,#6380);
#5426=LINE('',#17772,#6381);
#5427=LINE('',#17777,#6382);
#5428=LINE('',#17780,#6383);
#5429=LINE('',#17782,#6384);
#5430=LINE('',#17784,#6385);
#5431=LINE('',#17786,#6386);
#5432=LINE('',#17788,#6387);
#5433=LINE('',#17790,#6388);
#5434=LINE('',#17792,#6389);
#5435=LINE('',#17794,#6390);
#5436=LINE('',#17796,#6391);
#5437=LINE('',#17798,#6392);
#5438=LINE('',#17799,#6393);
#5439=LINE('',#17801,#6394);
#5440=LINE('',#17804,#6395);
#5441=LINE('',#17806,#6396);
#5442=LINE('',#17808,#6397);
#5443=LINE('',#17810,#6398);
#5444=LINE('',#17813,#6399);
#5445=LINE('',#17815,#6400);
#5446=LINE('',#17817,#6401);
#5447=LINE('',#17819,#6402);
#5448=LINE('',#17820,#6403);
#5449=LINE('',#17822,#6404);
#5450=LINE('',#17824,#6405);
#5451=LINE('',#17826,#6406);
#5452=LINE('',#17827,#6407);
#5453=LINE('',#17829,#6408);
#5454=LINE('',#17831,#6409);
#5455=LINE('',#17839,#6410);
#5456=LINE('',#17842,#6411);
#5457=LINE('',#17844,#6412);
#5458=LINE('',#17846,#6413);
#5459=LINE('',#17848,#6414);
#5460=LINE('',#17850,#6415);
#5461=LINE('',#17852,#6416);
#5462=LINE('',#17854,#6417);
#5463=LINE('',#17856,#6418);
#5464=LINE('',#17859,#6419);
#5465=LINE('',#17861,#6420);
#5466=LINE('',#17863,#6421);
#5467=LINE('',#17865,#6422);
#5468=LINE('',#17867,#6423);
#5469=LINE('',#17869,#6424);
#5470=LINE('',#17871,#6425);
#5471=LINE('',#17873,#6426);
#5472=LINE('',#17874,#6427);
#5473=LINE('',#17876,#6428);
#5474=LINE('',#17878,#6429);
#5475=LINE('',#17880,#6430);
#5476=LINE('',#17884,#6431);
#5477=LINE('',#17886,#6432);
#5478=LINE('',#17888,#6433);
#5479=LINE('',#17892,#6434);
#5480=LINE('',#17893,#6435);
#5481=LINE('',#17894,#6436);
#5482=LINE('',#17898,#6437);
#5483=LINE('',#17900,#6438);
#5484=LINE('',#17904,#6439);
#5485=LINE('',#17906,#6440);
#5486=LINE('',#17907,#6441);
#5487=LINE('',#17914,#6442);
#5488=LINE('',#17917,#6443);
#5489=LINE('',#17919,#6444);
#5490=LINE('',#17921,#6445);
#5491=LINE('',#17923,#6446);
#5492=LINE('',#17925,#6447);
#5493=LINE('',#17927,#6448);
#5494=LINE('',#17929,#6449);
#5495=LINE('',#17931,#6450);
#5496=LINE('',#17934,#6451);
#5497=LINE('',#17936,#6452);
#5498=LINE('',#17938,#6453);
#5499=LINE('',#17940,#6454);
#5500=LINE('',#17942,#6455);
#5501=LINE('',#17944,#6456);
#5502=LINE('',#17946,#6457);
#5503=LINE('',#17948,#6458);
#5504=LINE('',#17949,#6459);
#5505=LINE('',#17951,#6460);
#5506=LINE('',#17953,#6461);
#5507=LINE('',#17955,#6462);
#5508=LINE('',#17957,#6463);
#5509=LINE('',#17959,#6464);
#5510=LINE('',#17960,#6465);
#5511=LINE('',#17965,#6466);
#5512=LINE('',#17970,#6467);
#5513=LINE('',#17974,#6468);
#5514=LINE('',#17978,#6469);
#5515=LINE('',#17984,#6470);
#5516=LINE('',#17988,#6471);
#5517=LINE('',#17992,#6472);
#5518=LINE('',#17996,#6473);
#5519=LINE('',#18001,#6474);
#5520=LINE('',#18005,#6475);
#5521=LINE('',#18015,#6476);
#5522=LINE('',#18016,#6477);
#5523=LINE('',#18021,#6478);
#5524=LINE('',#18022,#6479);
#5525=LINE('',#18027,#6480);
#5526=LINE('',#18028,#6481);
#5527=LINE('',#18030,#6482);
#5528=LINE('',#18031,#6483);
#5529=LINE('',#18041,#6484);
#5530=LINE('',#18042,#6485);
#5531=LINE('',#18044,#6486);
#5532=LINE('',#18045,#6487);
#5533=LINE('',#18047,#6488);
#5534=LINE('',#18048,#6489);
#5535=LINE('',#18058,#6490);
#5536=LINE('',#18062,#6491);
#5537=LINE('',#18075,#6492);
#5538=LINE('',#18076,#6493);
#5539=LINE('',#18081,#6494);
#5540=LINE('',#18082,#6495);
#5541=LINE('',#18087,#6496);
#5542=LINE('',#18088,#6497);
#5543=LINE('',#18093,#6498);
#5544=LINE('',#18094,#6499);
#5545=LINE('',#18107,#6500);
#5546=LINE('',#18108,#6501);
#5547=LINE('',#18110,#6502);
#5548=LINE('',#18111,#6503);
#5549=LINE('',#18116,#6504);
#5550=LINE('',#18117,#6505);
#5551=LINE('',#18119,#6506);
#5552=LINE('',#18121,#6507);
#5553=LINE('',#18123,#6508);
#5554=LINE('',#18125,#6509);
#5555=LINE('',#18130,#6510);
#5556=LINE('',#18134,#6511);
#5557=LINE('',#18138,#6512);
#5558=LINE('',#18141,#6513);
#5559=LINE('',#18145,#6514);
#5560=LINE('',#18146,#6515);
#5561=LINE('',#18148,#6516);
#5562=LINE('',#18150,#6517);
#5563=LINE('',#18152,#6518);
#5564=LINE('',#18154,#6519);
#5565=LINE('',#18156,#6520);
#5566=LINE('',#18158,#6521);
#5567=LINE('',#18162,#6522);
#5568=LINE('',#18167,#6523);
#5569=LINE('',#18171,#6524);
#5570=LINE('',#18175,#6525);
#5571=LINE('',#18181,#6526);
#5572=LINE('',#18185,#6527);
#5573=LINE('',#18189,#6528);
#5574=LINE('',#18193,#6529);
#5575=LINE('',#18198,#6530);
#5576=LINE('',#18202,#6531);
#5577=LINE('',#18212,#6532);
#5578=LINE('',#18213,#6533);
#5579=LINE('',#18218,#6534);
#5580=LINE('',#18219,#6535);
#5581=LINE('',#18224,#6536);
#5582=LINE('',#18225,#6537);
#5583=LINE('',#18227,#6538);
#5584=LINE('',#18228,#6539);
#5585=LINE('',#18238,#6540);
#5586=LINE('',#18239,#6541);
#5587=LINE('',#18241,#6542);
#5588=LINE('',#18242,#6543);
#5589=LINE('',#18244,#6544);
#5590=LINE('',#18245,#6545);
#5591=LINE('',#18255,#6546);
#5592=LINE('',#18259,#6547);
#5593=LINE('',#18272,#6548);
#5594=LINE('',#18273,#6549);
#5595=LINE('',#18278,#6550);
#5596=LINE('',#18279,#6551);
#5597=LINE('',#18284,#6552);
#5598=LINE('',#18285,#6553);
#5599=LINE('',#18290,#6554);
#5600=LINE('',#18291,#6555);
#5601=LINE('',#18304,#6556);
#5602=LINE('',#18305,#6557);
#5603=LINE('',#18307,#6558);
#5604=LINE('',#18308,#6559);
#5605=LINE('',#18313,#6560);
#5606=LINE('',#18314,#6561);
#5607=LINE('',#18316,#6562);
#5608=LINE('',#18318,#6563);
#5609=LINE('',#18320,#6564);
#5610=LINE('',#18322,#6565);
#5611=LINE('',#18327,#6566);
#5612=LINE('',#18331,#6567);
#5613=LINE('',#18335,#6568);
#5614=LINE('',#18338,#6569);
#5615=LINE('',#18342,#6570);
#5616=LINE('',#18343,#6571);
#5617=LINE('',#18345,#6572);
#5618=LINE('',#18347,#6573);
#5619=LINE('',#18349,#6574);
#5620=LINE('',#18351,#6575);
#5621=LINE('',#18353,#6576);
#5622=LINE('',#18355,#6577);
#5623=LINE('',#18359,#6578);
#5624=LINE('',#18364,#6579);
#5625=LINE('',#18368,#6580);
#5626=LINE('',#18372,#6581);
#5627=LINE('',#18378,#6582);
#5628=LINE('',#18382,#6583);
#5629=LINE('',#18386,#6584);
#5630=LINE('',#18390,#6585);
#5631=LINE('',#18395,#6586);
#5632=LINE('',#18399,#6587);
#5633=LINE('',#18409,#6588);
#5634=LINE('',#18410,#6589);
#5635=LINE('',#18415,#6590);
#5636=LINE('',#18416,#6591);
#5637=LINE('',#18421,#6592);
#5638=LINE('',#18422,#6593);
#5639=LINE('',#18424,#6594);
#5640=LINE('',#18425,#6595);
#5641=LINE('',#18435,#6596);
#5642=LINE('',#18436,#6597);
#5643=LINE('',#18438,#6598);
#5644=LINE('',#18439,#6599);
#5645=LINE('',#18441,#6600);
#5646=LINE('',#18442,#6601);
#5647=LINE('',#18452,#6602);
#5648=LINE('',#18456,#6603);
#5649=LINE('',#18469,#6604);
#5650=LINE('',#18470,#6605);
#5651=LINE('',#18475,#6606);
#5652=LINE('',#18476,#6607);
#5653=LINE('',#18481,#6608);
#5654=LINE('',#18482,#6609);
#5655=LINE('',#18487,#6610);
#5656=LINE('',#18488,#6611);
#5657=LINE('',#18501,#6612);
#5658=LINE('',#18502,#6613);
#5659=LINE('',#18504,#6614);
#5660=LINE('',#18505,#6615);
#5661=LINE('',#18510,#6616);
#5662=LINE('',#18511,#6617);
#5663=LINE('',#18513,#6618);
#5664=LINE('',#18515,#6619);
#5665=LINE('',#18517,#6620);
#5666=LINE('',#18519,#6621);
#5667=LINE('',#18524,#6622);
#5668=LINE('',#18528,#6623);
#5669=LINE('',#18532,#6624);
#5670=LINE('',#18535,#6625);
#5671=LINE('',#18539,#6626);
#5672=LINE('',#18540,#6627);
#5673=LINE('',#18542,#6628);
#5674=LINE('',#18544,#6629);
#5675=LINE('',#18546,#6630);
#5676=LINE('',#18548,#6631);
#5677=LINE('',#18550,#6632);
#5678=LINE('',#18552,#6633);
#5679=LINE('',#18556,#6634);
#5680=LINE('',#18561,#6635);
#5681=LINE('',#18565,#6636);
#5682=LINE('',#18569,#6637);
#5683=LINE('',#18575,#6638);
#5684=LINE('',#18579,#6639);
#5685=LINE('',#18583,#6640);
#5686=LINE('',#18587,#6641);
#5687=LINE('',#18592,#6642);
#5688=LINE('',#18596,#6643);
#5689=LINE('',#18606,#6644);
#5690=LINE('',#18607,#6645);
#5691=LINE('',#18612,#6646);
#5692=LINE('',#18613,#6647);
#5693=LINE('',#18618,#6648);
#5694=LINE('',#18619,#6649);
#5695=LINE('',#18621,#6650);
#5696=LINE('',#18622,#6651);
#5697=LINE('',#18632,#6652);
#5698=LINE('',#18633,#6653);
#5699=LINE('',#18635,#6654);
#5700=LINE('',#18636,#6655);
#5701=LINE('',#18638,#6656);
#5702=LINE('',#18639,#6657);
#5703=LINE('',#18649,#6658);
#5704=LINE('',#18653,#6659);
#5705=LINE('',#18666,#6660);
#5706=LINE('',#18667,#6661);
#5707=LINE('',#18672,#6662);
#5708=LINE('',#18673,#6663);
#5709=LINE('',#18678,#6664);
#5710=LINE('',#18679,#6665);
#5711=LINE('',#18684,#6666);
#5712=LINE('',#18685,#6667);
#5713=LINE('',#18698,#6668);
#5714=LINE('',#18699,#6669);
#5715=LINE('',#18701,#6670);
#5716=LINE('',#18702,#6671);
#5717=LINE('',#18707,#6672);
#5718=LINE('',#18708,#6673);
#5719=LINE('',#18710,#6674);
#5720=LINE('',#18712,#6675);
#5721=LINE('',#18714,#6676);
#5722=LINE('',#18716,#6677);
#5723=LINE('',#18721,#6678);
#5724=LINE('',#18725,#6679);
#5725=LINE('',#18729,#6680);
#5726=LINE('',#18732,#6681);
#5727=LINE('',#18736,#6682);
#5728=LINE('',#18737,#6683);
#5729=LINE('',#18739,#6684);
#5730=LINE('',#18741,#6685);
#5731=LINE('',#18743,#6686);
#5732=LINE('',#18745,#6687);
#5733=LINE('',#18747,#6688);
#5734=LINE('',#18749,#6689);
#5735=LINE('',#18753,#6690);
#5736=LINE('',#18756,#6691);
#5737=LINE('',#18758,#6692);
#5738=LINE('',#18760,#6693);
#5739=LINE('',#18762,#6694);
#5740=LINE('',#18765,#6695);
#5741=LINE('',#18767,#6696);
#5742=LINE('',#18769,#6697);
#5743=LINE('',#18770,#6698);
#5744=LINE('',#18772,#6699);
#5745=LINE('',#18774,#6700);
#5746=LINE('',#18776,#6701);
#5747=LINE('',#18778,#6702);
#5748=LINE('',#18780,#6703);
#5749=LINE('',#18782,#6704);
#5750=LINE('',#18784,#6705);
#5751=LINE('',#18786,#6706);
#5752=LINE('',#18788,#6707);
#5753=LINE('',#18790,#6708);
#5754=LINE('',#18792,#6709);
#5755=LINE('',#18794,#6710);
#5756=LINE('',#18796,#6711);
#5757=LINE('',#18798,#6712);
#5758=LINE('',#18800,#6713);
#5759=LINE('',#18802,#6714);
#5760=LINE('',#18804,#6715);
#5761=LINE('',#18806,#6716);
#5762=LINE('',#18808,#6717);
#5763=LINE('',#18810,#6718);
#5764=LINE('',#18811,#6719);
#5765=LINE('',#18813,#6720);
#5766=LINE('',#18815,#6721);
#5767=LINE('',#18817,#6722);
#5768=LINE('',#18819,#6723);
#5769=LINE('',#18821,#6724);
#5770=LINE('',#18822,#6725);
#5771=LINE('',#18823,#6726);
#5772=LINE('',#18824,#6727);
#5773=LINE('',#18826,#6728);
#5774=LINE('',#18828,#6729);
#5775=LINE('',#18831,#6730);
#5776=LINE('',#18833,#6731);
#5777=LINE('',#18835,#6732);
#5778=LINE('',#18837,#6733);
#5779=LINE('',#18840,#6734);
#5780=LINE('',#18842,#6735);
#5781=LINE('',#18844,#6736);
#5782=LINE('',#18846,#6737);
#5783=LINE('',#18848,#6738);
#5784=LINE('',#18850,#6739);
#5785=LINE('',#18852,#6740);
#5786=LINE('',#18854,#6741);
#5787=LINE('',#18856,#6742);
#5788=LINE('',#18862,#6743);
#5789=LINE('',#18864,#6744);
#5790=LINE('',#18866,#6745);
#5791=LINE('',#18868,#6746);
#5792=LINE('',#18872,#6747);
#5793=LINE('',#18876,#6748);
#5794=LINE('',#18877,#6749);
#5795=LINE('',#18879,#6750);
#5796=LINE('',#18887,#6751);
#5797=LINE('',#18891,#6752);
#5798=LINE('',#18893,#6753);
#5799=LINE('',#18896,#6754);
#5800=LINE('',#18898,#6755);
#5801=LINE('',#18900,#6756);
#5802=LINE('',#18902,#6757);
#5803=LINE('',#18905,#6758);
#5804=LINE('',#18907,#6759);
#5805=LINE('',#18909,#6760);
#5806=LINE('',#18911,#6761);
#5807=LINE('',#18913,#6762);
#5808=LINE('',#18915,#6763);
#5809=LINE('',#18917,#6764);
#5810=LINE('',#18919,#6765);
#5811=LINE('',#18921,#6766);
#5812=LINE('',#18927,#6767);
#5813=LINE('',#18929,#6768);
#5814=LINE('',#18931,#6769);
#5815=LINE('',#18933,#6770);
#5816=LINE('',#18937,#6771);
#5817=LINE('',#18941,#6772);
#5818=LINE('',#18942,#6773);
#5819=LINE('',#18944,#6774);
#5820=LINE('',#18952,#6775);
#5821=LINE('',#18956,#6776);
#5822=LINE('',#18958,#6777);
#5823=LINE('',#18961,#6778);
#5824=LINE('',#18963,#6779);
#5825=LINE('',#18965,#6780);
#5826=LINE('',#18967,#6781);
#5827=LINE('',#18970,#6782);
#5828=LINE('',#18972,#6783);
#5829=LINE('',#18974,#6784);
#5830=LINE('',#18976,#6785);
#5831=LINE('',#18978,#6786);
#5832=LINE('',#18980,#6787);
#5833=LINE('',#18982,#6788);
#5834=LINE('',#18984,#6789);
#5835=LINE('',#18986,#6790);
#5836=LINE('',#18992,#6791);
#5837=LINE('',#18994,#6792);
#5838=LINE('',#18996,#6793);
#5839=LINE('',#18998,#6794);
#5840=LINE('',#19002,#6795);
#5841=LINE('',#19006,#6796);
#5842=LINE('',#19007,#6797);
#5843=LINE('',#19009,#6798);
#5844=LINE('',#19017,#6799);
#5845=LINE('',#19021,#6800);
#5846=LINE('',#19023,#6801);
#5847=LINE('',#19026,#6802);
#5848=LINE('',#19029,#6803);
#5849=LINE('',#19031,#6804);
#5850=LINE('',#19033,#6805);
#5851=LINE('',#19035,#6806);
#5852=LINE('',#19045,#6807);
#5853=LINE('',#19047,#6808);
#5854=LINE('',#19048,#6809);
#5855=LINE('',#19050,#6810);
#5856=LINE('',#19052,#6811);
#5857=LINE('',#19054,#6812);
#5858=LINE('',#19056,#6813);
#5859=LINE('',#19058,#6814);
#5860=LINE('',#19060,#6815);
#5861=LINE('',#19062,#6816);
#5862=LINE('',#19065,#6817);
#5863=LINE('',#19066,#6818);
#5864=LINE('',#19068,#6819);
#5865=LINE('',#19070,#6820);
#5866=LINE('',#19072,#6821);
#5867=LINE('',#19076,#6822);
#5868=LINE('',#19080,#6823);
#5869=LINE('',#19086,#6824);
#5870=LINE('',#19088,#6825);
#5871=VECTOR('',#12829,1000.);
#5872=VECTOR('',#12830,1000.);
#5873=VECTOR('',#12831,1000.);
#5874=VECTOR('',#12832,1000.);
#5875=VECTOR('',#12833,1000.);
#5876=VECTOR('',#12834,1000.);
#5877=VECTOR('',#12835,1000.);
#5878=VECTOR('',#12836,1000.);
#5879=VECTOR('',#12837,1000.);
#5880=VECTOR('',#12838,1000.);
#5881=VECTOR('',#12839,1000.);
#5882=VECTOR('',#12840,1000.);
#5883=VECTOR('',#12841,1000.);
#5884=VECTOR('',#12842,1000.);
#5885=VECTOR('',#12843,1000.);
#5886=VECTOR('',#12844,1000.);
#5887=VECTOR('',#12845,1000.);
#5888=VECTOR('',#12846,1000.);
#5889=VECTOR('',#12847,1000.);
#5890=VECTOR('',#12848,1000.);
#5891=VECTOR('',#12849,1000.);
#5892=VECTOR('',#12850,1000.);
#5893=VECTOR('',#12851,1000.);
#5894=VECTOR('',#12852,1000.);
#5895=VECTOR('',#12853,1000.);
#5896=VECTOR('',#12854,1000.);
#5897=VECTOR('',#12855,1000.);
#5898=VECTOR('',#12856,1000.);
#5899=VECTOR('',#12857,1000.);
#5900=VECTOR('',#12858,1000.);
#5901=VECTOR('',#12859,1000.);
#5902=VECTOR('',#12860,1000.);
#5903=VECTOR('',#12861,1000.);
#5904=VECTOR('',#12870,1000.);
#5905=VECTOR('',#12871,1000.);
#5906=VECTOR('',#12872,1000.);
#5907=VECTOR('',#12873,1000.);
#5908=VECTOR('',#12874,1000.);
#5909=VECTOR('',#12875,1000.);
#5910=VECTOR('',#12876,1000.);
#5911=VECTOR('',#12877,1000.);
#5912=VECTOR('',#12878,1000.);
#5913=VECTOR('',#12879,1000.);
#5914=VECTOR('',#12880,1000.);
#5915=VECTOR('',#12881,1000.);
#5916=VECTOR('',#12882,1000.);
#5917=VECTOR('',#12883,1000.);
#5918=VECTOR('',#12884,1000.);
#5919=VECTOR('',#12885,1000.);
#5920=VECTOR('',#12886,1000.);
#5921=VECTOR('',#12887,1000.);
#5922=VECTOR('',#12888,1000.);
#5923=VECTOR('',#12889,1000.);
#5924=VECTOR('',#12890,1000.);
#5925=VECTOR('',#12891,1000.);
#5926=VECTOR('',#12892,1000.);
#5927=VECTOR('',#12893,1000.);
#5928=VECTOR('',#12894,1000.);
#5929=VECTOR('',#12895,1000.);
#5930=VECTOR('',#12896,1000.);
#5931=VECTOR('',#12897,1000.);
#5932=VECTOR('',#12898,1000.);
#5933=VECTOR('',#12899,1000.);
#5934=VECTOR('',#12900,1000.);
#5935=VECTOR('',#12901,1000.);
#5936=VECTOR('',#12902,1000.);
#5937=VECTOR('',#12903,1000.);
#5938=VECTOR('',#12904,1000.);
#5939=VECTOR('',#12905,1000.);
#5940=VECTOR('',#12906,1000.);
#5941=VECTOR('',#12907,1000.);
#5942=VECTOR('',#12908,1000.);
#5943=VECTOR('',#12909,1000.);
#5944=VECTOR('',#12910,1000.);
#5945=VECTOR('',#12911,1000.);
#5946=VECTOR('',#12912,1000.);
#5947=VECTOR('',#12913,1000.);
#5948=VECTOR('',#12914,1000.);
#5949=VECTOR('',#12915,1000.);
#5950=VECTOR('',#12916,1000.);
#5951=VECTOR('',#12917,1000.);
#5952=VECTOR('',#12918,1000.);
#5953=VECTOR('',#12919,1000.);
#5954=VECTOR('',#12920,1000.);
#5955=VECTOR('',#12921,1000.);
#5956=VECTOR('',#12922,1000.);
#5957=VECTOR('',#12923,1000.);
#5958=VECTOR('',#12924,1000.);
#5959=VECTOR('',#12925,1000.);
#5960=VECTOR('',#12926,1000.);
#5961=VECTOR('',#12927,1000.);
#5962=VECTOR('',#12928,1000.);
#5963=VECTOR('',#12929,1000.);
#5964=VECTOR('',#12930,1000.);
#5965=VECTOR('',#12931,1000.);
#5966=VECTOR('',#12932,1000.);
#5967=VECTOR('',#12933,1000.);
#5968=VECTOR('',#12934,1000.);
#5969=VECTOR('',#12935,1000.);
#5970=VECTOR('',#12936,1000.);
#5971=VECTOR('',#12937,1000.);
#5972=VECTOR('',#12938,1000.);
#5973=VECTOR('',#12939,1000.);
#5974=VECTOR('',#12940,1000.);
#5975=VECTOR('',#12941,1000.);
#5976=VECTOR('',#12942,1000.);
#5977=VECTOR('',#12943,1000.);
#5978=VECTOR('',#12944,1000.);
#5979=VECTOR('',#12945,1000.);
#5980=VECTOR('',#12946,1000.);
#5981=VECTOR('',#12947,1000.);
#5982=VECTOR('',#12948,1000.);
#5983=VECTOR('',#12949,1000.);
#5984=VECTOR('',#12950,1000.);
#5985=VECTOR('',#12951,1000.);
#5986=VECTOR('',#12952,1000.);
#5987=VECTOR('',#12953,1000.);
#5988=VECTOR('',#12954,1000.);
#5989=VECTOR('',#12955,1000.);
#5990=VECTOR('',#12956,1000.);
#5991=VECTOR('',#12957,1000.);
#5992=VECTOR('',#12958,1000.);
#5993=VECTOR('',#12959,1000.);
#5994=VECTOR('',#12960,1000.);
#5995=VECTOR('',#12961,1000.);
#5996=VECTOR('',#12962,1000.);
#5997=VECTOR('',#12963,1000.);
#5998=VECTOR('',#12964,1000.);
#5999=VECTOR('',#12965,1000.);
#6000=VECTOR('',#12966,1000.);
#6001=VECTOR('',#12967,1000.);
#6002=VECTOR('',#12968,1000.);
#6003=VECTOR('',#12969,1000.);
#6004=VECTOR('',#12970,1000.);
#6005=VECTOR('',#12971,1000.);
#6006=VECTOR('',#12972,1000.);
#6007=VECTOR('',#12973,1000.);
#6008=VECTOR('',#12976,1000.);
#6009=VECTOR('',#12977,1000.);
#6010=VECTOR('',#12978,1000.);
#6011=VECTOR('',#12981,1000.);
#6012=VECTOR('',#12982,1000.);
#6013=VECTOR('',#12985,1000.);
#6014=VECTOR('',#12986,1000.);
#6015=VECTOR('',#12989,1000.);
#6016=VECTOR('',#13002,1000.);
#6017=VECTOR('',#13003,1000.);
#6018=VECTOR('',#13004,1000.);
#6019=VECTOR('',#13005,1000.);
#6020=VECTOR('',#13008,1000.);
#6021=VECTOR('',#13009,1000.);
#6022=VECTOR('',#13012,1000.);
#6023=VECTOR('',#13017,1000.);
#6024=VECTOR('',#13018,1000.);
#6025=VECTOR('',#13019,1000.);
#6026=VECTOR('',#13020,1000.);
#6027=VECTOR('',#13021,1000.);
#6028=VECTOR('',#13022,1000.);
#6029=VECTOR('',#13025,1000.);
#6030=VECTOR('',#13026,1000.);
#6031=VECTOR('',#13029,1000.);
#6032=VECTOR('',#13032,1000.);
#6033=VECTOR('',#13035,1000.);
#6034=VECTOR('',#13038,1000.);
#6035=VECTOR('',#13039,1000.);
#6036=VECTOR('',#13042,1000.);
#6037=VECTOR('',#13045,1000.);
#6038=VECTOR('',#13046,1000.);
#6039=VECTOR('',#13047,1000.);
#6040=VECTOR('',#13048,1000.);
#6041=VECTOR('',#13049,1000.);
#6042=VECTOR('',#13050,1000.);
#6043=VECTOR('',#13051,1000.);
#6044=VECTOR('',#13052,1000.);
#6045=VECTOR('',#13053,1000.);
#6046=VECTOR('',#13054,1000.);
#6047=VECTOR('',#13057,1000.);
#6048=VECTOR('',#13058,1000.);
#6049=VECTOR('',#13061,1000.);
#6050=VECTOR('',#13064,1000.);
#6051=VECTOR('',#13067,1000.);
#6052=VECTOR('',#13070,1000.);
#6053=VECTOR('',#13073,1000.);
#6054=VECTOR('',#13076,1000.);
#6055=VECTOR('',#13079,1000.);
#6056=VECTOR('',#13082,1000.);
#6057=VECTOR('',#13087,1000.);
#6058=VECTOR('',#13088,1000.);
#6059=VECTOR('',#13089,1000.);
#6060=VECTOR('',#13090,1000.);
#6061=VECTOR('',#13091,1000.);
#6062=VECTOR('',#13094,1000.);
#6063=VECTOR('',#13095,1000.);
#6064=VECTOR('',#13098,1000.);
#6065=VECTOR('',#13101,1000.);
#6066=VECTOR('',#13104,1000.);
#6067=VECTOR('',#13105,1000.);
#6068=VECTOR('',#13106,1000.);
#6069=VECTOR('',#13111,1000.);
#6070=VECTOR('',#13112,1000.);
#6071=VECTOR('',#13113,1000.);
#6072=VECTOR('',#13114,1000.);
#6073=VECTOR('',#13115,1000.);
#6074=VECTOR('',#13116,1000.);
#6075=VECTOR('',#13117,1000.);
#6076=VECTOR('',#13118,1000.);
#6077=VECTOR('',#13119,1000.);
#6078=VECTOR('',#13120,1000.);
#6079=VECTOR('',#13121,1000.);
#6080=VECTOR('',#13122,1000.);
#6081=VECTOR('',#13125,1000.);
#6082=VECTOR('',#13126,1000.);
#6083=VECTOR('',#13129,1000.);
#6084=VECTOR('',#13132,1000.);
#6085=VECTOR('',#13135,1000.);
#6086=VECTOR('',#13138,1000.);
#6087=VECTOR('',#13141,1000.);
#6088=VECTOR('',#13144,1000.);
#6089=VECTOR('',#13147,1000.);
#6090=VECTOR('',#13150,1000.);
#6091=VECTOR('',#13153,1000.);
#6092=VECTOR('',#13156,1000.);
#6093=VECTOR('',#13161,1000.);
#6094=VECTOR('',#13162,1000.);
#6095=VECTOR('',#13163,1000.);
#6096=VECTOR('',#13164,1000.);
#6097=VECTOR('',#13165,1000.);
#6098=VECTOR('',#13166,1000.);
#6099=VECTOR('',#13167,1000.);
#6100=VECTOR('',#13168,1000.);
#6101=VECTOR('',#13169,1000.);
#6102=VECTOR('',#13170,1000.);
#6103=VECTOR('',#13173,1000.);
#6104=VECTOR('',#13174,1000.);
#6105=VECTOR('',#13177,1000.);
#6106=VECTOR('',#13180,1000.);
#6107=VECTOR('',#13183,1000.);
#6108=VECTOR('',#13186,1000.);
#6109=VECTOR('',#13189,1000.);
#6110=VECTOR('',#13192,1000.);
#6111=VECTOR('',#13195,1000.);
#6112=VECTOR('',#13198,1000.);
#6113=VECTOR('',#13203,1000.);
#6114=VECTOR('',#13204,1000.);
#6115=VECTOR('',#13205,1000.);
#6116=VECTOR('',#13206,1000.);
#6117=VECTOR('',#13207,1000.);
#6118=VECTOR('',#13208,1000.);
#6119=VECTOR('',#13211,1000.);
#6120=VECTOR('',#13212,1000.);
#6121=VECTOR('',#13215,1000.);
#6122=VECTOR('',#13218,1000.);
#6123=VECTOR('',#13221,1000.);
#6124=VECTOR('',#13224,1000.);
#6125=VECTOR('',#13225,1000.);
#6126=VECTOR('',#13228,1000.);
#6127=VECTOR('',#13231,1000.);
#6128=VECTOR('',#13232,1000.);
#6129=VECTOR('',#13233,1000.);
#6130=VECTOR('',#13234,1000.);
#6131=VECTOR('',#13237,1000.);
#6132=VECTOR('',#13238,1000.);
#6133=VECTOR('',#13241,1000.);
#6134=VECTOR('',#13244,1000.);
#6135=VECTOR('',#13249,1000.);
#6136=VECTOR('',#13250,1000.);
#6137=VECTOR('',#13251,1000.);
#6138=VECTOR('',#13252,1000.);
#6139=VECTOR('',#13253,1000.);
#6140=VECTOR('',#13254,1000.);
#6141=VECTOR('',#13255,1000.);
#6142=VECTOR('',#13256,1000.);
#6143=VECTOR('',#13259,1000.);
#6144=VECTOR('',#13260,1000.);
#6145=VECTOR('',#13263,1000.);
#6146=VECTOR('',#13266,1000.);
#6147=VECTOR('',#13269,1000.);
#6148=VECTOR('',#13272,1000.);
#6149=VECTOR('',#13275,1000.);
#6150=VECTOR('',#13278,1000.);
#6151=VECTOR('',#13287,1000.);
#6152=VECTOR('',#13288,1000.);
#6153=VECTOR('',#13289,1000.);
#6154=VECTOR('',#13290,1000.);
#6155=VECTOR('',#13291,1000.);
#6156=VECTOR('',#13294,1000.);
#6157=VECTOR('',#13295,1000.);
#6158=VECTOR('',#13298,1000.);
#6159=VECTOR('',#13301,1000.);
#6160=VECTOR('',#13304,1000.);
#6161=VECTOR('',#13305,1000.);
#6162=VECTOR('',#13306,1000.);
#6163=VECTOR('',#13311,1000.);
#6164=VECTOR('',#13312,1000.);
#6165=VECTOR('',#13313,1000.);
#6166=VECTOR('',#13314,1000.);
#6167=VECTOR('',#13315,1000.);
#6168=VECTOR('',#13316,1000.);
#6169=VECTOR('',#13317,1000.);
#6170=VECTOR('',#13318,1000.);
#6171=VECTOR('',#13319,1000.);
#6172=VECTOR('',#13320,1000.);
#6173=VECTOR('',#13321,1000.);
#6174=VECTOR('',#13322,1000.);
#6175=VECTOR('',#13325,1000.);
#6176=VECTOR('',#13326,1000.);
#6177=VECTOR('',#13329,1000.);
#6178=VECTOR('',#13332,1000.);
#6179=VECTOR('',#13335,1000.);
#6180=VECTOR('',#13338,1000.);
#6181=VECTOR('',#13341,1000.);
#6182=VECTOR('',#13344,1000.);
#6183=VECTOR('',#13347,1000.);
#6184=VECTOR('',#13350,1000.);
#6185=VECTOR('',#13353,1000.);
#6186=VECTOR('',#13356,1000.);
#6187=VECTOR('',#13361,1000.);
#6188=VECTOR('',#13362,1000.);
#6189=VECTOR('',#13365,1000.);
#6190=VECTOR('',#13366,1000.);
#6191=VECTOR('',#13367,1000.);
#6192=VECTOR('',#13370,1000.);
#6193=VECTOR('',#13373,1000.);
#6194=VECTOR('',#13374,1000.);
#6195=VECTOR('',#13377,1000.);
#6196=VECTOR('',#13378,1000.);
#6197=VECTOR('',#13381,1000.);
#6198=VECTOR('',#13382,1000.);
#6199=VECTOR('',#13383,1000.);
#6200=VECTOR('',#13388,1000.);
#6201=VECTOR('',#13389,1000.);
#6202=VECTOR('',#13390,1000.);
#6203=VECTOR('',#13391,1000.);
#6204=VECTOR('',#13394,1000.);
#6205=VECTOR('',#13395,1000.);
#6206=VECTOR('',#13398,1000.);
#6207=VECTOR('',#13401,1000.);
#6208=VECTOR('',#13406,1000.);
#6209=VECTOR('',#13407,1000.);
#6210=VECTOR('',#13408,1000.);
#6211=VECTOR('',#13409,1000.);
#6212=VECTOR('',#13412,1000.);
#6213=VECTOR('',#13413,1000.);
#6214=VECTOR('',#13416,1000.);
#6215=VECTOR('',#13419,1000.);
#6216=VECTOR('',#13424,1000.);
#6217=VECTOR('',#13425,1000.);
#6218=VECTOR('',#13426,1000.);
#6219=VECTOR('',#13427,1000.);
#6220=VECTOR('',#13428,1000.);
#6221=VECTOR('',#13429,1000.);
#6222=VECTOR('',#13430,1000.);
#6223=VECTOR('',#13431,1000.);
#6224=VECTOR('',#13432,1000.);
#6225=VECTOR('',#13433,1000.);
#6226=VECTOR('',#13436,1000.);
#6227=VECTOR('',#13437,1000.);
#6228=VECTOR('',#13440,1000.);
#6229=VECTOR('',#13443,1000.);
#6230=VECTOR('',#13446,1000.);
#6231=VECTOR('',#13449,1000.);
#6232=VECTOR('',#13452,1000.);
#6233=VECTOR('',#13455,1000.);
#6234=VECTOR('',#13458,1000.);
#6235=VECTOR('',#13461,1000.);
#6236=VECTOR('',#13474,1000.);
#6237=VECTOR('',#13475,1000.);
#6238=VECTOR('',#13478,1000.);
#6239=VECTOR('',#13479,1000.);
#6240=VECTOR('',#13480,1000.);
#6241=VECTOR('',#13481,1000.);
#6242=VECTOR('',#13484,1000.);
#6243=VECTOR('',#13485,1000.);
#6244=VECTOR('',#13488,1000.);
#6245=VECTOR('',#13491,1000.);
#6246=VECTOR('',#13494,1000.);
#6247=VECTOR('',#13495,1000.);
#6248=VECTOR('',#13496,1000.);
#6249=VECTOR('',#13501,1000.);
#6250=VECTOR('',#13502,1000.);
#6251=VECTOR('',#13503,1000.);
#6252=VECTOR('',#13504,1000.);
#6253=VECTOR('',#13505,1000.);
#6254=VECTOR('',#13506,1000.);
#6255=VECTOR('',#13507,1000.);
#6256=VECTOR('',#13510,1000.);
#6257=VECTOR('',#13511,1000.);
#6258=VECTOR('',#13514,1000.);
#6259=VECTOR('',#13517,1000.);
#6260=VECTOR('',#13520,1000.);
#6261=VECTOR('',#13523,1000.);
#6262=VECTOR('',#13524,1000.);
#6263=VECTOR('',#13525,1000.);
#6264=VECTOR('',#13528,1000.);
#6265=VECTOR('',#13533,1000.);
#6266=VECTOR('',#13534,1000.);
#6267=VECTOR('',#13537,1000.);
#6268=VECTOR('',#13538,1000.);
#6269=VECTOR('',#13541,1000.);
#6270=VECTOR('',#13542,1000.);
#6271=VECTOR('',#13543,1000.);
#6272=VECTOR('',#13548,1000.);
#6273=VECTOR('',#13549,1000.);
#6274=VECTOR('',#13550,1000.);
#6275=VECTOR('',#13551,1000.);
#6276=VECTOR('',#13552,1000.);
#6277=VECTOR('',#13553,1000.);
#6278=VECTOR('',#13554,1000.);
#6279=VECTOR('',#13555,1000.);
#6280=VECTOR('',#13556,1000.);
#6281=VECTOR('',#13557,1000.);
#6282=VECTOR('',#13558,1000.);
#6283=VECTOR('',#13559,1000.);
#6284=VECTOR('',#13562,1000.);
#6285=VECTOR('',#13563,1000.);
#6286=VECTOR('',#13566,1000.);
#6287=VECTOR('',#13569,1000.);
#6288=VECTOR('',#13572,1000.);
#6289=VECTOR('',#13575,1000.);
#6290=VECTOR('',#13578,1000.);
#6291=VECTOR('',#13581,1000.);
#6292=VECTOR('',#13584,1000.);
#6293=VECTOR('',#13587,1000.);
#6294=VECTOR('',#13590,1000.);
#6295=VECTOR('',#13593,1000.);
#6296=VECTOR('',#13598,1000.);
#6297=VECTOR('',#13599,1000.);
#6298=VECTOR('',#13600,1000.);
#6299=VECTOR('',#13601,1000.);
#6300=VECTOR('',#13602,1000.);
#6301=VECTOR('',#13603,1000.);
#6302=VECTOR('',#13606,1000.);
#6303=VECTOR('',#13607,1000.);
#6304=VECTOR('',#13610,1000.);
#6305=VECTOR('',#13613,1000.);
#6306=VECTOR('',#13616,1000.);
#6307=VECTOR('',#13619,1000.);
#6308=VECTOR('',#13624,1000.);
#6309=VECTOR('',#13625,1000.);
#6310=VECTOR('',#13626,1000.);
#6311=VECTOR('',#13627,1000.);
#6312=VECTOR('',#13630,1000.);
#6313=VECTOR('',#13631,1000.);
#6314=VECTOR('',#13634,1000.);
#6315=VECTOR('',#13637,1000.);
#6316=VECTOR('',#13648,1000.);
#6317=VECTOR('',#13649,1000.);
#6318=VECTOR('',#13650,1000.);
#6319=VECTOR('',#13651,1000.);
#6320=VECTOR('',#13654,1000.);
#6321=VECTOR('',#13655,1000.);
#6322=VECTOR('',#13656,1000.);
#6323=VECTOR('',#13659,1000.);
#6324=VECTOR('',#13660,1000.);
#6325=VECTOR('',#13661,1000.);
#6326=VECTOR('',#13664,1000.);
#6327=VECTOR('',#13665,1000.);
#6328=VECTOR('',#13666,1000.);
#6329=VECTOR('',#13667,1000.);
#6330=VECTOR('',#13670,1000.);
#6331=VECTOR('',#13671,1000.);
#6332=VECTOR('',#13672,1000.);
#6333=VECTOR('',#13675,1000.);
#6334=VECTOR('',#13676,1000.);
#6335=VECTOR('',#13677,1000.);
#6336=VECTOR('',#13680,1000.);
#6337=VECTOR('',#13681,1000.);
#6338=VECTOR('',#13682,1000.);
#6339=VECTOR('',#13685,1000.);
#6340=VECTOR('',#13686,1000.);
#6341=VECTOR('',#13687,1000.);
#6342=VECTOR('',#13690,1000.);
#6343=VECTOR('',#13691,1000.);
#6344=VECTOR('',#13692,1000.);
#6345=VECTOR('',#13695,1000.);
#6346=VECTOR('',#13696,1000.);
#6347=VECTOR('',#13697,1000.);
#6348=VECTOR('',#13700,1000.);
#6349=VECTOR('',#13701,1000.);
#6350=VECTOR('',#13702,1000.);
#6351=VECTOR('',#13705,1000.);
#6352=VECTOR('',#13706,1000.);
#6353=VECTOR('',#13707,1000.);
#6354=VECTOR('',#13710,1000.);
#6355=VECTOR('',#13711,1000.);
#6356=VECTOR('',#13712,1000.);
#6357=VECTOR('',#13715,1000.);
#6358=VECTOR('',#13716,1000.);
#6359=VECTOR('',#13717,1000.);
#6360=VECTOR('',#13720,1000.);
#6361=VECTOR('',#13721,1000.);
#6362=VECTOR('',#13722,1000.);
#6363=VECTOR('',#13725,1000.);
#6364=VECTOR('',#13726,1000.);
#6365=VECTOR('',#13727,1000.);
#6366=VECTOR('',#13730,1000.);
#6367=VECTOR('',#13731,1000.);
#6368=VECTOR('',#13732,1000.);
#6369=VECTOR('',#13733,1000.);
#6370=VECTOR('',#13736,1000.);
#6371=VECTOR('',#13737,1000.);
#6372=VECTOR('',#13738,1000.);
#6373=VECTOR('',#13741,1000.);
#6374=VECTOR('',#13742,1000.);
#6375=VECTOR('',#13743,1000.);
#6376=VECTOR('',#13746,1000.);
#6377=VECTOR('',#13747,1000.);
#6378=VECTOR('',#13750,1000.);
#6379=VECTOR('',#13751,1000.);
#6380=VECTOR('',#13754,1000.);
#6381=VECTOR('',#13755,1000.);
#6382=VECTOR('',#13764,1000.);
#6383=VECTOR('',#13765,1000.);
#6384=VECTOR('',#13766,1000.);
#6385=VECTOR('',#13767,1000.);
#6386=VECTOR('',#13770,1000.);
#6387=VECTOR('',#13771,1000.);
#6388=VECTOR('',#13772,1000.);
#6389=VECTOR('',#13775,1000.);
#6390=VECTOR('',#13776,1000.);
#6391=VECTOR('',#13777,1000.);
#6392=VECTOR('',#13780,1000.);
#6393=VECTOR('',#13781,1000.);
#6394=VECTOR('',#13784,1000.);
#6395=VECTOR('',#13785,1000.);
#6396=VECTOR('',#13786,1000.);
#6397=VECTOR('',#13787,1000.);
#6398=VECTOR('',#13790,1000.);
#6399=VECTOR('',#13791,1000.);
#6400=VECTOR('',#13792,1000.);
#6401=VECTOR('',#13793,1000.);
#6402=VECTOR('',#13796,1000.);
#6403=VECTOR('',#13797,1000.);
#6404=VECTOR('',#13800,1000.);
#6405=VECTOR('',#13803,1000.);
#6406=VECTOR('',#13806,1000.);
#6407=VECTOR('',#13807,1000.);
#6408=VECTOR('',#13810,1000.);
#6409=VECTOR('',#13813,1000.);
#6410=VECTOR('',#13828,1000.);
#6411=VECTOR('',#13829,1000.);
#6412=VECTOR('',#13830,1000.);
#6413=VECTOR('',#13831,1000.);
#6414=VECTOR('',#13832,1000.);
#6415=VECTOR('',#13833,1000.);
#6416=VECTOR('',#13834,1000.);
#6417=VECTOR('',#13835,1000.);
#6418=VECTOR('',#13838,1000.);
#6419=VECTOR('',#13839,1000.);
#6420=VECTOR('',#13840,1000.);
#6421=VECTOR('',#13841,1000.);
#6422=VECTOR('',#13842,1000.);
#6423=VECTOR('',#13843,1000.);
#6424=VECTOR('',#13844,1000.);
#6425=VECTOR('',#13845,1000.);
#6426=VECTOR('',#13848,1000.);
#6427=VECTOR('',#13849,1000.);
#6428=VECTOR('',#13852,1000.);
#6429=VECTOR('',#13855,1000.);
#6430=VECTOR('',#13858,1000.);
#6431=VECTOR('',#13861,1000.);
#6432=VECTOR('',#13864,1000.);
#6433=VECTOR('',#13865,1000.);
#6434=VECTOR('',#13870,1000.);
#6435=VECTOR('',#13871,1000.);
#6436=VECTOR('',#13872,1000.);
#6437=VECTOR('',#13875,1000.);
#6438=VECTOR('',#13878,1000.);
#6439=VECTOR('',#13881,1000.);
#6440=VECTOR('',#13884,1000.);
#6441=VECTOR('',#13885,1000.);
#6442=VECTOR('',#13898,1000.);
#6443=VECTOR('',#13899,1000.);
#6444=VECTOR('',#13900,1000.);
#6445=VECTOR('',#13901,1000.);
#6446=VECTOR('',#13902,1000.);
#6447=VECTOR('',#13903,1000.);
#6448=VECTOR('',#13904,1000.);
#6449=VECTOR('',#13905,1000.);
#6450=VECTOR('',#13908,1000.);
#6451=VECTOR('',#13909,1000.);
#6452=VECTOR('',#13910,1000.);
#6453=VECTOR('',#13911,1000.);
#6454=VECTOR('',#13912,1000.);
#6455=VECTOR('',#13913,1000.);
#6456=VECTOR('',#13914,1000.);
#6457=VECTOR('',#13915,1000.);
#6458=VECTOR('',#13918,1000.);
#6459=VECTOR('',#13919,1000.);
#6460=VECTOR('',#13922,1000.);
#6461=VECTOR('',#13925,1000.);
#6462=VECTOR('',#13928,1000.);
#6463=VECTOR('',#13931,1000.);
#6464=VECTOR('',#13934,1000.);
#6465=VECTOR('',#13935,1000.);
#6466=VECTOR('',#13944,1000.);
#6467=VECTOR('',#13947,1000.);
#6468=VECTOR('',#13950,1000.);
#6469=VECTOR('',#13953,1000.);
#6470=VECTOR('',#13958,1000.);
#6471=VECTOR('',#13961,1000.);
#6472=VECTOR('',#13964,1000.);
#6473=VECTOR('',#13967,1000.);
#6474=VECTOR('',#13972,1000.);
#6475=VECTOR('',#13975,1000.);
#6476=VECTOR('',#13990,1000.);
#6477=VECTOR('',#13991,1000.);
#6478=VECTOR('',#13996,1000.);
#6479=VECTOR('',#13997,1000.);
#6480=VECTOR('',#14002,1000.);
#6481=VECTOR('',#14003,1000.);
#6482=VECTOR('',#14006,1000.);
#6483=VECTOR('',#14007,1000.);
#6484=VECTOR('',#14022,1000.);
#6485=VECTOR('',#14023,1000.);
#6486=VECTOR('',#14026,1000.);
#6487=VECTOR('',#14027,1000.);
#6488=VECTOR('',#14030,1000.);
#6489=VECTOR('',#14031,1000.);
#6490=VECTOR('',#14046,1000.);
#6491=VECTOR('',#14049,1000.);
#6492=VECTOR('',#14066,1000.);
#6493=VECTOR('',#14067,1000.);
#6494=VECTOR('',#14072,1000.);
#6495=VECTOR('',#14073,1000.);
#6496=VECTOR('',#14078,1000.);
#6497=VECTOR('',#14079,1000.);
#6498=VECTOR('',#14084,1000.);
#6499=VECTOR('',#14085,1000.);
#6500=VECTOR('',#14102,1000.);
#6501=VECTOR('',#14103,1000.);
#6502=VECTOR('',#14106,1000.);
#6503=VECTOR('',#14107,1000.);
#6504=VECTOR('',#14112,1000.);
#6505=VECTOR('',#14113,1000.);
#6506=VECTOR('',#14116,1000.);
#6507=VECTOR('',#14119,1000.);
#6508=VECTOR('',#14122,1000.);
#6509=VECTOR('',#14125,1000.);
#6510=VECTOR('',#14128,1000.);
#6511=VECTOR('',#14131,1000.);
#6512=VECTOR('',#14134,1000.);
#6513=VECTOR('',#14137,1000.);
#6514=VECTOR('',#14144,1000.);
#6515=VECTOR('',#14145,1000.);
#6516=VECTOR('',#14148,1000.);
#6517=VECTOR('',#14151,1000.);
#6518=VECTOR('',#14154,1000.);
#6519=VECTOR('',#14157,1000.);
#6520=VECTOR('',#14160,1000.);
#6521=VECTOR('',#14163,1000.);
#6522=VECTOR('',#14170,1000.);
#6523=VECTOR('',#14173,1000.);
#6524=VECTOR('',#14176,1000.);
#6525=VECTOR('',#14179,1000.);
#6526=VECTOR('',#14184,1000.);
#6527=VECTOR('',#14187,1000.);
#6528=VECTOR('',#14190,1000.);
#6529=VECTOR('',#14193,1000.);
#6530=VECTOR('',#14198,1000.);
#6531=VECTOR('',#14201,1000.);
#6532=VECTOR('',#14216,1000.);
#6533=VECTOR('',#14217,1000.);
#6534=VECTOR('',#14222,1000.);
#6535=VECTOR('',#14223,1000.);
#6536=VECTOR('',#14228,1000.);
#6537=VECTOR('',#14229,1000.);
#6538=VECTOR('',#14232,1000.);
#6539=VECTOR('',#14233,1000.);
#6540=VECTOR('',#14248,1000.);
#6541=VECTOR('',#14249,1000.);
#6542=VECTOR('',#14252,1000.);
#6543=VECTOR('',#14253,1000.);
#6544=VECTOR('',#14256,1000.);
#6545=VECTOR('',#14257,1000.);
#6546=VECTOR('',#14272,1000.);
#6547=VECTOR('',#14275,1000.);
#6548=VECTOR('',#14292,1000.);
#6549=VECTOR('',#14293,1000.);
#6550=VECTOR('',#14298,1000.);
#6551=VECTOR('',#14299,1000.);
#6552=VECTOR('',#14304,1000.);
#6553=VECTOR('',#14305,1000.);
#6554=VECTOR('',#14310,1000.);
#6555=VECTOR('',#14311,1000.);
#6556=VECTOR('',#14328,1000.);
#6557=VECTOR('',#14329,1000.);
#6558=VECTOR('',#14332,1000.);
#6559=VECTOR('',#14333,1000.);
#6560=VECTOR('',#14338,1000.);
#6561=VECTOR('',#14339,1000.);
#6562=VECTOR('',#14342,1000.);
#6563=VECTOR('',#14345,1000.);
#6564=VECTOR('',#14348,1000.);
#6565=VECTOR('',#14351,1000.);
#6566=VECTOR('',#14354,1000.);
#6567=VECTOR('',#14357,1000.);
#6568=VECTOR('',#14360,1000.);
#6569=VECTOR('',#14363,1000.);
#6570=VECTOR('',#14370,1000.);
#6571=VECTOR('',#14371,1000.);
#6572=VECTOR('',#14374,1000.);
#6573=VECTOR('',#14377,1000.);
#6574=VECTOR('',#14380,1000.);
#6575=VECTOR('',#14383,1000.);
#6576=VECTOR('',#14386,1000.);
#6577=VECTOR('',#14389,1000.);
#6578=VECTOR('',#14396,1000.);
#6579=VECTOR('',#14399,1000.);
#6580=VECTOR('',#14402,1000.);
#6581=VECTOR('',#14405,1000.);
#6582=VECTOR('',#14410,1000.);
#6583=VECTOR('',#14413,1000.);
#6584=VECTOR('',#14416,1000.);
#6585=VECTOR('',#14419,1000.);
#6586=VECTOR('',#14424,1000.);
#6587=VECTOR('',#14427,1000.);
#6588=VECTOR('',#14442,1000.);
#6589=VECTOR('',#14443,1000.);
#6590=VECTOR('',#14448,1000.);
#6591=VECTOR('',#14449,1000.);
#6592=VECTOR('',#14454,1000.);
#6593=VECTOR('',#14455,1000.);
#6594=VECTOR('',#14458,1000.);
#6595=VECTOR('',#14459,1000.);
#6596=VECTOR('',#14474,1000.);
#6597=VECTOR('',#14475,1000.);
#6598=VECTOR('',#14478,1000.);
#6599=VECTOR('',#14479,1000.);
#6600=VECTOR('',#14482,1000.);
#6601=VECTOR('',#14483,1000.);
#6602=VECTOR('',#14498,1000.);
#6603=VECTOR('',#14501,1000.);
#6604=VECTOR('',#14518,1000.);
#6605=VECTOR('',#14519,1000.);
#6606=VECTOR('',#14524,1000.);
#6607=VECTOR('',#14525,1000.);
#6608=VECTOR('',#14530,1000.);
#6609=VECTOR('',#14531,1000.);
#6610=VECTOR('',#14536,1000.);
#6611=VECTOR('',#14537,1000.);
#6612=VECTOR('',#14554,1000.);
#6613=VECTOR('',#14555,1000.);
#6614=VECTOR('',#14558,1000.);
#6615=VECTOR('',#14559,1000.);
#6616=VECTOR('',#14564,1000.);
#6617=VECTOR('',#14565,1000.);
#6618=VECTOR('',#14568,1000.);
#6619=VECTOR('',#14571,1000.);
#6620=VECTOR('',#14574,1000.);
#6621=VECTOR('',#14577,1000.);
#6622=VECTOR('',#14580,1000.);
#6623=VECTOR('',#14583,1000.);
#6624=VECTOR('',#14586,1000.);
#6625=VECTOR('',#14589,1000.);
#6626=VECTOR('',#14596,1000.);
#6627=VECTOR('',#14597,1000.);
#6628=VECTOR('',#14600,1000.);
#6629=VECTOR('',#14603,1000.);
#6630=VECTOR('',#14606,1000.);
#6631=VECTOR('',#14609,1000.);
#6632=VECTOR('',#14612,1000.);
#6633=VECTOR('',#14615,1000.);
#6634=VECTOR('',#14622,1000.);
#6635=VECTOR('',#14625,1000.);
#6636=VECTOR('',#14628,1000.);
#6637=VECTOR('',#14631,1000.);
#6638=VECTOR('',#14636,1000.);
#6639=VECTOR('',#14639,1000.);
#6640=VECTOR('',#14642,1000.);
#6641=VECTOR('',#14645,1000.);
#6642=VECTOR('',#14650,1000.);
#6643=VECTOR('',#14653,1000.);
#6644=VECTOR('',#14668,1000.);
#6645=VECTOR('',#14669,1000.);
#6646=VECTOR('',#14674,1000.);
#6647=VECTOR('',#14675,1000.);
#6648=VECTOR('',#14680,1000.);
#6649=VECTOR('',#14681,1000.);
#6650=VECTOR('',#14684,1000.);
#6651=VECTOR('',#14685,1000.);
#6652=VECTOR('',#14700,1000.);
#6653=VECTOR('',#14701,1000.);
#6654=VECTOR('',#14704,1000.);
#6655=VECTOR('',#14705,1000.);
#6656=VECTOR('',#14708,1000.);
#6657=VECTOR('',#14709,1000.);
#6658=VECTOR('',#14724,1000.);
#6659=VECTOR('',#14727,1000.);
#6660=VECTOR('',#14744,1000.);
#6661=VECTOR('',#14745,1000.);
#6662=VECTOR('',#14750,1000.);
#6663=VECTOR('',#14751,1000.);
#6664=VECTOR('',#14756,1000.);
#6665=VECTOR('',#14757,1000.);
#6666=VECTOR('',#14762,1000.);
#6667=VECTOR('',#14763,1000.);
#6668=VECTOR('',#14780,1000.);
#6669=VECTOR('',#14781,1000.);
#6670=VECTOR('',#14784,1000.);
#6671=VECTOR('',#14785,1000.);
#6672=VECTOR('',#14790,1000.);
#6673=VECTOR('',#14791,1000.);
#6674=VECTOR('',#14794,1000.);
#6675=VECTOR('',#14797,1000.);
#6676=VECTOR('',#14800,1000.);
#6677=VECTOR('',#14803,1000.);
#6678=VECTOR('',#14806,1000.);
#6679=VECTOR('',#14809,1000.);
#6680=VECTOR('',#14812,1000.);
#6681=VECTOR('',#14815,1000.);
#6682=VECTOR('',#14822,1000.);
#6683=VECTOR('',#14823,1000.);
#6684=VECTOR('',#14826,1000.);
#6685=VECTOR('',#14829,1000.);
#6686=VECTOR('',#14832,1000.);
#6687=VECTOR('',#14835,1000.);
#6688=VECTOR('',#14838,1000.);
#6689=VECTOR('',#14841,1000.);
#6690=VECTOR('',#14848,1000.);
#6691=VECTOR('',#14849,1000.);
#6692=VECTOR('',#14850,1000.);
#6693=VECTOR('',#14851,1000.);
#6694=VECTOR('',#14854,1000.);
#6695=VECTOR('',#14855,1000.);
#6696=VECTOR('',#14856,1000.);
#6697=VECTOR('',#14857,1000.);
#6698=VECTOR('',#14858,1000.);
#6699=VECTOR('',#14859,1000.);
#6700=VECTOR('',#14860,1000.);
#6701=VECTOR('',#14863,1000.);
#6702=VECTOR('',#14864,1000.);
#6703=VECTOR('',#14867,1000.);
#6704=VECTOR('',#14868,1000.);
#6705=VECTOR('',#14869,1000.);
#6706=VECTOR('',#14870,1000.);
#6707=VECTOR('',#14871,1000.);
#6708=VECTOR('',#14872,1000.);
#6709=VECTOR('',#14873,1000.);
#6710=VECTOR('',#14874,1000.);
#6711=VECTOR('',#14875,1000.);
#6712=VECTOR('',#14876,1000.);
#6713=VECTOR('',#14877,1000.);
#6714=VECTOR('',#14878,1000.);
#6715=VECTOR('',#14879,1000.);
#6716=VECTOR('',#14880,1000.);
#6717=VECTOR('',#14883,1000.);
#6718=VECTOR('',#14886,1000.);
#6719=VECTOR('',#14887,1000.);
#6720=VECTOR('',#14888,1000.);
#6721=VECTOR('',#14889,1000.);
#6722=VECTOR('',#14892,1000.);
#6723=VECTOR('',#14893,1000.);
#6724=VECTOR('',#14896,1000.);
#6725=VECTOR('',#14897,1000.);
#6726=VECTOR('',#14898,1000.);
#6727=VECTOR('',#14899,1000.);
#6728=VECTOR('',#14900,1000.);
#6729=VECTOR('',#14903,1000.);
#6730=VECTOR('',#14908,1000.);
#6731=VECTOR('',#14909,1000.);
#6732=VECTOR('',#14910,1000.);
#6733=VECTOR('',#14913,1000.);
#6734=VECTOR('',#14914,1000.);
#6735=VECTOR('',#14915,1000.);
#6736=VECTOR('',#14916,1000.);
#6737=VECTOR('',#14919,1000.);
#6738=VECTOR('',#14920,1000.);
#6739=VECTOR('',#14921,1000.);
#6740=VECTOR('',#14924,1000.);
#6741=VECTOR('',#14925,1000.);
#6742=VECTOR('',#14926,1000.);
#6743=VECTOR('',#14933,1000.);
#6744=VECTOR('',#14936,1000.);
#6745=VECTOR('',#14937,1000.);
#6746=VECTOR('',#14938,1000.);
#6747=VECTOR('',#14943,1000.);
#6748=VECTOR('',#14948,1000.);
#6749=VECTOR('',#14949,1000.);
#6750=VECTOR('',#14952,1000.);
#6751=VECTOR('',#14961,1000.);
#6752=VECTOR('',#14966,1000.);
#6753=VECTOR('',#14969,1000.);
#6754=VECTOR('',#14974,1000.);
#6755=VECTOR('',#14975,1000.);
#6756=VECTOR('',#14976,1000.);
#6757=VECTOR('',#14979,1000.);
#6758=VECTOR('',#14980,1000.);
#6759=VECTOR('',#14981,1000.);
#6760=VECTOR('',#14982,1000.);
#6761=VECTOR('',#14985,1000.);
#6762=VECTOR('',#14986,1000.);
#6763=VECTOR('',#14987,1000.);
#6764=VECTOR('',#14990,1000.);
#6765=VECTOR('',#14991,1000.);
#6766=VECTOR('',#14992,1000.);
#6767=VECTOR('',#14999,1000.);
#6768=VECTOR('',#15002,1000.);
#6769=VECTOR('',#15003,1000.);
#6770=VECTOR('',#15004,1000.);
#6771=VECTOR('',#15009,1000.);
#6772=VECTOR('',#15014,1000.);
#6773=VECTOR('',#15015,1000.);
#6774=VECTOR('',#15018,1000.);
#6775=VECTOR('',#15027,1000.);
#6776=VECTOR('',#15032,1000.);
#6777=VECTOR('',#15035,1000.);
#6778=VECTOR('',#15040,1000.);
#6779=VECTOR('',#15041,1000.);
#6780=VECTOR('',#15042,1000.);
#6781=VECTOR('',#15045,1000.);
#6782=VECTOR('',#15046,1000.);
#6783=VECTOR('',#15047,1000.);
#6784=VECTOR('',#15048,1000.);
#6785=VECTOR('',#15051,1000.);
#6786=VECTOR('',#15052,1000.);
#6787=VECTOR('',#15053,1000.);
#6788=VECTOR('',#15056,1000.);
#6789=VECTOR('',#15057,1000.);
#6790=VECTOR('',#15058,1000.);
#6791=VECTOR('',#15065,1000.);
#6792=VECTOR('',#15068,1000.);
#6793=VECTOR('',#15069,1000.);
#6794=VECTOR('',#15070,1000.);
#6795=VECTOR('',#15075,1000.);
#6796=VECTOR('',#15080,1000.);
#6797=VECTOR('',#15081,1000.);
#6798=VECTOR('',#15084,1000.);
#6799=VECTOR('',#15093,1000.);
#6800=VECTOR('',#15098,1000.);
#6801=VECTOR('',#15101,1000.);
#6802=VECTOR('',#15106,1000.);
#6803=VECTOR('',#15107,1000.);
#6804=VECTOR('',#15108,1000.);
#6805=VECTOR('',#15109,1000.);
#6806=VECTOR('',#15112,1000.);
#6807=VECTOR('',#15123,1000.);
#6808=VECTOR('',#15126,1000.);
#6809=VECTOR('',#15127,1000.);
#6810=VECTOR('',#15130,1000.);
#6811=VECTOR('',#15131,1000.);
#6812=VECTOR('',#15132,1000.);
#6813=VECTOR('',#15135,1000.);
#6814=VECTOR('',#15136,1000.);
#6815=VECTOR('',#15137,1000.);
#6816=VECTOR('',#15140,1000.);
#6817=VECTOR('',#15141,1000.);
#6818=VECTOR('',#15142,1000.);
#6819=VECTOR('',#15145,1000.);
#6820=VECTOR('',#15146,1000.);
#6821=VECTOR('',#15147,1000.);
#6822=VECTOR('',#15152,1000.);
#6823=VECTOR('',#15157,1000.);
#6824=VECTOR('',#15164,1000.);
#6825=VECTOR('',#15167,1000.);
#6826=EDGE_LOOP('',(#509,#510,#511,#512));
#6827=EDGE_LOOP('',(#513,#514,#515,#516,#517,#518));
#6828=EDGE_LOOP('',(#519,#520,#521,#522,#523,#524,#525,#526,#527,#528,#529,
#530));
#6829=EDGE_LOOP('',(#531,#532));
#6830=EDGE_LOOP('',(#533,#534,#535,#536,#537,#538,#539,#540,#541));
#6831=EDGE_LOOP('',(#542,#543,#544,#545));
#6832=EDGE_LOOP('',(#546,#547));
#6833=EDGE_LOOP('',(#548));
#6834=EDGE_LOOP('',(#549));
#6835=EDGE_LOOP('',(#550));
#6836=EDGE_LOOP('',(#551));
#6837=EDGE_LOOP('',(#552,#553,#554,#555,#556,#557,#558,#559));
#6838=EDGE_LOOP('',(#560,#561,#562,#563));
#6839=EDGE_LOOP('',(#564,#565,#566,#567,#568,#569,#570,#571));
#6840=EDGE_LOOP('',(#572,#573,#574,#575,#576,#577,#578,#579,#580,#581));
#6841=EDGE_LOOP('',(#582,#583,#584,#585,#586,#587,#588,#589,#590,#591,#592,
#593));
#6842=EDGE_LOOP('',(#594,#595,#596,#597,#598,#599,#600));
#6843=EDGE_LOOP('',(#601,#602,#603,#604,#605,#606,#607,#608,#609,#610));
#6844=EDGE_LOOP('',(#611,#612,#613,#614,#615,#616,#617,#618));
#6845=EDGE_LOOP('',(#619,#620));
#6846=EDGE_LOOP('',(#621,#622,#623,#624));
#6847=EDGE_LOOP('',(#625));
#6848=EDGE_LOOP('',(#626,#627,#628,#629,#630,#631,#632));
#6849=EDGE_LOOP('',(#633,#634,#635,#636,#637,#638,#639,#640,#641,#642,#643,
#644));
#6850=EDGE_LOOP('',(#645,#646,#647,#648));
#6851=EDGE_LOOP('',(#649,#650));
#6852=EDGE_LOOP('',(#651,#652,#653,#654));
#6853=EDGE_LOOP('',(#655,#656,#657,#658));
#6854=EDGE_LOOP('',(#659,#660,#661,#662,#663,#664,#665,#666,#667,#668));
#6855=EDGE_LOOP('',(#669,#670,#671,#672));
#6856=EDGE_LOOP('',(#673,#674,#675,#676));
#6857=EDGE_LOOP('',(#677,#678,#679,#680));
#6858=EDGE_LOOP('',(#681,#682,#683,#684));
#6859=EDGE_LOOP('',(#685));
#6860=EDGE_LOOP('',(#686));
#6861=EDGE_LOOP('',(#687));
#6862=EDGE_LOOP('',(#688));
#6863=EDGE_LOOP('',(#689,#690,#691,#692));
#6864=EDGE_LOOP('',(#693,#694));
#6865=EDGE_LOOP('',(#695,#696));
#6866=EDGE_LOOP('',(#697,#698,#699,#700));
#6867=EDGE_LOOP('',(#701,#702,#703,#704));
#6868=EDGE_LOOP('',(#705,#706,#707,#708));
#6869=EDGE_LOOP('',(#709,#710,#711,#712));
#6870=EDGE_LOOP('',(#713,#714));
#6871=EDGE_LOOP('',(#715,#716,#717,#718,#719,#720,#721,#722));
#6872=EDGE_LOOP('',(#723,#724,#725,#726));
#6873=EDGE_LOOP('',(#727,#728,#729,#730));
#6874=EDGE_LOOP('',(#731,#732,#733,#734));
#6875=EDGE_LOOP('',(#735,#736,#737,#738));
#6876=EDGE_LOOP('',(#739,#740,#741,#742));
#6877=EDGE_LOOP('',(#743,#744,#745,#746));
#6878=EDGE_LOOP('',(#747,#748,#749,#750));
#6879=EDGE_LOOP('',(#751,#752,#753,#754));
#6880=EDGE_LOOP('',(#755,#756,#757,#758,#759,#760,#761,#762,#763,#764));
#6881=EDGE_LOOP('',(#765,#766,#767,#768));
#6882=EDGE_LOOP('',(#769,#770,#771,#772));
#6883=EDGE_LOOP('',(#773,#774,#775,#776));
#6884=EDGE_LOOP('',(#777,#778,#779,#780));
#6885=EDGE_LOOP('',(#781,#782,#783,#784));
#6886=EDGE_LOOP('',(#785,#786,#787,#788));
#6887=EDGE_LOOP('',(#789,#790,#791,#792));
#6888=EDGE_LOOP('',(#793,#794,#795,#796));
#6889=EDGE_LOOP('',(#797,#798,#799,#800));
#6890=EDGE_LOOP('',(#801,#802,#803,#804));
#6891=EDGE_LOOP('',(#805,#806,#807,#808,#809,#810,#811));
#6892=EDGE_LOOP('',(#812,#813,#814,#815));
#6893=EDGE_LOOP('',(#816,#817,#818,#819));
#6894=EDGE_LOOP('',(#820,#821,#822,#823));
#6895=EDGE_LOOP('',(#824,#825,#826,#827));
#6896=EDGE_LOOP('',(#828,#829,#830,#831));
#6897=EDGE_LOOP('',(#832,#833,#834,#835));
#6898=EDGE_LOOP('',(#836,#837,#838,#839));
#6899=EDGE_LOOP('',(#840,#841,#842,#843,#844,#845,#846,#847,#848,#849,#850,
#851));
#6900=EDGE_LOOP('',(#852,#853,#854,#855));
#6901=EDGE_LOOP('',(#856,#857,#858,#859));
#6902=EDGE_LOOP('',(#860,#861,#862,#863));
#6903=EDGE_LOOP('',(#864,#865,#866,#867));
#6904=EDGE_LOOP('',(#868,#869,#870,#871));
#6905=EDGE_LOOP('',(#872,#873,#874,#875));
#6906=EDGE_LOOP('',(#876,#877,#878,#879));
#6907=EDGE_LOOP('',(#880,#881,#882,#883));
#6908=EDGE_LOOP('',(#884,#885,#886,#887));
#6909=EDGE_LOOP('',(#888,#889,#890,#891));
#6910=EDGE_LOOP('',(#892,#893,#894,#895));
#6911=EDGE_LOOP('',(#896,#897,#898,#899));
#6912=EDGE_LOOP('',(#900,#901,#902,#903,#904,#905,#906,#907,#908,#909));
#6913=EDGE_LOOP('',(#910,#911,#912,#913));
#6914=EDGE_LOOP('',(#914,#915,#916,#917));
#6915=EDGE_LOOP('',(#918,#919,#920,#921));
#6916=EDGE_LOOP('',(#922,#923,#924,#925));
#6917=EDGE_LOOP('',(#926,#927,#928,#929));
#6918=EDGE_LOOP('',(#930,#931,#932,#933));
#6919=EDGE_LOOP('',(#934,#935,#936,#937));
#6920=EDGE_LOOP('',(#938,#939,#940,#941));
#6921=EDGE_LOOP('',(#942,#943,#944,#945));
#6922=EDGE_LOOP('',(#946,#947,#948,#949));
#6923=EDGE_LOOP('',(#950,#951,#952,#953,#954,#955,#956,#957));
#6924=EDGE_LOOP('',(#958,#959,#960,#961));
#6925=EDGE_LOOP('',(#962,#963,#964,#965));
#6926=EDGE_LOOP('',(#966,#967,#968,#969));
#6927=EDGE_LOOP('',(#970,#971,#972,#973));
#6928=EDGE_LOOP('',(#974,#975,#976,#977));
#6929=EDGE_LOOP('',(#978,#979,#980,#981));
#6930=EDGE_LOOP('',(#982,#983,#984,#985));
#6931=EDGE_LOOP('',(#986,#987,#988,#989));
#6932=EDGE_LOOP('',(#990,#991,#992,#993));
#6933=EDGE_LOOP('',(#994,#995,#996,#997));
#6934=EDGE_LOOP('',(#998,#999,#1000,#1001));
#6935=EDGE_LOOP('',(#1002,#1003,#1004,#1005));
#6936=EDGE_LOOP('',(#1006,#1007,#1008,#1009));
#6937=EDGE_LOOP('',(#1010,#1011,#1012,#1013,#1014,#1015,#1016,#1017));
#6938=EDGE_LOOP('',(#1018,#1019,#1020,#1021));
#6939=EDGE_LOOP('',(#1022,#1023,#1024,#1025));
#6940=EDGE_LOOP('',(#1026,#1027,#1028,#1029));
#6941=EDGE_LOOP('',(#1030,#1031,#1032,#1033));
#6942=EDGE_LOOP('',(#1034,#1035,#1036,#1037));
#6943=EDGE_LOOP('',(#1038,#1039,#1040,#1041));
#6944=EDGE_LOOP('',(#1042,#1043,#1044,#1045));
#6945=EDGE_LOOP('',(#1046,#1047,#1048,#1049));
#6946=EDGE_LOOP('',(#1050));
#6947=EDGE_LOOP('',(#1051));
#6948=EDGE_LOOP('',(#1052));
#6949=EDGE_LOOP('',(#1053));
#6950=EDGE_LOOP('',(#1054));
#6951=EDGE_LOOP('',(#1055));
#6952=EDGE_LOOP('',(#1056));
#6953=EDGE_LOOP('',(#1057,#1058,#1059,#1060,#1061,#1062,#1063));
#6954=EDGE_LOOP('',(#1064,#1065,#1066,#1067));
#6955=EDGE_LOOP('',(#1068,#1069,#1070,#1071));
#6956=EDGE_LOOP('',(#1072,#1073,#1074,#1075));
#6957=EDGE_LOOP('',(#1076,#1077,#1078,#1079));
#6958=EDGE_LOOP('',(#1080,#1081,#1082,#1083));
#6959=EDGE_LOOP('',(#1084,#1085,#1086,#1087));
#6960=EDGE_LOOP('',(#1088,#1089,#1090,#1091));
#6961=EDGE_LOOP('',(#1092,#1093,#1094,#1095,#1096,#1097,#1098,#1099,#1100,
#1101,#1102,#1103));
#6962=EDGE_LOOP('',(#1104,#1105,#1106,#1107));
#6963=EDGE_LOOP('',(#1108,#1109,#1110,#1111));
#6964=EDGE_LOOP('',(#1112,#1113,#1114,#1115));
#6965=EDGE_LOOP('',(#1116,#1117,#1118,#1119));
#6966=EDGE_LOOP('',(#1120,#1121,#1122,#1123));
#6967=EDGE_LOOP('',(#1124,#1125,#1126,#1127));
#6968=EDGE_LOOP('',(#1128,#1129,#1130,#1131));
#6969=EDGE_LOOP('',(#1132,#1133,#1134,#1135));
#6970=EDGE_LOOP('',(#1136,#1137,#1138,#1139));
#6971=EDGE_LOOP('',(#1140,#1141,#1142,#1143));
#6972=EDGE_LOOP('',(#1144,#1145,#1146,#1147));
#6973=EDGE_LOOP('',(#1148,#1149,#1150,#1151));
#6974=EDGE_LOOP('',(#1152,#1153,#1154,#1155));
#6975=EDGE_LOOP('',(#1156,#1157,#1158,#1159));
#6976=EDGE_LOOP('',(#1160,#1161,#1162,#1163));
#6977=EDGE_LOOP('',(#1164,#1165,#1166,#1167));
#6978=EDGE_LOOP('',(#1168,#1169,#1170,#1171));
#6979=EDGE_LOOP('',(#1172,#1173));
#6980=EDGE_LOOP('',(#1174,#1175));
#6981=EDGE_LOOP('',(#1176,#1177,#1178,#1179));
#6982=EDGE_LOOP('',(#1180,#1181,#1182,#1183));
#6983=EDGE_LOOP('',(#1184,#1185,#1186,#1187));
#6984=EDGE_LOOP('',(#1188,#1189,#1190,#1191));
#6985=EDGE_LOOP('',(#1192,#1193));
#6986=EDGE_LOOP('',(#1194,#1195,#1196,#1197));
#6987=EDGE_LOOP('',(#1198,#1199,#1200,#1201));
#6988=EDGE_LOOP('',(#1202,#1203,#1204,#1205));
#6989=EDGE_LOOP('',(#1206,#1207,#1208,#1209));
#6990=EDGE_LOOP('',(#1210,#1211,#1212,#1213));
#6991=EDGE_LOOP('',(#1214,#1215,#1216,#1217));
#6992=EDGE_LOOP('',(#1218,#1219,#1220,#1221));
#6993=EDGE_LOOP('',(#1222,#1223,#1224,#1225));
#6994=EDGE_LOOP('',(#1226,#1227,#1228,#1229));
#6995=EDGE_LOOP('',(#1230,#1231,#1232,#1233));
#6996=EDGE_LOOP('',(#1234,#1235,#1236,#1237,#1238,#1239,#1240,#1241,#1242,
#1243));
#6997=EDGE_LOOP('',(#1244,#1245,#1246,#1247));
#6998=EDGE_LOOP('',(#1248,#1249,#1250,#1251));
#6999=EDGE_LOOP('',(#1252,#1253,#1254,#1255));
#7000=EDGE_LOOP('',(#1256,#1257,#1258,#1259));
#7001=EDGE_LOOP('',(#1260,#1261,#1262,#1263));
#7002=EDGE_LOOP('',(#1264,#1265,#1266,#1267));
#7003=EDGE_LOOP('',(#1268,#1269,#1270,#1271));
#7004=EDGE_LOOP('',(#1272,#1273,#1274,#1275));
#7005=EDGE_LOOP('',(#1276,#1277,#1278,#1279));
#7006=EDGE_LOOP('',(#1280,#1281,#1282,#1283));
#7007=EDGE_LOOP('',(#1284));
#7008=EDGE_LOOP('',(#1285));
#7009=EDGE_LOOP('',(#1286));
#7010=EDGE_LOOP('',(#1287));
#7011=EDGE_LOOP('',(#1288));
#7012=EDGE_LOOP('',(#1289));
#7013=EDGE_LOOP('',(#1290));
#7014=EDGE_LOOP('',(#1291));
#7015=EDGE_LOOP('',(#1292));
#7016=EDGE_LOOP('',(#1293));
#7017=EDGE_LOOP('',(#1294,#1295));
#7018=EDGE_LOOP('',(#1296,#1297,#1298,#1299));
#7019=EDGE_LOOP('',(#1300,#1301,#1302,#1303));
#7020=EDGE_LOOP('',(#1304));
#7021=EDGE_LOOP('',(#1305));
#7022=EDGE_LOOP('',(#1306));
#7023=EDGE_LOOP('',(#1307));
#7024=EDGE_LOOP('',(#1308,#1309));
#7025=EDGE_LOOP('',(#1310,#1311,#1312,#1313));
#7026=EDGE_LOOP('',(#1314,#1315,#1316,#1317));
#7027=EDGE_LOOP('',(#1318,#1319,#1320,#1321));
#7028=EDGE_LOOP('',(#1322,#1323,#1324,#1325));
#7029=EDGE_LOOP('',(#1326,#1327,#1328,#1329));
#7030=EDGE_LOOP('',(#1330,#1331,#1332,#1333));
#7031=EDGE_LOOP('',(#1334,#1335,#1336,#1337));
#7032=EDGE_LOOP('',(#1338,#1339));
#7033=EDGE_LOOP('',(#1340,#1341,#1342,#1343,#1344,#1345,#1346,#1347,#1348));
#7034=EDGE_LOOP('',(#1349,#1350,#1351,#1352));
#7035=EDGE_LOOP('',(#1353,#1354,#1355,#1356));
#7036=EDGE_LOOP('',(#1357,#1358,#1359,#1360));
#7037=EDGE_LOOP('',(#1361,#1362,#1363,#1364));
#7038=EDGE_LOOP('',(#1365,#1366,#1367,#1368));
#7039=EDGE_LOOP('',(#1369,#1370,#1371,#1372));
#7040=EDGE_LOOP('',(#1373,#1374,#1375,#1376));
#7041=EDGE_LOOP('',(#1377,#1378,#1379,#1380));
#7042=EDGE_LOOP('',(#1381,#1382,#1383,#1384));
#7043=EDGE_LOOP('',(#1385,#1386));
#7044=EDGE_LOOP('',(#1387,#1388));
#7045=EDGE_LOOP('',(#1389,#1390,#1391,#1392));
#7046=EDGE_LOOP('',(#1393,#1394,#1395,#1396));
#7047=EDGE_LOOP('',(#1397,#1398,#1399,#1400));
#7048=EDGE_LOOP('',(#1401,#1402,#1403,#1404));
#7049=EDGE_LOOP('',(#1405,#1406));
#7050=EDGE_LOOP('',(#1407,#1408,#1409,#1410,#1411,#1412,#1413,#1414,#1415,
#1416,#1417,#1418));
#7051=EDGE_LOOP('',(#1419,#1420,#1421,#1422));
#7052=EDGE_LOOP('',(#1423,#1424,#1425,#1426));
#7053=EDGE_LOOP('',(#1427,#1428,#1429,#1430));
#7054=EDGE_LOOP('',(#1431,#1432,#1433,#1434));
#7055=EDGE_LOOP('',(#1435,#1436,#1437,#1438));
#7056=EDGE_LOOP('',(#1439,#1440,#1441,#1442));
#7057=EDGE_LOOP('',(#1443,#1444,#1445,#1446));
#7058=EDGE_LOOP('',(#1447,#1448,#1449,#1450));
#7059=EDGE_LOOP('',(#1451,#1452,#1453,#1454));
#7060=EDGE_LOOP('',(#1455,#1456,#1457,#1458));
#7061=EDGE_LOOP('',(#1459,#1460,#1461,#1462));
#7062=EDGE_LOOP('',(#1463,#1464,#1465,#1466));
#7063=EDGE_LOOP('',(#1467,#1468,#1469,#1470,#1471,#1472));
#7064=EDGE_LOOP('',(#1473,#1474,#1475,#1476));
#7065=EDGE_LOOP('',(#1477,#1478,#1479,#1480));
#7066=EDGE_LOOP('',(#1481,#1482,#1483,#1484));
#7067=EDGE_LOOP('',(#1485,#1486,#1487,#1488));
#7068=EDGE_LOOP('',(#1489,#1490,#1491,#1492));
#7069=EDGE_LOOP('',(#1493,#1494,#1495,#1496));
#7070=EDGE_LOOP('',(#1497,#1498,#1499,#1500));
#7071=EDGE_LOOP('',(#1501,#1502,#1503,#1504));
#7072=EDGE_LOOP('',(#1505,#1506,#1507,#1508));
#7073=EDGE_LOOP('',(#1509,#1510,#1511,#1512));
#7074=EDGE_LOOP('',(#1513,#1514,#1515,#1516));
#7075=EDGE_LOOP('',(#1517));
#7076=EDGE_LOOP('',(#1518));
#7077=EDGE_LOOP('',(#1519,#1520,#1521,#1522));
#7078=EDGE_LOOP('',(#1523,#1524,#1525,#1526));
#7079=EDGE_LOOP('',(#1527,#1528,#1529,#1530));
#7080=EDGE_LOOP('',(#1531,#1532,#1533,#1534));
#7081=EDGE_LOOP('',(#1535,#1536,#1537,#1538));
#7082=EDGE_LOOP('',(#1539,#1540,#1541,#1542));
#7083=EDGE_LOOP('',(#1543,#1544,#1545,#1546));
#7084=EDGE_LOOP('',(#1547,#1548,#1549,#1550));
#7085=EDGE_LOOP('',(#1551,#1552,#1553,#1554));
#7086=EDGE_LOOP('',(#1555,#1556,#1557,#1558));
#7087=EDGE_LOOP('',(#1559,#1560,#1561,#1562));
#7088=EDGE_LOOP('',(#1563,#1564,#1565,#1566));
#7089=EDGE_LOOP('',(#1567,#1568,#1569,#1570));
#7090=EDGE_LOOP('',(#1571,#1572,#1573,#1574));
#7091=EDGE_LOOP('',(#1575,#1576,#1577,#1578));
#7092=EDGE_LOOP('',(#1579,#1580,#1581,#1582));
#7093=EDGE_LOOP('',(#1583,#1584,#1585,#1586));
#7094=EDGE_LOOP('',(#1587,#1588,#1589,#1590));
#7095=EDGE_LOOP('',(#1591,#1592,#1593,#1594));
#7096=EDGE_LOOP('',(#1595,#1596,#1597,#1598));
#7097=EDGE_LOOP('',(#1599,#1600,#1601,#1602));
#7098=EDGE_LOOP('',(#1603,#1604,#1605,#1606));
#7099=EDGE_LOOP('',(#1607,#1608,#1609,#1610));
#7100=EDGE_LOOP('',(#1611,#1612,#1613,#1614,#1615,#1616,#1617,#1618,#1619,
#1620,#1621,#1622,#1623,#1624));
#7101=EDGE_LOOP('',(#1625,#1626,#1627,#1628));
#7102=EDGE_LOOP('',(#1629,#1630,#1631,#1632));
#7103=EDGE_LOOP('',(#1633,#1634,#1635,#1636,#1637,#1638,#1639,#1640,#1641,
#1642,#1643,#1644,#1645,#1646));
#7104=EDGE_LOOP('',(#1647,#1648,#1649,#1650));
#7105=EDGE_LOOP('',(#1651,#1652,#1653,#1654));
#7106=EDGE_LOOP('',(#1655,#1656,#1657,#1658));
#7107=EDGE_LOOP('',(#1659,#1660,#1661,#1662));
#7108=EDGE_LOOP('',(#1663,#1664,#1665,#1666));
#7109=EDGE_LOOP('',(#1667,#1668,#1669,#1670));
#7110=EDGE_LOOP('',(#1671,#1672,#1673,#1674));
#7111=EDGE_LOOP('',(#1675,#1676,#1677,#1678));
#7112=EDGE_LOOP('',(#1679,#1680,#1681,#1682));
#7113=EDGE_LOOP('',(#1683,#1684,#1685,#1686));
#7114=EDGE_LOOP('',(#1687,#1688,#1689,#1690));
#7115=EDGE_LOOP('',(#1691,#1692,#1693,#1694));
#7116=EDGE_LOOP('',(#1695,#1696,#1697,#1698));
#7117=EDGE_LOOP('',(#1699,#1700,#1701,#1702));
#7118=EDGE_LOOP('',(#1703,#1704,#1705,#1706));
#7119=EDGE_LOOP('',(#1707,#1708,#1709,#1710,#1711,#1712,#1713,#1714));
#7120=EDGE_LOOP('',(#1715,#1716,#1717,#1718,#1719,#1720,#1721,#1722));
#7121=EDGE_LOOP('',(#1723,#1724,#1725,#1726));
#7122=EDGE_LOOP('',(#1727,#1728,#1729,#1730));
#7123=EDGE_LOOP('',(#1731,#1732,#1733,#1734));
#7124=EDGE_LOOP('',(#1735,#1736,#1737,#1738,#1739,#1740));
#7125=EDGE_LOOP('',(#1741,#1742,#1743,#1744));
#7126=EDGE_LOOP('',(#1745,#1746,#1747,#1748,#1749,#1750,#1751,#1752));
#7127=EDGE_LOOP('',(#1753,#1754,#1755,#1756,#1757,#1758));
#7128=EDGE_LOOP('',(#1759,#1760,#1761,#1762));
#7129=EDGE_LOOP('',(#1763,#1764,#1765,#1766));
#7130=EDGE_LOOP('',(#1767,#1768,#1769,#1770));
#7131=EDGE_LOOP('',(#1771,#1772,#1773,#1774));
#7132=EDGE_LOOP('',(#1775,#1776,#1777,#1778));
#7133=EDGE_LOOP('',(#1779,#1780,#1781,#1782,#1783,#1784,#1785,#1786));
#7134=EDGE_LOOP('',(#1787,#1788,#1789,#1790,#1791,#1792,#1793,#1794));
#7135=EDGE_LOOP('',(#1795,#1796,#1797,#1798));
#7136=EDGE_LOOP('',(#1799,#1800,#1801,#1802));
#7137=EDGE_LOOP('',(#1803,#1804,#1805,#1806));
#7138=EDGE_LOOP('',(#1807,#1808,#1809,#1810));
#7139=EDGE_LOOP('',(#1811,#1812,#1813,#1814));
#7140=EDGE_LOOP('',(#1815,#1816,#1817,#1818));
#7141=EDGE_LOOP('',(#1819,#1820,#1821,#1822));
#7142=EDGE_LOOP('',(#1823,#1824,#1825,#1826));
#7143=EDGE_LOOP('',(#1827,#1828,#1829,#1830,#1831,#1832,#1833,#1834));
#7144=EDGE_LOOP('',(#1835,#1836,#1837,#1838,#1839,#1840,#1841,#1842));
#7145=EDGE_LOOP('',(#1843,#1844,#1845,#1846));
#7146=EDGE_LOOP('',(#1847,#1848,#1849));
#7147=EDGE_LOOP('',(#1850,#1851,#1852));
#7148=EDGE_LOOP('',(#1853,#1854,#1855,#1856));
#7149=EDGE_LOOP('',(#1857,#1858,#1859,#1860));
#7150=EDGE_LOOP('',(#1861,#1862,#1863,#1864));
#7151=EDGE_LOOP('',(#1865,#1866,#1867,#1868));
#7152=EDGE_LOOP('',(#1869,#1870,#1871));
#7153=EDGE_LOOP('',(#1872,#1873,#1874));
#7154=EDGE_LOOP('',(#1875,#1876,#1877,#1878));
#7155=EDGE_LOOP('',(#1879,#1880,#1881,#1882));
#7156=EDGE_LOOP('',(#1883,#1884,#1885,#1886));
#7157=EDGE_LOOP('',(#1887,#1888,#1889,#1890));
#7158=EDGE_LOOP('',(#1891,#1892,#1893,#1894));
#7159=EDGE_LOOP('',(#1895,#1896,#1897,#1898));
#7160=EDGE_LOOP('',(#1899,#1900,#1901,#1902));
#7161=EDGE_LOOP('',(#1903,#1904,#1905,#1906));
#7162=EDGE_LOOP('',(#1907,#1908,#1909,#1910));
#7163=EDGE_LOOP('',(#1911,#1912,#1913));
#7164=EDGE_LOOP('',(#1914,#1915,#1916));
#7165=EDGE_LOOP('',(#1917,#1918,#1919,#1920));
#7166=EDGE_LOOP('',(#1921,#1922,#1923,#1924));
#7167=EDGE_LOOP('',(#1925,#1926,#1927,#1928));
#7168=EDGE_LOOP('',(#1929,#1930,#1931,#1932));
#7169=EDGE_LOOP('',(#1933,#1934,#1935));
#7170=EDGE_LOOP('',(#1936,#1937,#1938));
#7171=EDGE_LOOP('',(#1939,#1940,#1941,#1942));
#7172=EDGE_LOOP('',(#1943,#1944,#1945,#1946));
#7173=EDGE_LOOP('',(#1947,#1948,#1949,#1950));
#7174=EDGE_LOOP('',(#1951,#1952,#1953,#1954));
#7175=EDGE_LOOP('',(#1955,#1956,#1957,#1958));
#7176=EDGE_LOOP('',(#1959,#1960,#1961,#1962));
#7177=EDGE_LOOP('',(#1963,#1964,#1965,#1966,#1967,#1968,#1969,#1970));
#7178=EDGE_LOOP('',(#1971,#1972,#1973,#1974,#1975,#1976,#1977,#1978));
#7179=EDGE_LOOP('',(#1979,#1980,#1981,#1982));
#7180=EDGE_LOOP('',(#1983,#1984,#1985,#1986));
#7181=EDGE_LOOP('',(#1987,#1988,#1989,#1990));
#7182=EDGE_LOOP('',(#1991,#1992,#1993,#1994));
#7183=EDGE_LOOP('',(#1995,#1996,#1997,#1998));
#7184=EDGE_LOOP('',(#1999,#2000,#2001,#2002));
#7185=EDGE_LOOP('',(#2003,#2004,#2005,#2006));
#7186=EDGE_LOOP('',(#2007,#2008,#2009,#2010));
#7187=EDGE_LOOP('',(#2011,#2012,#2013,#2014));
#7188=EDGE_LOOP('',(#2015,#2016,#2017,#2018));
#7189=EDGE_LOOP('',(#2019,#2020,#2021,#2022,#2023,#2024,#2025,#2026));
#7190=EDGE_LOOP('',(#2027,#2028,#2029,#2030,#2031,#2032,#2033,#2034));
#7191=EDGE_LOOP('',(#2035,#2036,#2037,#2038));
#7192=EDGE_LOOP('',(#2039,#2040,#2041));
#7193=EDGE_LOOP('',(#2042,#2043,#2044));
#7194=EDGE_LOOP('',(#2045,#2046,#2047,#2048));
#7195=EDGE_LOOP('',(#2049,#2050,#2051,#2052));
#7196=EDGE_LOOP('',(#2053,#2054,#2055,#2056));
#7197=EDGE_LOOP('',(#2057,#2058,#2059,#2060));
#7198=EDGE_LOOP('',(#2061,#2062,#2063));
#7199=EDGE_LOOP('',(#2064,#2065,#2066));
#7200=EDGE_LOOP('',(#2067,#2068,#2069,#2070));
#7201=EDGE_LOOP('',(#2071,#2072,#2073,#2074));
#7202=EDGE_LOOP('',(#2075,#2076,#2077,#2078));
#7203=EDGE_LOOP('',(#2079,#2080,#2081,#2082));
#7204=EDGE_LOOP('',(#2083,#2084,#2085,#2086));
#7205=EDGE_LOOP('',(#2087,#2088,#2089,#2090));
#7206=EDGE_LOOP('',(#2091,#2092,#2093,#2094));
#7207=EDGE_LOOP('',(#2095,#2096,#2097,#2098));
#7208=EDGE_LOOP('',(#2099,#2100,#2101,#2102));
#7209=EDGE_LOOP('',(#2103,#2104,#2105));
#7210=EDGE_LOOP('',(#2106,#2107,#2108));
#7211=EDGE_LOOP('',(#2109,#2110,#2111,#2112));
#7212=EDGE_LOOP('',(#2113,#2114,#2115,#2116));
#7213=EDGE_LOOP('',(#2117,#2118,#2119,#2120));
#7214=EDGE_LOOP('',(#2121,#2122,#2123,#2124));
#7215=EDGE_LOOP('',(#2125,#2126,#2127));
#7216=EDGE_LOOP('',(#2128,#2129,#2130));
#7217=EDGE_LOOP('',(#2131,#2132,#2133,#2134));
#7218=EDGE_LOOP('',(#2135,#2136,#2137,#2138));
#7219=EDGE_LOOP('',(#2139,#2140,#2141,#2142));
#7220=EDGE_LOOP('',(#2143,#2144,#2145,#2146));
#7221=EDGE_LOOP('',(#2147,#2148,#2149,#2150));
#7222=EDGE_LOOP('',(#2151,#2152,#2153,#2154));
#7223=EDGE_LOOP('',(#2155,#2156,#2157,#2158,#2159,#2160,#2161,#2162));
#7224=EDGE_LOOP('',(#2163,#2164,#2165,#2166,#2167,#2168,#2169,#2170));
#7225=EDGE_LOOP('',(#2171,#2172,#2173,#2174));
#7226=EDGE_LOOP('',(#2175,#2176,#2177,#2178));
#7227=EDGE_LOOP('',(#2179,#2180,#2181,#2182));
#7228=EDGE_LOOP('',(#2183,#2184,#2185,#2186));
#7229=EDGE_LOOP('',(#2187,#2188,#2189,#2190));
#7230=EDGE_LOOP('',(#2191,#2192,#2193,#2194));
#7231=EDGE_LOOP('',(#2195,#2196,#2197,#2198));
#7232=EDGE_LOOP('',(#2199,#2200,#2201,#2202));
#7233=EDGE_LOOP('',(#2203,#2204,#2205,#2206));
#7234=EDGE_LOOP('',(#2207,#2208,#2209,#2210));
#7235=EDGE_LOOP('',(#2211,#2212,#2213,#2214,#2215,#2216,#2217,#2218));
#7236=EDGE_LOOP('',(#2219,#2220,#2221,#2222,#2223,#2224,#2225,#2226));
#7237=EDGE_LOOP('',(#2227,#2228,#2229,#2230));
#7238=EDGE_LOOP('',(#2231,#2232,#2233));
#7239=EDGE_LOOP('',(#2234,#2235,#2236));
#7240=EDGE_LOOP('',(#2237,#2238,#2239,#2240));
#7241=EDGE_LOOP('',(#2241,#2242,#2243,#2244));
#7242=EDGE_LOOP('',(#2245,#2246,#2247,#2248));
#7243=EDGE_LOOP('',(#2249,#2250,#2251,#2252));
#7244=EDGE_LOOP('',(#2253,#2254,#2255));
#7245=EDGE_LOOP('',(#2256,#2257,#2258));
#7246=EDGE_LOOP('',(#2259,#2260,#2261,#2262));
#7247=EDGE_LOOP('',(#2263,#2264,#2265,#2266));
#7248=EDGE_LOOP('',(#2267,#2268,#2269,#2270));
#7249=EDGE_LOOP('',(#2271,#2272,#2273,#2274));
#7250=EDGE_LOOP('',(#2275,#2276,#2277,#2278));
#7251=EDGE_LOOP('',(#2279,#2280,#2281,#2282));
#7252=EDGE_LOOP('',(#2283,#2284,#2285,#2286));
#7253=EDGE_LOOP('',(#2287,#2288,#2289,#2290));
#7254=EDGE_LOOP('',(#2291,#2292,#2293,#2294));
#7255=EDGE_LOOP('',(#2295,#2296,#2297));
#7256=EDGE_LOOP('',(#2298,#2299,#2300));
#7257=EDGE_LOOP('',(#2301,#2302,#2303,#2304));
#7258=EDGE_LOOP('',(#2305,#2306,#2307,#2308));
#7259=EDGE_LOOP('',(#2309,#2310,#2311,#2312));
#7260=EDGE_LOOP('',(#2313,#2314,#2315,#2316));
#7261=EDGE_LOOP('',(#2317,#2318,#2319));
#7262=EDGE_LOOP('',(#2320,#2321,#2322));
#7263=EDGE_LOOP('',(#2323,#2324,#2325,#2326));
#7264=EDGE_LOOP('',(#2327,#2328,#2329,#2330));
#7265=EDGE_LOOP('',(#2331,#2332,#2333,#2334));
#7266=EDGE_LOOP('',(#2335,#2336,#2337,#2338));
#7267=EDGE_LOOP('',(#2339,#2340,#2341,#2342));
#7268=EDGE_LOOP('',(#2343,#2344,#2345,#2346));
#7269=EDGE_LOOP('',(#2347,#2348,#2349,#2350,#2351,#2352,#2353,#2354));
#7270=EDGE_LOOP('',(#2355,#2356,#2357,#2358,#2359,#2360,#2361,#2362));
#7271=EDGE_LOOP('',(#2363,#2364,#2365,#2366));
#7272=EDGE_LOOP('',(#2367,#2368,#2369,#2370));
#7273=EDGE_LOOP('',(#2371,#2372,#2373,#2374));
#7274=EDGE_LOOP('',(#2375,#2376,#2377,#2378));
#7275=EDGE_LOOP('',(#2379,#2380,#2381,#2382));
#7276=EDGE_LOOP('',(#2383,#2384,#2385,#2386));
#7277=EDGE_LOOP('',(#2387,#2388,#2389,#2390));
#7278=EDGE_LOOP('',(#2391,#2392,#2393,#2394));
#7279=EDGE_LOOP('',(#2395,#2396,#2397,#2398));
#7280=EDGE_LOOP('',(#2399,#2400,#2401,#2402));
#7281=EDGE_LOOP('',(#2403,#2404,#2405,#2406,#2407,#2408,#2409,#2410));
#7282=EDGE_LOOP('',(#2411,#2412,#2413,#2414,#2415,#2416,#2417,#2418));
#7283=EDGE_LOOP('',(#2419,#2420,#2421,#2422));
#7284=EDGE_LOOP('',(#2423,#2424,#2425));
#7285=EDGE_LOOP('',(#2426,#2427,#2428));
#7286=EDGE_LOOP('',(#2429,#2430,#2431,#2432));
#7287=EDGE_LOOP('',(#2433,#2434,#2435,#2436));
#7288=EDGE_LOOP('',(#2437,#2438,#2439,#2440));
#7289=EDGE_LOOP('',(#2441,#2442,#2443,#2444));
#7290=EDGE_LOOP('',(#2445,#2446,#2447));
#7291=EDGE_LOOP('',(#2448,#2449,#2450));
#7292=EDGE_LOOP('',(#2451,#2452,#2453,#2454));
#7293=EDGE_LOOP('',(#2455,#2456,#2457,#2458));
#7294=EDGE_LOOP('',(#2459,#2460,#2461,#2462));
#7295=EDGE_LOOP('',(#2463,#2464,#2465,#2466));
#7296=EDGE_LOOP('',(#2467,#2468,#2469,#2470));
#7297=EDGE_LOOP('',(#2471,#2472,#2473,#2474));
#7298=EDGE_LOOP('',(#2475,#2476,#2477,#2478));
#7299=EDGE_LOOP('',(#2479,#2480,#2481,#2482));
#7300=EDGE_LOOP('',(#2483,#2484,#2485,#2486));
#7301=EDGE_LOOP('',(#2487,#2488,#2489));
#7302=EDGE_LOOP('',(#2490,#2491,#2492));
#7303=EDGE_LOOP('',(#2493,#2494,#2495,#2496));
#7304=EDGE_LOOP('',(#2497,#2498,#2499,#2500));
#7305=EDGE_LOOP('',(#2501,#2502,#2503,#2504));
#7306=EDGE_LOOP('',(#2505,#2506,#2507,#2508));
#7307=EDGE_LOOP('',(#2509,#2510,#2511));
#7308=EDGE_LOOP('',(#2512,#2513,#2514));
#7309=EDGE_LOOP('',(#2515,#2516,#2517,#2518));
#7310=EDGE_LOOP('',(#2519,#2520,#2521,#2522));
#7311=EDGE_LOOP('',(#2523,#2524,#2525,#2526));
#7312=EDGE_LOOP('',(#2527,#2528,#2529,#2530));
#7313=EDGE_LOOP('',(#2531,#2532,#2533,#2534));
#7314=EDGE_LOOP('',(#2535,#2536,#2537,#2538));
#7315=EDGE_LOOP('',(#2539,#2540,#2541,#2542,#2543,#2544,#2545,#2546));
#7316=EDGE_LOOP('',(#2547,#2548,#2549,#2550,#2551,#2552,#2553,#2554));
#7317=EDGE_LOOP('',(#2555,#2556,#2557,#2558));
#7318=EDGE_LOOP('',(#2559,#2560,#2561,#2562));
#7319=EDGE_LOOP('',(#2563,#2564,#2565,#2566));
#7320=EDGE_LOOP('',(#2567,#2568,#2569,#2570));
#7321=EDGE_LOOP('',(#2571,#2572,#2573,#2574));
#7322=EDGE_LOOP('',(#2575,#2576,#2577,#2578));
#7323=EDGE_LOOP('',(#2579,#2580,#2581,#2582));
#7324=EDGE_LOOP('',(#2583,#2584,#2585,#2586));
#7325=EDGE_LOOP('',(#2587,#2588,#2589,#2590));
#7326=EDGE_LOOP('',(#2591,#2592,#2593,#2594));
#7327=EDGE_LOOP('',(#2595,#2596,#2597,#2598));
#7328=EDGE_LOOP('',(#2599,#2600,#2601,#2602,#2603,#2604,#2605,#2606));
#7329=EDGE_LOOP('',(#2607,#2608,#2609,#2610));
#7330=EDGE_LOOP('',(#2611,#2612,#2613,#2614,#2615,#2616,#2617,#2618,#2619,
#2620,#2621,#2622,#2623,#2624,#2625,#2626));
#7331=EDGE_LOOP('',(#2627,#2628,#2629,#2630));
#7332=EDGE_LOOP('',(#2631,#2632,#2633,#2634,#2635,#2636));
#7333=EDGE_LOOP('',(#2637,#2638,#2639,#2640));
#7334=EDGE_LOOP('',(#2641,#2642,#2643,#2644,#2645,#2646,#2647,#2648,#2649,
#2650));
#7335=EDGE_LOOP('',(#2651,#2652,#2653,#2654));
#7336=EDGE_LOOP('',(#2655,#2656,#2657,#2658));
#7337=EDGE_LOOP('',(#2659,#2660,#2661,#2662));
#7338=EDGE_LOOP('',(#2663,#2664,#2665,#2666));
#7339=EDGE_LOOP('',(#2667,#2668,#2669,#2670));
#7340=EDGE_LOOP('',(#2671,#2672,#2673,#2674));
#7341=EDGE_LOOP('',(#2675,#2676,#2677,#2678));
#7342=EDGE_LOOP('',(#2679,#2680,#2681,#2682));
#7343=EDGE_LOOP('',(#2683,#2684,#2685,#2686));
#7344=EDGE_LOOP('',(#2687,#2688,#2689,#2690));
#7345=EDGE_LOOP('',(#2691,#2692,#2693,#2694));
#7346=EDGE_LOOP('',(#2695,#2696,#2697,#2698,#2699,#2700,#2701,#2702,#2703,
#2704,#2705,#2706));
#7347=EDGE_LOOP('',(#2707,#2708,#2709,#2710));
#7348=EDGE_LOOP('',(#2711,#2712,#2713,#2714,#2715,#2716,#2717,#2718,#2719,
#2720,#2721,#2722));
#7349=EDGE_LOOP('',(#2723,#2724,#2725,#2726));
#7350=EDGE_LOOP('',(#2727,#2728,#2729,#2730));
#7351=EDGE_LOOP('',(#2731,#2732,#2733,#2734));
#7352=EDGE_LOOP('',(#2735,#2736,#2737,#2738));
#7353=EDGE_LOOP('',(#2739,#2740,#2741,#2742));
#7354=EDGE_LOOP('',(#2743,#2744,#2745,#2746));
#7355=EDGE_LOOP('',(#2747,#2748,#2749,#2750));
#7356=EDGE_LOOP('',(#2751,#2752,#2753,#2754));
#7357=EDGE_LOOP('',(#2755,#2756,#2757,#2758));
#7358=EDGE_LOOP('',(#2759,#2760,#2761,#2762));
#7359=EDGE_LOOP('',(#2763,#2764,#2765,#2766,#2767,#2768,#2769,#2770,#2771,
#2772,#2773,#2774));
#7360=EDGE_LOOP('',(#2775,#2776,#2777,#2778));
#7361=EDGE_LOOP('',(#2779,#2780,#2781,#2782,#2783,#2784,#2785,#2786,#2787,
#2788,#2789,#2790));
#7362=EDGE_LOOP('',(#2791,#2792,#2793,#2794));
#7363=EDGE_LOOP('',(#2795,#2796,#2797,#2798));
#7364=EDGE_LOOP('',(#2799,#2800,#2801,#2802));
#7365=EDGE_LOOP('',(#2803,#2804,#2805,#2806));
#7366=EDGE_LOOP('',(#2807,#2808,#2809,#2810));
#7367=EDGE_LOOP('',(#2811,#2812,#2813,#2814));
#7368=EDGE_LOOP('',(#2815,#2816,#2817,#2818));
#7369=EDGE_LOOP('',(#2819,#2820,#2821,#2822));
#7370=EDGE_LOOP('',(#2823,#2824,#2825,#2826));
#7371=EDGE_LOOP('',(#2827,#2828,#2829,#2830));
#7372=EDGE_LOOP('',(#2831,#2832,#2833,#2834,#2835,#2836,#2837,#2838,#2839,
#2840,#2841,#2842));
#7373=EDGE_LOOP('',(#2843,#2844,#2845,#2846));
#7374=EDGE_LOOP('',(#2847,#2848,#2849,#2850,#2851,#2852,#2853,#2854,#2855,
#2856,#2857,#2858));
#7375=EDGE_LOOP('',(#2859,#2860,#2861,#2862));
#7376=EDGE_LOOP('',(#2863,#2864,#2865,#2866));
#7377=EDGE_LOOP('',(#2867,#2868,#2869,#2870));
#7378=EDGE_LOOP('',(#2871,#2872,#2873,#2874));
#7379=EDGE_LOOP('',(#2875,#2876,#2877,#2878));
#7380=EDGE_LOOP('',(#2879,#2880,#2881,#2882));
#7381=EDGE_LOOP('',(#2883,#2884,#2885,#2886));
#7382=EDGE_LOOP('',(#2887,#2888,#2889,#2890));
#7383=EDGE_LOOP('',(#2891,#2892,#2893,#2894));
#7384=EDGE_LOOP('',(#2895,#2896,#2897,#2898));
#7385=EDGE_LOOP('',(#2899,#2900,#2901,#2902,#2903,#2904,#2905,#2906,#2907,
#2908,#2909,#2910));
#7386=EDGE_LOOP('',(#2911,#2912,#2913,#2914));
#7387=EDGE_LOOP('',(#2915,#2916,#2917,#2918,#2919,#2920,#2921,#2922,#2923,
#2924,#2925,#2926));
#7388=EDGE_LOOP('',(#2927,#2928,#2929,#2930));
#7389=FACE_BOUND('',#6826,.T.);
#7390=FACE_BOUND('',#6827,.T.);
#7391=FACE_BOUND('',#6828,.T.);
#7392=FACE_BOUND('',#6829,.T.);
#7393=FACE_BOUND('',#6830,.T.);
#7394=FACE_BOUND('',#6831,.T.);
#7395=FACE_BOUND('',#6832,.T.);
#7396=FACE_BOUND('',#6833,.T.);
#7397=FACE_BOUND('',#6834,.T.);
#7398=FACE_BOUND('',#6835,.T.);
#7399=FACE_BOUND('',#6836,.T.);
#7400=FACE_BOUND('',#6837,.T.);
#7401=FACE_BOUND('',#6838,.T.);
#7402=FACE_BOUND('',#6839,.T.);
#7403=FACE_BOUND('',#6840,.T.);
#7404=FACE_BOUND('',#6841,.T.);
#7405=FACE_BOUND('',#6842,.T.);
#7406=FACE_BOUND('',#6843,.T.);
#7407=FACE_BOUND('',#6844,.T.);
#7408=FACE_BOUND('',#6845,.T.);
#7409=FACE_BOUND('',#6846,.T.);
#7410=FACE_BOUND('',#6847,.T.);
#7411=FACE_BOUND('',#6848,.T.);
#7412=FACE_BOUND('',#6849,.T.);
#7413=FACE_BOUND('',#6850,.T.);
#7414=FACE_BOUND('',#6851,.T.);
#7415=FACE_BOUND('',#6852,.T.);
#7416=FACE_BOUND('',#6853,.T.);
#7417=FACE_BOUND('',#6854,.T.);
#7418=FACE_BOUND('',#6855,.T.);
#7419=FACE_BOUND('',#6856,.T.);
#7420=FACE_BOUND('',#6857,.T.);
#7421=FACE_BOUND('',#6858,.T.);
#7422=FACE_BOUND('',#6859,.T.);
#7423=FACE_BOUND('',#6860,.T.);
#7424=FACE_BOUND('',#6861,.T.);
#7425=FACE_BOUND('',#6862,.T.);
#7426=FACE_BOUND('',#6863,.T.);
#7427=FACE_BOUND('',#6864,.T.);
#7428=FACE_BOUND('',#6865,.T.);
#7429=FACE_BOUND('',#6866,.T.);
#7430=FACE_BOUND('',#6867,.T.);
#7431=FACE_BOUND('',#6868,.T.);
#7432=FACE_BOUND('',#6869,.T.);
#7433=FACE_BOUND('',#6870,.T.);
#7434=FACE_BOUND('',#6871,.T.);
#7435=FACE_BOUND('',#6872,.T.);
#7436=FACE_BOUND('',#6873,.T.);
#7437=FACE_BOUND('',#6874,.T.);
#7438=FACE_BOUND('',#6875,.T.);
#7439=FACE_BOUND('',#6876,.T.);
#7440=FACE_BOUND('',#6877,.T.);
#7441=FACE_BOUND('',#6878,.T.);
#7442=FACE_BOUND('',#6879,.T.);
#7443=FACE_BOUND('',#6880,.T.);
#7444=FACE_BOUND('',#6881,.T.);
#7445=FACE_BOUND('',#6882,.T.);
#7446=FACE_BOUND('',#6883,.T.);
#7447=FACE_BOUND('',#6884,.T.);
#7448=FACE_BOUND('',#6885,.T.);
#7449=FACE_BOUND('',#6886,.T.);
#7450=FACE_BOUND('',#6887,.T.);
#7451=FACE_BOUND('',#6888,.T.);
#7452=FACE_BOUND('',#6889,.T.);
#7453=FACE_BOUND('',#6890,.T.);
#7454=FACE_BOUND('',#6891,.T.);
#7455=FACE_BOUND('',#6892,.T.);
#7456=FACE_BOUND('',#6893,.T.);
#7457=FACE_BOUND('',#6894,.T.);
#7458=FACE_BOUND('',#6895,.T.);
#7459=FACE_BOUND('',#6896,.T.);
#7460=FACE_BOUND('',#6897,.T.);
#7461=FACE_BOUND('',#6898,.T.);
#7462=FACE_BOUND('',#6899,.T.);
#7463=FACE_BOUND('',#6900,.T.);
#7464=FACE_BOUND('',#6901,.T.);
#7465=FACE_BOUND('',#6902,.T.);
#7466=FACE_BOUND('',#6903,.T.);
#7467=FACE_BOUND('',#6904,.T.);
#7468=FACE_BOUND('',#6905,.T.);
#7469=FACE_BOUND('',#6906,.T.);
#7470=FACE_BOUND('',#6907,.T.);
#7471=FACE_BOUND('',#6908,.T.);
#7472=FACE_BOUND('',#6909,.T.);
#7473=FACE_BOUND('',#6910,.T.);
#7474=FACE_BOUND('',#6911,.T.);
#7475=FACE_BOUND('',#6912,.T.);
#7476=FACE_BOUND('',#6913,.T.);
#7477=FACE_BOUND('',#6914,.T.);
#7478=FACE_BOUND('',#6915,.T.);
#7479=FACE_BOUND('',#6916,.T.);
#7480=FACE_BOUND('',#6917,.T.);
#7481=FACE_BOUND('',#6918,.T.);
#7482=FACE_BOUND('',#6919,.T.);
#7483=FACE_BOUND('',#6920,.T.);
#7484=FACE_BOUND('',#6921,.T.);
#7485=FACE_BOUND('',#6922,.T.);
#7486=FACE_BOUND('',#6923,.T.);
#7487=FACE_BOUND('',#6924,.T.);
#7488=FACE_BOUND('',#6925,.T.);
#7489=FACE_BOUND('',#6926,.T.);
#7490=FACE_BOUND('',#6927,.T.);
#7491=FACE_BOUND('',#6928,.T.);
#7492=FACE_BOUND('',#6929,.T.);
#7493=FACE_BOUND('',#6930,.T.);
#7494=FACE_BOUND('',#6931,.T.);
#7495=FACE_BOUND('',#6932,.T.);
#7496=FACE_BOUND('',#6933,.T.);
#7497=FACE_BOUND('',#6934,.T.);
#7498=FACE_BOUND('',#6935,.T.);
#7499=FACE_BOUND('',#6936,.T.);
#7500=FACE_BOUND('',#6937,.T.);
#7501=FACE_BOUND('',#6938,.T.);
#7502=FACE_BOUND('',#6939,.T.);
#7503=FACE_BOUND('',#6940,.T.);
#7504=FACE_BOUND('',#6941,.T.);
#7505=FACE_BOUND('',#6942,.T.);
#7506=FACE_BOUND('',#6943,.T.);
#7507=FACE_BOUND('',#6944,.T.);
#7508=FACE_BOUND('',#6945,.T.);
#7509=FACE_BOUND('',#6946,.T.);
#7510=FACE_BOUND('',#6947,.T.);
#7511=FACE_BOUND('',#6948,.T.);
#7512=FACE_BOUND('',#6949,.T.);
#7513=FACE_BOUND('',#6950,.T.);
#7514=FACE_BOUND('',#6951,.T.);
#7515=FACE_BOUND('',#6952,.T.);
#7516=FACE_BOUND('',#6953,.T.);
#7517=FACE_BOUND('',#6954,.T.);
#7518=FACE_BOUND('',#6955,.T.);
#7519=FACE_BOUND('',#6956,.T.);
#7520=FACE_BOUND('',#6957,.T.);
#7521=FACE_BOUND('',#6958,.T.);
#7522=FACE_BOUND('',#6959,.T.);
#7523=FACE_BOUND('',#6960,.T.);
#7524=FACE_BOUND('',#6961,.T.);
#7525=FACE_BOUND('',#6962,.T.);
#7526=FACE_BOUND('',#6963,.T.);
#7527=FACE_BOUND('',#6964,.T.);
#7528=FACE_BOUND('',#6965,.T.);
#7529=FACE_BOUND('',#6966,.T.);
#7530=FACE_BOUND('',#6967,.T.);
#7531=FACE_BOUND('',#6968,.T.);
#7532=FACE_BOUND('',#6969,.T.);
#7533=FACE_BOUND('',#6970,.T.);
#7534=FACE_BOUND('',#6971,.T.);
#7535=FACE_BOUND('',#6972,.T.);
#7536=FACE_BOUND('',#6973,.T.);
#7537=FACE_BOUND('',#6974,.T.);
#7538=FACE_BOUND('',#6975,.T.);
#7539=FACE_BOUND('',#6976,.T.);
#7540=FACE_BOUND('',#6977,.T.);
#7541=FACE_BOUND('',#6978,.T.);
#7542=FACE_BOUND('',#6979,.T.);
#7543=FACE_BOUND('',#6980,.T.);
#7544=FACE_BOUND('',#6981,.T.);
#7545=FACE_BOUND('',#6982,.T.);
#7546=FACE_BOUND('',#6983,.T.);
#7547=FACE_BOUND('',#6984,.T.);
#7548=FACE_BOUND('',#6985,.T.);
#7549=FACE_BOUND('',#6986,.T.);
#7550=FACE_BOUND('',#6987,.T.);
#7551=FACE_BOUND('',#6988,.T.);
#7552=FACE_BOUND('',#6989,.T.);
#7553=FACE_BOUND('',#6990,.T.);
#7554=FACE_BOUND('',#6991,.T.);
#7555=FACE_BOUND('',#6992,.T.);
#7556=FACE_BOUND('',#6993,.T.);
#7557=FACE_BOUND('',#6994,.T.);
#7558=FACE_BOUND('',#6995,.T.);
#7559=FACE_BOUND('',#6996,.T.);
#7560=FACE_BOUND('',#6997,.T.);
#7561=FACE_BOUND('',#6998,.T.);
#7562=FACE_BOUND('',#6999,.T.);
#7563=FACE_BOUND('',#7000,.T.);
#7564=FACE_BOUND('',#7001,.T.);
#7565=FACE_BOUND('',#7002,.T.);
#7566=FACE_BOUND('',#7003,.T.);
#7567=FACE_BOUND('',#7004,.T.);
#7568=FACE_BOUND('',#7005,.T.);
#7569=FACE_BOUND('',#7006,.T.);
#7570=FACE_BOUND('',#7007,.T.);
#7571=FACE_BOUND('',#7008,.T.);
#7572=FACE_BOUND('',#7009,.T.);
#7573=FACE_BOUND('',#7010,.T.);
#7574=FACE_BOUND('',#7011,.T.);
#7575=FACE_BOUND('',#7012,.T.);
#7576=FACE_BOUND('',#7013,.T.);
#7577=FACE_BOUND('',#7014,.T.);
#7578=FACE_BOUND('',#7015,.T.);
#7579=FACE_BOUND('',#7016,.T.);
#7580=FACE_BOUND('',#7017,.T.);
#7581=FACE_BOUND('',#7018,.T.);
#7582=FACE_BOUND('',#7019,.T.);
#7583=FACE_BOUND('',#7020,.T.);
#7584=FACE_BOUND('',#7021,.T.);
#7585=FACE_BOUND('',#7022,.T.);
#7586=FACE_BOUND('',#7023,.T.);
#7587=FACE_BOUND('',#7024,.T.);
#7588=FACE_BOUND('',#7025,.T.);
#7589=FACE_BOUND('',#7026,.T.);
#7590=FACE_BOUND('',#7027,.T.);
#7591=FACE_BOUND('',#7028,.T.);
#7592=FACE_BOUND('',#7029,.T.);
#7593=FACE_BOUND('',#7030,.T.);
#7594=FACE_BOUND('',#7031,.T.);
#7595=FACE_BOUND('',#7032,.T.);
#7596=FACE_BOUND('',#7033,.T.);
#7597=FACE_BOUND('',#7034,.T.);
#7598=FACE_BOUND('',#7035,.T.);
#7599=FACE_BOUND('',#7036,.T.);
#7600=FACE_BOUND('',#7037,.T.);
#7601=FACE_BOUND('',#7038,.T.);
#7602=FACE_BOUND('',#7039,.T.);
#7603=FACE_BOUND('',#7040,.T.);
#7604=FACE_BOUND('',#7041,.T.);
#7605=FACE_BOUND('',#7042,.T.);
#7606=FACE_BOUND('',#7043,.T.);
#7607=FACE_BOUND('',#7044,.T.);
#7608=FACE_BOUND('',#7045,.T.);
#7609=FACE_BOUND('',#7046,.T.);
#7610=FACE_BOUND('',#7047,.T.);
#7611=FACE_BOUND('',#7048,.T.);
#7612=FACE_BOUND('',#7049,.T.);
#7613=FACE_BOUND('',#7050,.T.);
#7614=FACE_BOUND('',#7051,.T.);
#7615=FACE_BOUND('',#7052,.T.);
#7616=FACE_BOUND('',#7053,.T.);
#7617=FACE_BOUND('',#7054,.T.);
#7618=FACE_BOUND('',#7055,.T.);
#7619=FACE_BOUND('',#7056,.T.);
#7620=FACE_BOUND('',#7057,.T.);
#7621=FACE_BOUND('',#7058,.T.);
#7622=FACE_BOUND('',#7059,.T.);
#7623=FACE_BOUND('',#7060,.T.);
#7624=FACE_BOUND('',#7061,.T.);
#7625=FACE_BOUND('',#7062,.T.);
#7626=FACE_BOUND('',#7063,.T.);
#7627=FACE_BOUND('',#7064,.T.);
#7628=FACE_BOUND('',#7065,.T.);
#7629=FACE_BOUND('',#7066,.T.);
#7630=FACE_BOUND('',#7067,.T.);
#7631=FACE_BOUND('',#7068,.T.);
#7632=FACE_BOUND('',#7069,.T.);
#7633=FACE_BOUND('',#7070,.T.);
#7634=FACE_BOUND('',#7071,.T.);
#7635=FACE_BOUND('',#7072,.T.);
#7636=FACE_BOUND('',#7073,.T.);
#7637=FACE_BOUND('',#7074,.T.);
#7638=FACE_BOUND('',#7075,.T.);
#7639=FACE_BOUND('',#7076,.T.);
#7640=FACE_BOUND('',#7077,.T.);
#7641=FACE_BOUND('',#7078,.T.);
#7642=FACE_BOUND('',#7079,.T.);
#7643=FACE_BOUND('',#7080,.T.);
#7644=FACE_BOUND('',#7081,.T.);
#7645=FACE_BOUND('',#7082,.T.);
#7646=FACE_BOUND('',#7083,.T.);
#7647=FACE_BOUND('',#7084,.T.);
#7648=FACE_BOUND('',#7085,.T.);
#7649=FACE_BOUND('',#7086,.T.);
#7650=FACE_BOUND('',#7087,.T.);
#7651=FACE_BOUND('',#7088,.T.);
#7652=FACE_BOUND('',#7089,.T.);
#7653=FACE_BOUND('',#7090,.T.);
#7654=FACE_BOUND('',#7091,.T.);
#7655=FACE_BOUND('',#7092,.T.);
#7656=FACE_BOUND('',#7093,.T.);
#7657=FACE_BOUND('',#7094,.T.);
#7658=FACE_BOUND('',#7095,.T.);
#7659=FACE_BOUND('',#7096,.T.);
#7660=FACE_BOUND('',#7097,.T.);
#7661=FACE_BOUND('',#7098,.T.);
#7662=FACE_BOUND('',#7099,.T.);
#7663=FACE_BOUND('',#7100,.T.);
#7664=FACE_BOUND('',#7101,.T.);
#7665=FACE_BOUND('',#7102,.T.);
#7666=FACE_BOUND('',#7103,.T.);
#7667=FACE_BOUND('',#7104,.T.);
#7668=FACE_BOUND('',#7105,.T.);
#7669=FACE_BOUND('',#7106,.T.);
#7670=FACE_BOUND('',#7107,.T.);
#7671=FACE_BOUND('',#7108,.T.);
#7672=FACE_BOUND('',#7109,.T.);
#7673=FACE_BOUND('',#7110,.T.);
#7674=FACE_BOUND('',#7111,.T.);
#7675=FACE_BOUND('',#7112,.T.);
#7676=FACE_BOUND('',#7113,.T.);
#7677=FACE_BOUND('',#7114,.T.);
#7678=FACE_BOUND('',#7115,.T.);
#7679=FACE_BOUND('',#7116,.T.);
#7680=FACE_BOUND('',#7117,.T.);
#7681=FACE_BOUND('',#7118,.T.);
#7682=FACE_BOUND('',#7119,.T.);
#7683=FACE_BOUND('',#7120,.T.);
#7684=FACE_BOUND('',#7121,.T.);
#7685=FACE_BOUND('',#7122,.T.);
#7686=FACE_BOUND('',#7123,.T.);
#7687=FACE_BOUND('',#7124,.T.);
#7688=FACE_BOUND('',#7125,.T.);
#7689=FACE_BOUND('',#7126,.T.);
#7690=FACE_BOUND('',#7127,.T.);
#7691=FACE_BOUND('',#7128,.T.);
#7692=FACE_BOUND('',#7129,.T.);
#7693=FACE_BOUND('',#7130,.T.);
#7694=FACE_BOUND('',#7131,.T.);
#7695=FACE_BOUND('',#7132,.T.);
#7696=FACE_BOUND('',#7133,.T.);
#7697=FACE_BOUND('',#7134,.T.);
#7698=FACE_BOUND('',#7135,.T.);
#7699=FACE_BOUND('',#7136,.T.);
#7700=FACE_BOUND('',#7137,.T.);
#7701=FACE_BOUND('',#7138,.T.);
#7702=FACE_BOUND('',#7139,.T.);
#7703=FACE_BOUND('',#7140,.T.);
#7704=FACE_BOUND('',#7141,.T.);
#7705=FACE_BOUND('',#7142,.T.);
#7706=FACE_BOUND('',#7143,.T.);
#7707=FACE_BOUND('',#7144,.T.);
#7708=FACE_BOUND('',#7145,.T.);
#7709=FACE_BOUND('',#7146,.T.);
#7710=FACE_BOUND('',#7147,.T.);
#7711=FACE_BOUND('',#7148,.T.);
#7712=FACE_BOUND('',#7149,.T.);
#7713=FACE_BOUND('',#7150,.T.);
#7714=FACE_BOUND('',#7151,.T.);
#7715=FACE_BOUND('',#7152,.T.);
#7716=FACE_BOUND('',#7153,.T.);
#7717=FACE_BOUND('',#7154,.T.);
#7718=FACE_BOUND('',#7155,.T.);
#7719=FACE_BOUND('',#7156,.T.);
#7720=FACE_BOUND('',#7157,.T.);
#7721=FACE_BOUND('',#7158,.T.);
#7722=FACE_BOUND('',#7159,.T.);
#7723=FACE_BOUND('',#7160,.T.);
#7724=FACE_BOUND('',#7161,.T.);
#7725=FACE_BOUND('',#7162,.T.);
#7726=FACE_BOUND('',#7163,.T.);
#7727=FACE_BOUND('',#7164,.T.);
#7728=FACE_BOUND('',#7165,.T.);
#7729=FACE_BOUND('',#7166,.T.);
#7730=FACE_BOUND('',#7167,.T.);
#7731=FACE_BOUND('',#7168,.T.);
#7732=FACE_BOUND('',#7169,.T.);
#7733=FACE_BOUND('',#7170,.T.);
#7734=FACE_BOUND('',#7171,.T.);
#7735=FACE_BOUND('',#7172,.T.);
#7736=FACE_BOUND('',#7173,.T.);
#7737=FACE_BOUND('',#7174,.T.);
#7738=FACE_BOUND('',#7175,.T.);
#7739=FACE_BOUND('',#7176,.T.);
#7740=FACE_BOUND('',#7177,.T.);
#7741=FACE_BOUND('',#7178,.T.);
#7742=FACE_BOUND('',#7179,.T.);
#7743=FACE_BOUND('',#7180,.T.);
#7744=FACE_BOUND('',#7181,.T.);
#7745=FACE_BOUND('',#7182,.T.);
#7746=FACE_BOUND('',#7183,.T.);
#7747=FACE_BOUND('',#7184,.T.);
#7748=FACE_BOUND('',#7185,.T.);
#7749=FACE_BOUND('',#7186,.T.);
#7750=FACE_BOUND('',#7187,.T.);
#7751=FACE_BOUND('',#7188,.T.);
#7752=FACE_BOUND('',#7189,.T.);
#7753=FACE_BOUND('',#7190,.T.);
#7754=FACE_BOUND('',#7191,.T.);
#7755=FACE_BOUND('',#7192,.T.);
#7756=FACE_BOUND('',#7193,.T.);
#7757=FACE_BOUND('',#7194,.T.);
#7758=FACE_BOUND('',#7195,.T.);
#7759=FACE_BOUND('',#7196,.T.);
#7760=FACE_BOUND('',#7197,.T.);
#7761=FACE_BOUND('',#7198,.T.);
#7762=FACE_BOUND('',#7199,.T.);
#7763=FACE_BOUND('',#7200,.T.);
#7764=FACE_BOUND('',#7201,.T.);
#7765=FACE_BOUND('',#7202,.T.);
#7766=FACE_BOUND('',#7203,.T.);
#7767=FACE_BOUND('',#7204,.T.);
#7768=FACE_BOUND('',#7205,.T.);
#7769=FACE_BOUND('',#7206,.T.);
#7770=FACE_BOUND('',#7207,.T.);
#7771=FACE_BOUND('',#7208,.T.);
#7772=FACE_BOUND('',#7209,.T.);
#7773=FACE_BOUND('',#7210,.T.);
#7774=FACE_BOUND('',#7211,.T.);
#7775=FACE_BOUND('',#7212,.T.);
#7776=FACE_BOUND('',#7213,.T.);
#7777=FACE_BOUND('',#7214,.T.);
#7778=FACE_BOUND('',#7215,.T.);
#7779=FACE_BOUND('',#7216,.T.);
#7780=FACE_BOUND('',#7217,.T.);
#7781=FACE_BOUND('',#7218,.T.);
#7782=FACE_BOUND('',#7219,.T.);
#7783=FACE_BOUND('',#7220,.T.);
#7784=FACE_BOUND('',#7221,.T.);
#7785=FACE_BOUND('',#7222,.T.);
#7786=FACE_BOUND('',#7223,.T.);
#7787=FACE_BOUND('',#7224,.T.);
#7788=FACE_BOUND('',#7225,.T.);
#7789=FACE_BOUND('',#7226,.T.);
#7790=FACE_BOUND('',#7227,.T.);
#7791=FACE_BOUND('',#7228,.T.);
#7792=FACE_BOUND('',#7229,.T.);
#7793=FACE_BOUND('',#7230,.T.);
#7794=FACE_BOUND('',#7231,.T.);
#7795=FACE_BOUND('',#7232,.T.);
#7796=FACE_BOUND('',#7233,.T.);
#7797=FACE_BOUND('',#7234,.T.);
#7798=FACE_BOUND('',#7235,.T.);
#7799=FACE_BOUND('',#7236,.T.);
#7800=FACE_BOUND('',#7237,.T.);
#7801=FACE_BOUND('',#7238,.T.);
#7802=FACE_BOUND('',#7239,.T.);
#7803=FACE_BOUND('',#7240,.T.);
#7804=FACE_BOUND('',#7241,.T.);
#7805=FACE_BOUND('',#7242,.T.);
#7806=FACE_BOUND('',#7243,.T.);
#7807=FACE_BOUND('',#7244,.T.);
#7808=FACE_BOUND('',#7245,.T.);
#7809=FACE_BOUND('',#7246,.T.);
#7810=FACE_BOUND('',#7247,.T.);
#7811=FACE_BOUND('',#7248,.T.);
#7812=FACE_BOUND('',#7249,.T.);
#7813=FACE_BOUND('',#7250,.T.);
#7814=FACE_BOUND('',#7251,.T.);
#7815=FACE_BOUND('',#7252,.T.);
#7816=FACE_BOUND('',#7253,.T.);
#7817=FACE_BOUND('',#7254,.T.);
#7818=FACE_BOUND('',#7255,.T.);
#7819=FACE_BOUND('',#7256,.T.);
#7820=FACE_BOUND('',#7257,.T.);
#7821=FACE_BOUND('',#7258,.T.);
#7822=FACE_BOUND('',#7259,.T.);
#7823=FACE_BOUND('',#7260,.T.);
#7824=FACE_BOUND('',#7261,.T.);
#7825=FACE_BOUND('',#7262,.T.);
#7826=FACE_BOUND('',#7263,.T.);
#7827=FACE_BOUND('',#7264,.T.);
#7828=FACE_BOUND('',#7265,.T.);
#7829=FACE_BOUND('',#7266,.T.);
#7830=FACE_BOUND('',#7267,.T.);
#7831=FACE_BOUND('',#7268,.T.);
#7832=FACE_BOUND('',#7269,.T.);
#7833=FACE_BOUND('',#7270,.T.);
#7834=FACE_BOUND('',#7271,.T.);
#7835=FACE_BOUND('',#7272,.T.);
#7836=FACE_BOUND('',#7273,.T.);
#7837=FACE_BOUND('',#7274,.T.);
#7838=FACE_BOUND('',#7275,.T.);
#7839=FACE_BOUND('',#7276,.T.);
#7840=FACE_BOUND('',#7277,.T.);
#7841=FACE_BOUND('',#7278,.T.);
#7842=FACE_BOUND('',#7279,.T.);
#7843=FACE_BOUND('',#7280,.T.);
#7844=FACE_BOUND('',#7281,.T.);
#7845=FACE_BOUND('',#7282,.T.);
#7846=FACE_BOUND('',#7283,.T.);
#7847=FACE_BOUND('',#7284,.T.);
#7848=FACE_BOUND('',#7285,.T.);
#7849=FACE_BOUND('',#7286,.T.);
#7850=FACE_BOUND('',#7287,.T.);
#7851=FACE_BOUND('',#7288,.T.);
#7852=FACE_BOUND('',#7289,.T.);
#7853=FACE_BOUND('',#7290,.T.);
#7854=FACE_BOUND('',#7291,.T.);
#7855=FACE_BOUND('',#7292,.T.);
#7856=FACE_BOUND('',#7293,.T.);
#7857=FACE_BOUND('',#7294,.T.);
#7858=FACE_BOUND('',#7295,.T.);
#7859=FACE_BOUND('',#7296,.T.);
#7860=FACE_BOUND('',#7297,.T.);
#7861=FACE_BOUND('',#7298,.T.);
#7862=FACE_BOUND('',#7299,.T.);
#7863=FACE_BOUND('',#7300,.T.);
#7864=FACE_BOUND('',#7301,.T.);
#7865=FACE_BOUND('',#7302,.T.);
#7866=FACE_BOUND('',#7303,.T.);
#7867=FACE_BOUND('',#7304,.T.);
#7868=FACE_BOUND('',#7305,.T.);
#7869=FACE_BOUND('',#7306,.T.);
#7870=FACE_BOUND('',#7307,.T.);
#7871=FACE_BOUND('',#7308,.T.);
#7872=FACE_BOUND('',#7309,.T.);
#7873=FACE_BOUND('',#7310,.T.);
#7874=FACE_BOUND('',#7311,.T.);
#7875=FACE_BOUND('',#7312,.T.);
#7876=FACE_BOUND('',#7313,.T.);
#7877=FACE_BOUND('',#7314,.T.);
#7878=FACE_BOUND('',#7315,.T.);
#7879=FACE_BOUND('',#7316,.T.);
#7880=FACE_BOUND('',#7317,.T.);
#7881=FACE_BOUND('',#7318,.T.);
#7882=FACE_BOUND('',#7319,.T.);
#7883=FACE_BOUND('',#7320,.T.);
#7884=FACE_BOUND('',#7321,.T.);
#7885=FACE_BOUND('',#7322,.T.);
#7886=FACE_BOUND('',#7323,.T.);
#7887=FACE_BOUND('',#7324,.T.);
#7888=FACE_BOUND('',#7325,.T.);
#7889=FACE_BOUND('',#7326,.T.);
#7890=FACE_BOUND('',#7327,.T.);
#7891=FACE_BOUND('',#7328,.T.);
#7892=FACE_BOUND('',#7329,.T.);
#7893=FACE_BOUND('',#7330,.T.);
#7894=FACE_BOUND('',#7331,.T.);
#7895=FACE_BOUND('',#7332,.T.);
#7896=FACE_BOUND('',#7333,.T.);
#7897=FACE_BOUND('',#7334,.T.);
#7898=FACE_BOUND('',#7335,.T.);
#7899=FACE_BOUND('',#7336,.T.);
#7900=FACE_BOUND('',#7337,.T.);
#7901=FACE_BOUND('',#7338,.T.);
#7902=FACE_BOUND('',#7339,.T.);
#7903=FACE_BOUND('',#7340,.T.);
#7904=FACE_BOUND('',#7341,.T.);
#7905=FACE_BOUND('',#7342,.T.);
#7906=FACE_BOUND('',#7343,.T.);
#7907=FACE_BOUND('',#7344,.T.);
#7908=FACE_BOUND('',#7345,.T.);
#7909=FACE_BOUND('',#7346,.T.);
#7910=FACE_BOUND('',#7347,.T.);
#7911=FACE_BOUND('',#7348,.T.);
#7912=FACE_BOUND('',#7349,.T.);
#7913=FACE_BOUND('',#7350,.T.);
#7914=FACE_BOUND('',#7351,.T.);
#7915=FACE_BOUND('',#7352,.T.);
#7916=FACE_BOUND('',#7353,.T.);
#7917=FACE_BOUND('',#7354,.T.);
#7918=FACE_BOUND('',#7355,.T.);
#7919=FACE_BOUND('',#7356,.T.);
#7920=FACE_BOUND('',#7357,.T.);
#7921=FACE_BOUND('',#7358,.T.);
#7922=FACE_BOUND('',#7359,.T.);
#7923=FACE_BOUND('',#7360,.T.);
#7924=FACE_BOUND('',#7361,.T.);
#7925=FACE_BOUND('',#7362,.T.);
#7926=FACE_BOUND('',#7363,.T.);
#7927=FACE_BOUND('',#7364,.T.);
#7928=FACE_BOUND('',#7365,.T.);
#7929=FACE_BOUND('',#7366,.T.);
#7930=FACE_BOUND('',#7367,.T.);
#7931=FACE_BOUND('',#7368,.T.);
#7932=FACE_BOUND('',#7369,.T.);
#7933=FACE_BOUND('',#7370,.T.);
#7934=FACE_BOUND('',#7371,.T.);
#7935=FACE_BOUND('',#7372,.T.);
#7936=FACE_BOUND('',#7373,.T.);
#7937=FACE_BOUND('',#7374,.T.);
#7938=FACE_BOUND('',#7375,.T.);
#7939=FACE_BOUND('',#7376,.T.);
#7940=FACE_BOUND('',#7377,.T.);
#7941=FACE_BOUND('',#7378,.T.);
#7942=FACE_BOUND('',#7379,.T.);
#7943=FACE_BOUND('',#7380,.T.);
#7944=FACE_BOUND('',#7381,.T.);
#7945=FACE_BOUND('',#7382,.T.);
#7946=FACE_BOUND('',#7383,.T.);
#7947=FACE_BOUND('',#7384,.T.);
#7948=FACE_BOUND('',#7385,.T.);
#7949=FACE_BOUND('',#7386,.T.);
#7950=FACE_BOUND('',#7387,.T.);
#7951=FACE_BOUND('',#7388,.T.);
#7952=PLANE('',#12130);
#7953=PLANE('',#12135);
#7954=PLANE('',#12136);
#7955=PLANE('',#12137);
#7956=PLANE('',#12138);
#7957=PLANE('',#12139);
#7958=PLANE('',#12144);
#7959=PLANE('',#12145);
#7960=PLANE('',#12146);
#7961=PLANE('',#12147);
#7962=PLANE('',#12148);
#7963=PLANE('',#12149);
#7964=PLANE('',#12150);
#7965=PLANE('',#12151);
#7966=PLANE('',#12152);
#7967=PLANE('',#12153);
#7968=PLANE('',#12154);
#7969=PLANE('',#12155);
#7970=PLANE('',#12156);
#7971=PLANE('',#12157);
#7972=PLANE('',#12158);
#7973=PLANE('',#12159);
#7974=PLANE('',#12160);
#7975=PLANE('',#12161);
#7976=PLANE('',#12162);
#7977=PLANE('',#12163);
#7978=PLANE('',#12164);
#7979=PLANE('',#12165);
#7980=PLANE('',#12166);
#7981=PLANE('',#12167);
#7982=PLANE('',#12168);
#7983=PLANE('',#12169);
#7984=PLANE('',#12170);
#7985=PLANE('',#12171);
#7986=PLANE('',#12172);
#7987=PLANE('',#12173);
#7988=PLANE('',#12174);
#7989=PLANE('',#12175);
#7990=PLANE('',#12176);
#7991=PLANE('',#12177);
#7992=PLANE('',#12178);
#7993=PLANE('',#12179);
#7994=PLANE('',#12180);
#7995=PLANE('',#12181);
#7996=PLANE('',#12182);
#7997=PLANE('',#12183);
#7998=PLANE('',#12184);
#7999=PLANE('',#12185);
#8000=PLANE('',#12186);
#8001=PLANE('',#12187);
#8002=PLANE('',#12188);
#8003=PLANE('',#12189);
#8004=PLANE('',#12190);
#8005=PLANE('',#12191);
#8006=PLANE('',#12192);
#8007=PLANE('',#12193);
#8008=PLANE('',#12194);
#8009=PLANE('',#12195);
#8010=PLANE('',#12196);
#8011=PLANE('',#12197);
#8012=PLANE('',#12198);
#8013=PLANE('',#12199);
#8014=PLANE('',#12200);
#8015=PLANE('',#12201);
#8016=PLANE('',#12202);
#8017=PLANE('',#12203);
#8018=PLANE('',#12204);
#8019=PLANE('',#12205);
#8020=PLANE('',#12206);
#8021=PLANE('',#12207);
#8022=PLANE('',#12208);
#8023=PLANE('',#12209);
#8024=PLANE('',#12210);
#8025=PLANE('',#12211);
#8026=PLANE('',#12212);
#8027=PLANE('',#12213);
#8028=PLANE('',#12214);
#8029=PLANE('',#12215);
#8030=PLANE('',#12216);
#8031=PLANE('',#12217);
#8032=PLANE('',#12218);
#8033=PLANE('',#12219);
#8034=PLANE('',#12220);
#8035=PLANE('',#12221);
#8036=PLANE('',#12222);
#8037=PLANE('',#12223);
#8038=PLANE('',#12224);
#8039=PLANE('',#12225);
#8040=PLANE('',#12226);
#8041=PLANE('',#12227);
#8042=PLANE('',#12228);
#8043=PLANE('',#12229);
#8044=PLANE('',#12230);
#8045=PLANE('',#12231);
#8046=PLANE('',#12232);
#8047=PLANE('',#12233);
#8048=PLANE('',#12234);
#8049=PLANE('',#12235);
#8050=PLANE('',#12236);
#8051=PLANE('',#12237);
#8052=PLANE('',#12238);
#8053=PLANE('',#12239);
#8054=PLANE('',#12240);
#8055=PLANE('',#12241);
#8056=PLANE('',#12242);
#8057=PLANE('',#12243);
#8058=PLANE('',#12244);
#8059=PLANE('',#12245);
#8060=PLANE('',#12246);
#8061=PLANE('',#12247);
#8062=PLANE('',#12248);
#8063=PLANE('',#12249);
#8064=PLANE('',#12250);
#8065=PLANE('',#12251);
#8066=PLANE('',#12252);
#8067=PLANE('',#12253);
#8068=PLANE('',#12254);
#8069=PLANE('',#12255);
#8070=PLANE('',#12256);
#8071=PLANE('',#12257);
#8072=PLANE('',#12258);
#8073=PLANE('',#12259);
#8074=PLANE('',#12260);
#8075=PLANE('',#12261);
#8076=PLANE('',#12262);
#8077=PLANE('',#12263);
#8078=PLANE('',#12264);
#8079=PLANE('',#12265);
#8080=PLANE('',#12270);
#8081=PLANE('',#12271);
#8082=PLANE('',#12272);
#8083=PLANE('',#12273);
#8084=PLANE('',#12274);
#8085=PLANE('',#12275);
#8086=PLANE('',#12276);
#8087=PLANE('',#12277);
#8088=PLANE('',#12278);
#8089=PLANE('',#12279);
#8090=PLANE('',#12280);
#8091=PLANE('',#12281);
#8092=PLANE('',#12282);
#8093=PLANE('',#12283);
#8094=PLANE('',#12284);
#8095=PLANE('',#12285);
#8096=PLANE('',#12286);
#8097=PLANE('',#12287);
#8098=PLANE('',#12288);
#8099=PLANE('',#12289);
#8100=PLANE('',#12290);
#8101=PLANE('',#12291);
#8102=PLANE('',#12292);
#8103=PLANE('',#12293);
#8104=PLANE('',#12294);
#8105=PLANE('',#12295);
#8106=PLANE('',#12296);
#8107=PLANE('',#12297);
#8108=PLANE('',#12298);
#8109=PLANE('',#12299);
#8110=PLANE('',#12300);
#8111=PLANE('',#12301);
#8112=PLANE('',#12302);
#8113=PLANE('',#12303);
#8114=PLANE('',#12304);
#8115=PLANE('',#12305);
#8116=PLANE('',#12306);
#8117=PLANE('',#12307);
#8118=PLANE('',#12308);
#8119=PLANE('',#12309);
#8120=PLANE('',#12310);
#8121=PLANE('',#12311);
#8122=PLANE('',#12312);
#8123=PLANE('',#12313);
#8124=PLANE('',#12314);
#8125=PLANE('',#12315);
#8126=PLANE('',#12317);
#8127=PLANE('',#12318);
#8128=PLANE('',#12319);
#8129=PLANE('',#12320);
#8130=PLANE('',#12321);
#8131=PLANE('',#12322);
#8132=PLANE('',#12323);
#8133=PLANE('',#12324);
#8134=PLANE('',#12325);
#8135=PLANE('',#12326);
#8136=PLANE('',#12327);
#8137=PLANE('',#12328);
#8138=PLANE('',#12329);
#8139=PLANE('',#12330);
#8140=PLANE('',#12331);
#8141=PLANE('',#12332);
#8142=PLANE('',#12333);
#8143=PLANE('',#12334);
#8144=PLANE('',#12335);
#8145=PLANE('',#12336);
#8146=PLANE('',#12337);
#8147=PLANE('',#12338);
#8148=PLANE('',#12339);
#8149=PLANE('',#12340);
#8150=PLANE('',#12342);
#8151=PLANE('',#12343);
#8152=PLANE('',#12344);
#8153=PLANE('',#12345);
#8154=PLANE('',#12346);
#8155=PLANE('',#12347);
#8156=PLANE('',#12348);
#8157=PLANE('',#12349);
#8158=PLANE('',#12350);
#8159=PLANE('',#12351);
#8160=PLANE('',#12352);
#8161=PLANE('',#12353);
#8162=PLANE('',#12354);
#8163=PLANE('',#12355);
#8164=PLANE('',#12360);
#8165=PLANE('',#12361);
#8166=PLANE('',#12362);
#8167=PLANE('',#12363);
#8168=PLANE('',#12364);
#8169=PLANE('',#12365);
#8170=PLANE('',#12369);
#8171=PLANE('',#12371);
#8172=PLANE('',#12374);
#8173=PLANE('',#12375);
#8174=PLANE('',#12376);
#8175=PLANE('',#12377);
#8176=PLANE('',#12379);
#8177=PLANE('',#12380);
#8178=PLANE('',#12381);
#8179=PLANE('',#12382);
#8180=PLANE('',#12383);
#8181=PLANE('',#12384);
#8182=PLANE('',#12385);
#8183=PLANE('',#12386);
#8184=PLANE('',#12387);
#8185=PLANE('',#12388);
#8186=PLANE('',#12390);
#8187=PLANE('',#12423);
#8188=PLANE('',#12424);
#8189=PLANE('',#12425);
#8190=PLANE('',#12426);
#8191=PLANE('',#12427);
#8192=PLANE('',#12456);
#8193=PLANE('',#12457);
#8194=PLANE('',#12458);
#8195=PLANE('',#12459);
#8196=PLANE('',#12464);
#8197=PLANE('',#12465);
#8198=PLANE('',#12467);
#8199=PLANE('',#12469);
#8200=PLANE('',#12471);
#8201=PLANE('',#12473);
#8202=PLANE('',#12475);
#8203=PLANE('',#12508);
#8204=PLANE('',#12509);
#8205=PLANE('',#12510);
#8206=PLANE('',#12511);
#8207=PLANE('',#12512);
#8208=PLANE('',#12541);
#8209=PLANE('',#12542);
#8210=PLANE('',#12543);
#8211=PLANE('',#12544);
#8212=PLANE('',#12549);
#8213=PLANE('',#12550);
#8214=PLANE('',#12552);
#8215=PLANE('',#12554);
#8216=PLANE('',#12556);
#8217=PLANE('',#12558);
#8218=PLANE('',#12560);
#8219=PLANE('',#12593);
#8220=PLANE('',#12594);
#8221=PLANE('',#12595);
#8222=PLANE('',#12596);
#8223=PLANE('',#12597);
#8224=PLANE('',#12626);
#8225=PLANE('',#12627);
#8226=PLANE('',#12628);
#8227=PLANE('',#12629);
#8228=PLANE('',#12634);
#8229=PLANE('',#12635);
#8230=PLANE('',#12637);
#8231=PLANE('',#12639);
#8232=PLANE('',#12641);
#8233=PLANE('',#12643);
#8234=PLANE('',#12645);
#8235=PLANE('',#12678);
#8236=PLANE('',#12679);
#8237=PLANE('',#12680);
#8238=PLANE('',#12681);
#8239=PLANE('',#12682);
#8240=PLANE('',#12711);
#8241=PLANE('',#12712);
#8242=PLANE('',#12713);
#8243=PLANE('',#12714);
#8244=PLANE('',#12719);
#8245=PLANE('',#12720);
#8246=PLANE('',#12722);
#8247=PLANE('',#12724);
#8248=PLANE('',#12726);
#8249=PLANE('',#12728);
#8250=PLANE('',#12730);
#8251=PLANE('',#12731);
#8252=PLANE('',#12732);
#8253=PLANE('',#12733);
#8254=PLANE('',#12734);
#8255=PLANE('',#12735);
#8256=PLANE('',#12736);
#8257=PLANE('',#12737);
#8258=PLANE('',#12738);
#8259=PLANE('',#12739);
#8260=PLANE('',#12740);
#8261=PLANE('',#12741);
#8262=PLANE('',#12742);
#8263=PLANE('',#12743);
#8264=PLANE('',#12747);
#8265=PLANE('',#12751);
#8266=PLANE('',#12755);
#8267=PLANE('',#12759);
#8268=PLANE('',#12760);
#8269=PLANE('',#12761);
#8270=PLANE('',#12762);
#8271=PLANE('',#12763);
#8272=PLANE('',#12764);
#8273=PLANE('',#12768);
#8274=PLANE('',#12772);
#8275=PLANE('',#12776);
#8276=PLANE('',#12780);
#8277=PLANE('',#12781);
#8278=PLANE('',#12782);
#8279=PLANE('',#12783);
#8280=PLANE('',#12784);
#8281=PLANE('',#12785);
#8282=PLANE('',#12789);
#8283=PLANE('',#12793);
#8284=PLANE('',#12797);
#8285=PLANE('',#12801);
#8286=PLANE('',#12802);
#8287=PLANE('',#12803);
#8288=PLANE('',#12810);
#8289=PLANE('',#12811);
#8290=PLANE('',#12812);
#8291=PLANE('',#12813);
#8292=PLANE('',#12814);
#8293=PLANE('',#12818);
#8294=PLANE('',#12822);
#8295=PLANE('',#12823);
#8296=STYLED_ITEM('',(#8764),#11581);
#8297=STYLED_ITEM('',(#8765),#11582);
#8298=STYLED_ITEM('',(#8766),#11583);
#8299=STYLED_ITEM('',(#8767),#11584);
#8300=STYLED_ITEM('',(#8768),#11585);
#8301=STYLED_ITEM('',(#8769),#11586);
#8302=STYLED_ITEM('',(#8770),#11587);
#8303=STYLED_ITEM('',(#8771),#11588);
#8304=STYLED_ITEM('',(#8772),#11589);
#8305=STYLED_ITEM('',(#8773),#11590);
#8306=STYLED_ITEM('',(#8774),#11591);
#8307=STYLED_ITEM('',(#8775),#11592);
#8308=STYLED_ITEM('',(#8776),#11593);
#8309=STYLED_ITEM('',(#8777),#11594);
#8310=STYLED_ITEM('',(#8778),#11595);
#8311=STYLED_ITEM('',(#8779),#11596);
#8312=STYLED_ITEM('',(#8780),#11597);
#8313=STYLED_ITEM('',(#8781),#11598);
#8314=STYLED_ITEM('',(#8782),#11599);
#8315=STYLED_ITEM('',(#8783),#11600);
#8316=STYLED_ITEM('',(#8784),#11601);
#8317=STYLED_ITEM('',(#8785),#11602);
#8318=STYLED_ITEM('',(#8786),#11603);
#8319=STYLED_ITEM('',(#8787),#11604);
#8320=STYLED_ITEM('',(#8788),#11605);
#8321=STYLED_ITEM('',(#8789),#11606);
#8322=STYLED_ITEM('',(#8790),#11607);
#8323=STYLED_ITEM('',(#8791),#11608);
#8324=STYLED_ITEM('',(#8792),#11609);
#8325=STYLED_ITEM('',(#8793),#11610);
#8326=STYLED_ITEM('',(#8794),#11611);
#8327=STYLED_ITEM('',(#8795),#11612);
#8328=STYLED_ITEM('',(#8796),#11613);
#8329=STYLED_ITEM('',(#8797),#11614);
#8330=STYLED_ITEM('',(#8798),#11615);
#8331=STYLED_ITEM('',(#8799),#11616);
#8332=STYLED_ITEM('',(#8800),#11617);
#8333=STYLED_ITEM('',(#8801),#11618);
#8334=STYLED_ITEM('',(#8802),#11619);
#8335=STYLED_ITEM('',(#8803),#11620);
#8336=STYLED_ITEM('',(#8804),#11621);
#8337=STYLED_ITEM('',(#8805),#11622);
#8338=STYLED_ITEM('',(#8806),#11623);
#8339=STYLED_ITEM('',(#8807),#11624);
#8340=STYLED_ITEM('',(#8808),#11625);
#8341=STYLED_ITEM('',(#8809),#11626);
#8342=STYLED_ITEM('',(#8810),#11627);
#8343=STYLED_ITEM('',(#8811),#11628);
#8344=STYLED_ITEM('',(#8812),#11629);
#8345=STYLED_ITEM('',(#8813),#11630);
#8346=STYLED_ITEM('',(#8814),#11631);
#8347=STYLED_ITEM('',(#8815),#11632);
#8348=STYLED_ITEM('',(#8816),#11633);
#8349=STYLED_ITEM('',(#8817),#11634);
#8350=STYLED_ITEM('',(#8818),#11635);
#8351=STYLED_ITEM('',(#8819),#11636);
#8352=STYLED_ITEM('',(#8820),#11637);
#8353=STYLED_ITEM('',(#8821),#11638);
#8354=STYLED_ITEM('',(#8822),#11639);
#8355=STYLED_ITEM('',(#8823),#11640);
#8356=STYLED_ITEM('',(#8824),#11641);
#8357=STYLED_ITEM('',(#8825),#11642);
#8358=STYLED_ITEM('',(#8826),#11643);
#8359=STYLED_ITEM('',(#8827),#11644);
#8360=STYLED_ITEM('',(#8828),#11645);
#8361=STYLED_ITEM('',(#8829),#11646);
#8362=STYLED_ITEM('',(#8830),#11647);
#8363=STYLED_ITEM('',(#8831),#11648);
#8364=STYLED_ITEM('',(#8832),#11649);
#8365=STYLED_ITEM('',(#8833),#11650);
#8366=STYLED_ITEM('',(#8834),#11651);
#8367=STYLED_ITEM('',(#8835),#11652);
#8368=STYLED_ITEM('',(#8836),#11653);
#8369=STYLED_ITEM('',(#8837),#11654);
#8370=STYLED_ITEM('',(#8838),#11655);
#8371=STYLED_ITEM('',(#8839),#11656);
#8372=STYLED_ITEM('',(#8840),#11657);
#8373=STYLED_ITEM('',(#8841),#11658);
#8374=STYLED_ITEM('',(#8842),#11659);
#8375=STYLED_ITEM('',(#8843),#11660);
#8376=STYLED_ITEM('',(#8844),#11661);
#8377=STYLED_ITEM('',(#8845),#11662);
#8378=STYLED_ITEM('',(#8846),#11663);
#8379=STYLED_ITEM('',(#8847),#11664);
#8380=STYLED_ITEM('',(#8848),#11665);
#8381=STYLED_ITEM('',(#8849),#11666);
#8382=STYLED_ITEM('',(#8850),#11667);
#8383=STYLED_ITEM('',(#8851),#11668);
#8384=STYLED_ITEM('',(#8852),#11669);
#8385=STYLED_ITEM('',(#8853),#11670);
#8386=STYLED_ITEM('',(#8854),#11671);
#8387=STYLED_ITEM('',(#8855),#11672);
#8388=STYLED_ITEM('',(#8856),#11673);
#8389=STYLED_ITEM('',(#8857),#11674);
#8390=STYLED_ITEM('',(#8858),#11675);
#8391=STYLED_ITEM('',(#8859),#11676);
#8392=STYLED_ITEM('',(#8860),#11677);
#8393=STYLED_ITEM('',(#8861),#11678);
#8394=STYLED_ITEM('',(#8862),#11679);
#8395=STYLED_ITEM('',(#8863),#11680);
#8396=STYLED_ITEM('',(#8864),#11681);
#8397=STYLED_ITEM('',(#8865),#11682);
#8398=STYLED_ITEM('',(#8866),#11683);
#8399=STYLED_ITEM('',(#8867),#11684);
#8400=STYLED_ITEM('',(#8868),#11685);
#8401=STYLED_ITEM('',(#8869),#11686);
#8402=STYLED_ITEM('',(#8870),#11687);
#8403=STYLED_ITEM('',(#8871),#11688);
#8404=STYLED_ITEM('',(#8872),#11689);
#8405=STYLED_ITEM('',(#8873),#11690);
#8406=STYLED_ITEM('',(#8874),#11691);
#8407=STYLED_ITEM('',(#8875),#11692);
#8408=STYLED_ITEM('',(#8876),#11693);
#8409=STYLED_ITEM('',(#8877),#11694);
#8410=STYLED_ITEM('',(#8878),#11695);
#8411=STYLED_ITEM('',(#8879),#11696);
#8412=STYLED_ITEM('',(#8880),#11697);
#8413=STYLED_ITEM('',(#8881),#11698);
#8414=STYLED_ITEM('',(#8882),#11699);
#8415=STYLED_ITEM('',(#8883),#11700);
#8416=STYLED_ITEM('',(#8884),#11701);
#8417=STYLED_ITEM('',(#8885),#11702);
#8418=STYLED_ITEM('',(#8886),#11703);
#8419=STYLED_ITEM('',(#8887),#11704);
#8420=STYLED_ITEM('',(#8888),#11705);
#8421=STYLED_ITEM('',(#8889),#11706);
#8422=STYLED_ITEM('',(#8890),#11707);
#8423=STYLED_ITEM('',(#8891),#11708);
#8424=STYLED_ITEM('',(#8892),#11709);
#8425=STYLED_ITEM('',(#8893),#11710);
#8426=STYLED_ITEM('',(#8894),#11711);
#8427=STYLED_ITEM('',(#8895),#11712);
#8428=STYLED_ITEM('',(#8896),#11713);
#8429=STYLED_ITEM('',(#8897),#11714);
#8430=STYLED_ITEM('',(#8898),#11715);
#8431=STYLED_ITEM('',(#8899),#11716);
#8432=STYLED_ITEM('',(#8900),#11717);
#8433=STYLED_ITEM('',(#8901),#11718);
#8434=STYLED_ITEM('',(#8902),#11719);
#8435=STYLED_ITEM('',(#8903),#11720);
#8436=STYLED_ITEM('',(#8904),#11721);
#8437=STYLED_ITEM('',(#8905),#11722);
#8438=STYLED_ITEM('',(#8906),#11723);
#8439=STYLED_ITEM('',(#8907),#11724);
#8440=STYLED_ITEM('',(#8908),#11725);
#8441=STYLED_ITEM('',(#8909),#11726);
#8442=STYLED_ITEM('',(#8910),#11727);
#8443=STYLED_ITEM('',(#8911),#11728);
#8444=STYLED_ITEM('',(#8912),#11729);
#8445=STYLED_ITEM('',(#8913),#11730);
#8446=STYLED_ITEM('',(#8914),#11731);
#8447=STYLED_ITEM('',(#8915),#11732);
#8448=STYLED_ITEM('',(#8916),#11733);
#8449=STYLED_ITEM('',(#8917),#11734);
#8450=STYLED_ITEM('',(#8918),#11735);
#8451=STYLED_ITEM('',(#8919),#11736);
#8452=STYLED_ITEM('',(#8920),#11737);
#8453=STYLED_ITEM('',(#8921),#11738);
#8454=STYLED_ITEM('',(#8922),#11739);
#8455=STYLED_ITEM('',(#8923),#11740);
#8456=STYLED_ITEM('',(#8924),#11741);
#8457=STYLED_ITEM('',(#8925),#11742);
#8458=STYLED_ITEM('',(#8926),#11743);
#8459=STYLED_ITEM('',(#8927),#11744);
#8460=STYLED_ITEM('',(#8928),#11745);
#8461=STYLED_ITEM('',(#8929),#11746);
#8462=STYLED_ITEM('',(#8930),#11747);
#8463=STYLED_ITEM('',(#8931),#11748);
#8464=STYLED_ITEM('',(#8932),#11749);
#8465=STYLED_ITEM('',(#8933),#11750);
#8466=STYLED_ITEM('',(#8934),#11751);
#8467=STYLED_ITEM('',(#8935),#11752);
#8468=STYLED_ITEM('',(#8936),#11753);
#8469=STYLED_ITEM('',(#8937),#11754);
#8470=STYLED_ITEM('',(#8938),#11755);
#8471=STYLED_ITEM('',(#8939),#11756);
#8472=STYLED_ITEM('',(#8940),#11757);
#8473=STYLED_ITEM('',(#8941),#11758);
#8474=STYLED_ITEM('',(#8942),#11759);
#8475=STYLED_ITEM('',(#8943),#11760);
#8476=STYLED_ITEM('',(#8944),#11761);
#8477=STYLED_ITEM('',(#8945),#11762);
#8478=STYLED_ITEM('',(#8946),#11763);
#8479=STYLED_ITEM('',(#8947),#11764);
#8480=STYLED_ITEM('',(#8948),#11765);
#8481=STYLED_ITEM('',(#8949),#11766);
#8482=STYLED_ITEM('',(#8950),#11767);
#8483=STYLED_ITEM('',(#8951),#11768);
#8484=STYLED_ITEM('',(#8952),#11769);
#8485=STYLED_ITEM('',(#8953),#11770);
#8486=STYLED_ITEM('',(#8954),#11771);
#8487=STYLED_ITEM('',(#8955),#11772);
#8488=STYLED_ITEM('',(#8956),#11773);
#8489=STYLED_ITEM('',(#8957),#11774);
#8490=STYLED_ITEM('',(#8958),#11775);
#8491=STYLED_ITEM('',(#8959),#11776);
#8492=STYLED_ITEM('',(#8960),#11777);
#8493=STYLED_ITEM('',(#8961),#11778);
#8494=STYLED_ITEM('',(#8962),#11779);
#8495=STYLED_ITEM('',(#8963),#11780);
#8496=STYLED_ITEM('',(#8964),#11781);
#8497=STYLED_ITEM('',(#8965),#11782);
#8498=STYLED_ITEM('',(#8966),#11783);
#8499=STYLED_ITEM('',(#8967),#11784);
#8500=STYLED_ITEM('',(#8968),#12096);
#8501=STYLED_ITEM('',(#8969),#12097);
#8502=STYLED_ITEM('',(#8970),#11823);
#8503=STYLED_ITEM('',(#8971),#11824);
#8504=STYLED_ITEM('',(#8972),#11825);
#8505=STYLED_ITEM('',(#8973),#11826);
#8506=STYLED_ITEM('',(#8974),#11827);
#8507=STYLED_ITEM('',(#8975),#11828);
#8508=STYLED_ITEM('',(#8976),#11829);
#8509=STYLED_ITEM('',(#8977),#11830);
#8510=STYLED_ITEM('',(#8978),#11831);
#8511=STYLED_ITEM('',(#8979),#11832);
#8512=STYLED_ITEM('',(#8980),#11833);
#8513=STYLED_ITEM('',(#8981),#11834);
#8514=STYLED_ITEM('',(#8982),#11835);
#8515=STYLED_ITEM('',(#8983),#11836);
#8516=STYLED_ITEM('',(#8984),#11837);
#8517=STYLED_ITEM('',(#8985),#11838);
#8518=STYLED_ITEM('',(#8986),#11839);
#8519=STYLED_ITEM('',(#8987),#11840);
#8520=STYLED_ITEM('',(#8988),#11841);
#8521=STYLED_ITEM('',(#8989),#11842);
#8522=STYLED_ITEM('',(#8990),#11843);
#8523=STYLED_ITEM('',(#8991),#11844);
#8524=STYLED_ITEM('',(#8992),#11845);
#8525=STYLED_ITEM('',(#8993),#11846);
#8526=STYLED_ITEM('',(#8994),#11847);
#8527=STYLED_ITEM('',(#8995),#11848);
#8528=STYLED_ITEM('',(#8996),#11849);
#8529=STYLED_ITEM('',(#8997),#11850);
#8530=STYLED_ITEM('',(#8998),#11851);
#8531=STYLED_ITEM('',(#8999),#11852);
#8532=STYLED_ITEM('',(#9000),#11853);
#8533=STYLED_ITEM('',(#9001),#11854);
#8534=STYLED_ITEM('',(#9002),#11855);
#8535=STYLED_ITEM('',(#9003),#11856);
#8536=STYLED_ITEM('',(#9004),#11857);
#8537=STYLED_ITEM('',(#9005),#11858);
#8538=STYLED_ITEM('',(#9006),#11859);
#8539=STYLED_ITEM('',(#9007),#11860);
#8540=STYLED_ITEM('',(#9008),#11861);
#8541=STYLED_ITEM('',(#9009),#11862);
#8542=STYLED_ITEM('',(#9010),#11863);
#8543=STYLED_ITEM('',(#9011),#11864);
#8544=STYLED_ITEM('',(#9012),#11865);
#8545=STYLED_ITEM('',(#9013),#11866);
#8546=STYLED_ITEM('',(#9014),#11867);
#8547=STYLED_ITEM('',(#9015),#11868);
#8548=STYLED_ITEM('',(#9016),#11869);
#8549=STYLED_ITEM('',(#9017),#11870);
#8550=STYLED_ITEM('',(#9018),#11871);
#8551=STYLED_ITEM('',(#9019),#11872);
#8552=STYLED_ITEM('',(#9020),#11873);
#8553=STYLED_ITEM('',(#9021),#11874);
#8554=STYLED_ITEM('',(#9022),#11875);
#8555=STYLED_ITEM('',(#9023),#11876);
#8556=STYLED_ITEM('',(#9024),#11877);
#8557=STYLED_ITEM('',(#9025),#11878);
#8558=STYLED_ITEM('',(#9026),#11879);
#8559=STYLED_ITEM('',(#9027),#11880);
#8560=STYLED_ITEM('',(#9028),#11881);
#8561=STYLED_ITEM('',(#9029),#11882);
#8562=STYLED_ITEM('',(#9030),#11883);
#8563=STYLED_ITEM('',(#9031),#11884);
#8564=STYLED_ITEM('',(#9032),#11885);
#8565=STYLED_ITEM('',(#9033),#11886);
#8566=STYLED_ITEM('',(#9034),#11887);
#8567=STYLED_ITEM('',(#9035),#11888);
#8568=STYLED_ITEM('',(#9036),#11889);
#8569=STYLED_ITEM('',(#9037),#11890);
#8570=STYLED_ITEM('',(#9038),#11891);
#8571=STYLED_ITEM('',(#9039),#11892);
#8572=STYLED_ITEM('',(#9040),#11893);
#8573=STYLED_ITEM('',(#9041),#11894);
#8574=STYLED_ITEM('',(#9042),#11895);
#8575=STYLED_ITEM('',(#9043),#11896);
#8576=STYLED_ITEM('',(#9044),#11897);
#8577=STYLED_ITEM('',(#9045),#11898);
#8578=STYLED_ITEM('',(#9046),#11899);
#8579=STYLED_ITEM('',(#9047),#11900);
#8580=STYLED_ITEM('',(#9048),#11901);
#8581=STYLED_ITEM('',(#9049),#11902);
#8582=STYLED_ITEM('',(#9050),#11903);
#8583=STYLED_ITEM('',(#9051),#11904);
#8584=STYLED_ITEM('',(#9052),#11905);
#8585=STYLED_ITEM('',(#9053),#11906);
#8586=STYLED_ITEM('',(#9054),#11907);
#8587=STYLED_ITEM('',(#9055),#11908);
#8588=STYLED_ITEM('',(#9056),#11909);
#8589=STYLED_ITEM('',(#9057),#11910);
#8590=STYLED_ITEM('',(#9058),#11911);
#8591=STYLED_ITEM('',(#9059),#11912);
#8592=STYLED_ITEM('',(#9060),#11913);
#8593=STYLED_ITEM('',(#9061),#11914);
#8594=STYLED_ITEM('',(#9062),#11915);
#8595=STYLED_ITEM('',(#9063),#11916);
#8596=STYLED_ITEM('',(#9064),#11917);
#8597=STYLED_ITEM('',(#9065),#11918);
#8598=STYLED_ITEM('',(#9066),#11919);
#8599=STYLED_ITEM('',(#9067),#11920);
#8600=STYLED_ITEM('',(#9068),#11921);
#8601=STYLED_ITEM('',(#9069),#11922);
#8602=STYLED_ITEM('',(#9070),#11923);
#8603=STYLED_ITEM('',(#9071),#11924);
#8604=STYLED_ITEM('',(#9072),#11925);
#8605=STYLED_ITEM('',(#9073),#11926);
#8606=STYLED_ITEM('',(#9074),#11927);
#8607=STYLED_ITEM('',(#9075),#11928);
#8608=STYLED_ITEM('',(#9076),#11929);
#8609=STYLED_ITEM('',(#9077),#11930);
#8610=STYLED_ITEM('',(#9078),#11931);
#8611=STYLED_ITEM('',(#9079),#11932);
#8612=STYLED_ITEM('',(#9080),#11933);
#8613=STYLED_ITEM('',(#9081),#11934);
#8614=STYLED_ITEM('',(#9082),#11935);
#8615=STYLED_ITEM('',(#9083),#11936);
#8616=STYLED_ITEM('',(#9084),#11937);
#8617=STYLED_ITEM('',(#9085),#11938);
#8618=STYLED_ITEM('',(#9086),#11939);
#8619=STYLED_ITEM('',(#9087),#11940);
#8620=STYLED_ITEM('',(#9088),#11941);
#8621=STYLED_ITEM('',(#9089),#11942);
#8622=STYLED_ITEM('',(#9090),#11943);
#8623=STYLED_ITEM('',(#9091),#11944);
#8624=STYLED_ITEM('',(#9092),#11945);
#8625=STYLED_ITEM('',(#9093),#11946);
#8626=STYLED_ITEM('',(#9094),#11947);
#8627=STYLED_ITEM('',(#9095),#11948);
#8628=STYLED_ITEM('',(#9096),#11949);
#8629=STYLED_ITEM('',(#9097),#11950);
#8630=STYLED_ITEM('',(#9098),#11951);
#8631=STYLED_ITEM('',(#9099),#11952);
#8632=STYLED_ITEM('',(#9100),#11953);
#8633=STYLED_ITEM('',(#9101),#11954);
#8634=STYLED_ITEM('',(#9102),#11955);
#8635=STYLED_ITEM('',(#9103),#11956);
#8636=STYLED_ITEM('',(#9104),#11957);
#8637=STYLED_ITEM('',(#9105),#11958);
#8638=STYLED_ITEM('',(#9106),#11959);
#8639=STYLED_ITEM('',(#9107),#11960);
#8640=STYLED_ITEM('',(#9108),#11961);
#8641=STYLED_ITEM('',(#9109),#11962);
#8642=STYLED_ITEM('',(#9110),#11963);
#8643=STYLED_ITEM('',(#9111),#11964);
#8644=STYLED_ITEM('',(#9112),#11965);
#8645=STYLED_ITEM('',(#9113),#11966);
#8646=STYLED_ITEM('',(#9114),#11967);
#8647=STYLED_ITEM('',(#9115),#11968);
#8648=STYLED_ITEM('',(#9116),#11969);
#8649=STYLED_ITEM('',(#9117),#11970);
#8650=STYLED_ITEM('',(#9118),#11971);
#8651=STYLED_ITEM('',(#9119),#11972);
#8652=STYLED_ITEM('',(#9120),#11973);
#8653=STYLED_ITEM('',(#9121),#11974);
#8654=STYLED_ITEM('',(#9122),#11975);
#8655=STYLED_ITEM('',(#9123),#11976);
#8656=STYLED_ITEM('',(#9124),#11977);
#8657=STYLED_ITEM('',(#9125),#11978);
#8658=STYLED_ITEM('',(#9126),#11979);
#8659=STYLED_ITEM('',(#9127),#11980);
#8660=STYLED_ITEM('',(#9128),#11981);
#8661=STYLED_ITEM('',(#9129),#11982);
#8662=STYLED_ITEM('',(#9130),#11983);
#8663=STYLED_ITEM('',(#9131),#11984);
#8664=STYLED_ITEM('',(#9132),#11985);
#8665=STYLED_ITEM('',(#9133),#11986);
#8666=STYLED_ITEM('',(#9134),#11987);
#8667=STYLED_ITEM('',(#9135),#11988);
#8668=STYLED_ITEM('',(#9136),#11989);
#8669=STYLED_ITEM('',(#9137),#11990);
#8670=STYLED_ITEM('',(#9138),#11991);
#8671=STYLED_ITEM('',(#9139),#11992);
#8672=STYLED_ITEM('',(#9140),#11993);
#8673=STYLED_ITEM('',(#9141),#11994);
#8674=STYLED_ITEM('',(#9142),#11995);
#8675=STYLED_ITEM('',(#9143),#11996);
#8676=STYLED_ITEM('',(#9144),#11997);
#8677=STYLED_ITEM('',(#9145),#11998);
#8678=STYLED_ITEM('',(#9146),#11999);
#8679=STYLED_ITEM('',(#9147),#12000);
#8680=STYLED_ITEM('',(#9148),#12001);
#8681=STYLED_ITEM('',(#9149),#12002);
#8682=STYLED_ITEM('',(#9150),#12003);
#8683=STYLED_ITEM('',(#9151),#12004);
#8684=STYLED_ITEM('',(#9152),#12005);
#8685=STYLED_ITEM('',(#9153),#12006);
#8686=STYLED_ITEM('',(#9154),#12007);
#8687=STYLED_ITEM('',(#9155),#12008);
#8688=STYLED_ITEM('',(#9156),#12009);
#8689=STYLED_ITEM('',(#9157),#12010);
#8690=STYLED_ITEM('',(#9158),#12011);
#8691=STYLED_ITEM('',(#9159),#12012);
#8692=STYLED_ITEM('',(#9160),#12013);
#8693=STYLED_ITEM('',(#9161),#12014);
#8694=STYLED_ITEM('',(#9162),#12015);
#8695=STYLED_ITEM('',(#9163),#12016);
#8696=STYLED_ITEM('',(#9164),#12017);
#8697=STYLED_ITEM('',(#9165),#12018);
#8698=STYLED_ITEM('',(#9166),#12019);
#8699=STYLED_ITEM('',(#9167),#12020);
#8700=STYLED_ITEM('',(#9168),#12021);
#8701=STYLED_ITEM('',(#9169),#12022);
#8702=STYLED_ITEM('',(#9170),#12023);
#8703=STYLED_ITEM('',(#9171),#12024);
#8704=STYLED_ITEM('',(#9172),#12025);
#8705=STYLED_ITEM('',(#9173),#12026);
#8706=STYLED_ITEM('',(#9174),#12027);
#8707=STYLED_ITEM('',(#9175),#12028);
#8708=STYLED_ITEM('',(#9176),#12029);
#8709=STYLED_ITEM('',(#9177),#12030);
#8710=STYLED_ITEM('',(#9178),#12031);
#8711=STYLED_ITEM('',(#9179),#12032);
#8712=STYLED_ITEM('',(#9180),#12033);
#8713=STYLED_ITEM('',(#9181),#12034);
#8714=STYLED_ITEM('',(#9182),#12035);
#8715=STYLED_ITEM('',(#9183),#12036);
#8716=STYLED_ITEM('',(#9184),#12037);
#8717=STYLED_ITEM('',(#9185),#12038);
#8718=STYLED_ITEM('',(#9186),#12039);
#8719=STYLED_ITEM('',(#9187),#12040);
#8720=STYLED_ITEM('',(#9188),#12041);
#8721=STYLED_ITEM('',(#9189),#12042);
#8722=STYLED_ITEM('',(#9190),#12043);
#8723=STYLED_ITEM('',(#9191),#12044);
#8724=STYLED_ITEM('',(#9192),#12045);
#8725=STYLED_ITEM('',(#9193),#12046);
#8726=STYLED_ITEM('',(#9194),#12047);
#8727=STYLED_ITEM('',(#9195),#12048);
#8728=STYLED_ITEM('',(#9196),#12049);
#8729=STYLED_ITEM('',(#9197),#12050);
#8730=STYLED_ITEM('',(#9198),#12051);
#8731=STYLED_ITEM('',(#9199),#12052);
#8732=STYLED_ITEM('',(#9200),#12053);
#8733=STYLED_ITEM('',(#9201),#12054);
#8734=STYLED_ITEM('',(#9202),#12055);
#8735=STYLED_ITEM('',(#9203),#12056);
#8736=STYLED_ITEM('',(#9204),#12057);
#8737=STYLED_ITEM('',(#9205),#12058);
#8738=STYLED_ITEM('',(#9206),#12059);
#8739=STYLED_ITEM('',(#9207),#12060);
#8740=STYLED_ITEM('',(#9208),#12061);
#8741=STYLED_ITEM('',(#9209),#12062);
#8742=STYLED_ITEM('',(#9210),#12063);
#8743=STYLED_ITEM('',(#9211),#12064);
#8744=STYLED_ITEM('',(#9212),#12065);
#8745=STYLED_ITEM('',(#9213),#12066);
#8746=STYLED_ITEM('',(#9214),#12067);
#8747=STYLED_ITEM('',(#9215),#12068);
#8748=STYLED_ITEM('',(#9216),#12069);
#8749=STYLED_ITEM('',(#9217),#12070);
#8750=STYLED_ITEM('',(#9218),#12071);
#8751=STYLED_ITEM('',(#9219),#12072);
#8752=STYLED_ITEM('',(#9220),#12073);
#8753=STYLED_ITEM('',(#9221),#12074);
#8754=STYLED_ITEM('',(#9222),#12075);
#8755=STYLED_ITEM('',(#9223),#12076);
#8756=STYLED_ITEM('',(#9224),#12077);
#8757=STYLED_ITEM('',(#9225),#12078);
#8758=STYLED_ITEM('',(#9226),#12079);
#8759=STYLED_ITEM('',(#9227),#12080);
#8760=STYLED_ITEM('',(#9228),#12081);
#8761=STYLED_ITEM('',(#9229),#12082);
#8762=STYLED_ITEM('',(#9230),#12083);
#8763=STYLED_ITEM('',(#9231),#12084);
#8764=PRESENTATION_STYLE_ASSIGNMENT((#9232));
#8765=PRESENTATION_STYLE_ASSIGNMENT((#9233));
#8766=PRESENTATION_STYLE_ASSIGNMENT((#9234));
#8767=PRESENTATION_STYLE_ASSIGNMENT((#9235));
#8768=PRESENTATION_STYLE_ASSIGNMENT((#9236));
#8769=PRESENTATION_STYLE_ASSIGNMENT((#9237));
#8770=PRESENTATION_STYLE_ASSIGNMENT((#9238));
#8771=PRESENTATION_STYLE_ASSIGNMENT((#9239));
#8772=PRESENTATION_STYLE_ASSIGNMENT((#9240));
#8773=PRESENTATION_STYLE_ASSIGNMENT((#9241));
#8774=PRESENTATION_STYLE_ASSIGNMENT((#9242));
#8775=PRESENTATION_STYLE_ASSIGNMENT((#9243));
#8776=PRESENTATION_STYLE_ASSIGNMENT((#9244));
#8777=PRESENTATION_STYLE_ASSIGNMENT((#9245));
#8778=PRESENTATION_STYLE_ASSIGNMENT((#9246));
#8779=PRESENTATION_STYLE_ASSIGNMENT((#9247));
#8780=PRESENTATION_STYLE_ASSIGNMENT((#9248));
#8781=PRESENTATION_STYLE_ASSIGNMENT((#9249));
#8782=PRESENTATION_STYLE_ASSIGNMENT((#9250));
#8783=PRESENTATION_STYLE_ASSIGNMENT((#9251));
#8784=PRESENTATION_STYLE_ASSIGNMENT((#9252));
#8785=PRESENTATION_STYLE_ASSIGNMENT((#9253));
#8786=PRESENTATION_STYLE_ASSIGNMENT((#9254));
#8787=PRESENTATION_STYLE_ASSIGNMENT((#9255));
#8788=PRESENTATION_STYLE_ASSIGNMENT((#9256));
#8789=PRESENTATION_STYLE_ASSIGNMENT((#9257));
#8790=PRESENTATION_STYLE_ASSIGNMENT((#9258));
#8791=PRESENTATION_STYLE_ASSIGNMENT((#9259));
#8792=PRESENTATION_STYLE_ASSIGNMENT((#9260));
#8793=PRESENTATION_STYLE_ASSIGNMENT((#9261));
#8794=PRESENTATION_STYLE_ASSIGNMENT((#9262));
#8795=PRESENTATION_STYLE_ASSIGNMENT((#9263));
#8796=PRESENTATION_STYLE_ASSIGNMENT((#9264));
#8797=PRESENTATION_STYLE_ASSIGNMENT((#9265));
#8798=PRESENTATION_STYLE_ASSIGNMENT((#9266));
#8799=PRESENTATION_STYLE_ASSIGNMENT((#9267));
#8800=PRESENTATION_STYLE_ASSIGNMENT((#9268));
#8801=PRESENTATION_STYLE_ASSIGNMENT((#9269));
#8802=PRESENTATION_STYLE_ASSIGNMENT((#9270));
#8803=PRESENTATION_STYLE_ASSIGNMENT((#9271));
#8804=PRESENTATION_STYLE_ASSIGNMENT((#9272));
#8805=PRESENTATION_STYLE_ASSIGNMENT((#9273));
#8806=PRESENTATION_STYLE_ASSIGNMENT((#9274));
#8807=PRESENTATION_STYLE_ASSIGNMENT((#9275));
#8808=PRESENTATION_STYLE_ASSIGNMENT((#9276));
#8809=PRESENTATION_STYLE_ASSIGNMENT((#9277));
#8810=PRESENTATION_STYLE_ASSIGNMENT((#9278));
#8811=PRESENTATION_STYLE_ASSIGNMENT((#9279));
#8812=PRESENTATION_STYLE_ASSIGNMENT((#9280));
#8813=PRESENTATION_STYLE_ASSIGNMENT((#9281));
#8814=PRESENTATION_STYLE_ASSIGNMENT((#9282));
#8815=PRESENTATION_STYLE_ASSIGNMENT((#9283));
#8816=PRESENTATION_STYLE_ASSIGNMENT((#9284));
#8817=PRESENTATION_STYLE_ASSIGNMENT((#9285));
#8818=PRESENTATION_STYLE_ASSIGNMENT((#9286));
#8819=PRESENTATION_STYLE_ASSIGNMENT((#9287));
#8820=PRESENTATION_STYLE_ASSIGNMENT((#9288));
#8821=PRESENTATION_STYLE_ASSIGNMENT((#9289));
#8822=PRESENTATION_STYLE_ASSIGNMENT((#9290));
#8823=PRESENTATION_STYLE_ASSIGNMENT((#9291));
#8824=PRESENTATION_STYLE_ASSIGNMENT((#9292));
#8825=PRESENTATION_STYLE_ASSIGNMENT((#9293));
#8826=PRESENTATION_STYLE_ASSIGNMENT((#9294));
#8827=PRESENTATION_STYLE_ASSIGNMENT((#9295));
#8828=PRESENTATION_STYLE_ASSIGNMENT((#9296));
#8829=PRESENTATION_STYLE_ASSIGNMENT((#9297));
#8830=PRESENTATION_STYLE_ASSIGNMENT((#9298));
#8831=PRESENTATION_STYLE_ASSIGNMENT((#9299));
#8832=PRESENTATION_STYLE_ASSIGNMENT((#9300));
#8833=PRESENTATION_STYLE_ASSIGNMENT((#9301));
#8834=PRESENTATION_STYLE_ASSIGNMENT((#9302));
#8835=PRESENTATION_STYLE_ASSIGNMENT((#9303));
#8836=PRESENTATION_STYLE_ASSIGNMENT((#9304));
#8837=PRESENTATION_STYLE_ASSIGNMENT((#9305));
#8838=PRESENTATION_STYLE_ASSIGNMENT((#9306));
#8839=PRESENTATION_STYLE_ASSIGNMENT((#9307));
#8840=PRESENTATION_STYLE_ASSIGNMENT((#9308));
#8841=PRESENTATION_STYLE_ASSIGNMENT((#9309));
#8842=PRESENTATION_STYLE_ASSIGNMENT((#9310));
#8843=PRESENTATION_STYLE_ASSIGNMENT((#9311));
#8844=PRESENTATION_STYLE_ASSIGNMENT((#9312));
#8845=PRESENTATION_STYLE_ASSIGNMENT((#9313));
#8846=PRESENTATION_STYLE_ASSIGNMENT((#9314));
#8847=PRESENTATION_STYLE_ASSIGNMENT((#9315));
#8848=PRESENTATION_STYLE_ASSIGNMENT((#9316));
#8849=PRESENTATION_STYLE_ASSIGNMENT((#9317));
#8850=PRESENTATION_STYLE_ASSIGNMENT((#9318));
#8851=PRESENTATION_STYLE_ASSIGNMENT((#9319));
#8852=PRESENTATION_STYLE_ASSIGNMENT((#9320));
#8853=PRESENTATION_STYLE_ASSIGNMENT((#9321));
#8854=PRESENTATION_STYLE_ASSIGNMENT((#9322));
#8855=PRESENTATION_STYLE_ASSIGNMENT((#9323));
#8856=PRESENTATION_STYLE_ASSIGNMENT((#9324));
#8857=PRESENTATION_STYLE_ASSIGNMENT((#9325));
#8858=PRESENTATION_STYLE_ASSIGNMENT((#9326));
#8859=PRESENTATION_STYLE_ASSIGNMENT((#9327));
#8860=PRESENTATION_STYLE_ASSIGNMENT((#9328));
#8861=PRESENTATION_STYLE_ASSIGNMENT((#9329));
#8862=PRESENTATION_STYLE_ASSIGNMENT((#9330));
#8863=PRESENTATION_STYLE_ASSIGNMENT((#9331));
#8864=PRESENTATION_STYLE_ASSIGNMENT((#9332));
#8865=PRESENTATION_STYLE_ASSIGNMENT((#9333));
#8866=PRESENTATION_STYLE_ASSIGNMENT((#9334));
#8867=PRESENTATION_STYLE_ASSIGNMENT((#9335));
#8868=PRESENTATION_STYLE_ASSIGNMENT((#9336));
#8869=PRESENTATION_STYLE_ASSIGNMENT((#9337));
#8870=PRESENTATION_STYLE_ASSIGNMENT((#9338));
#8871=PRESENTATION_STYLE_ASSIGNMENT((#9339));
#8872=PRESENTATION_STYLE_ASSIGNMENT((#9340));
#8873=PRESENTATION_STYLE_ASSIGNMENT((#9341));
#8874=PRESENTATION_STYLE_ASSIGNMENT((#9342));
#8875=PRESENTATION_STYLE_ASSIGNMENT((#9343));
#8876=PRESENTATION_STYLE_ASSIGNMENT((#9344));
#8877=PRESENTATION_STYLE_ASSIGNMENT((#9345));
#8878=PRESENTATION_STYLE_ASSIGNMENT((#9346));
#8879=PRESENTATION_STYLE_ASSIGNMENT((#9347));
#8880=PRESENTATION_STYLE_ASSIGNMENT((#9348));
#8881=PRESENTATION_STYLE_ASSIGNMENT((#9349));
#8882=PRESENTATION_STYLE_ASSIGNMENT((#9350));
#8883=PRESENTATION_STYLE_ASSIGNMENT((#9351));
#8884=PRESENTATION_STYLE_ASSIGNMENT((#9352));
#8885=PRESENTATION_STYLE_ASSIGNMENT((#9353));
#8886=PRESENTATION_STYLE_ASSIGNMENT((#9354));
#8887=PRESENTATION_STYLE_ASSIGNMENT((#9355));
#8888=PRESENTATION_STYLE_ASSIGNMENT((#9356));
#8889=PRESENTATION_STYLE_ASSIGNMENT((#9357));
#8890=PRESENTATION_STYLE_ASSIGNMENT((#9358));
#8891=PRESENTATION_STYLE_ASSIGNMENT((#9359));
#8892=PRESENTATION_STYLE_ASSIGNMENT((#9360));
#8893=PRESENTATION_STYLE_ASSIGNMENT((#9361));
#8894=PRESENTATION_STYLE_ASSIGNMENT((#9362));
#8895=PRESENTATION_STYLE_ASSIGNMENT((#9363));
#8896=PRESENTATION_STYLE_ASSIGNMENT((#9364));
#8897=PRESENTATION_STYLE_ASSIGNMENT((#9365));
#8898=PRESENTATION_STYLE_ASSIGNMENT((#9366));
#8899=PRESENTATION_STYLE_ASSIGNMENT((#9367));
#8900=PRESENTATION_STYLE_ASSIGNMENT((#9368));
#8901=PRESENTATION_STYLE_ASSIGNMENT((#9369));
#8902=PRESENTATION_STYLE_ASSIGNMENT((#9370));
#8903=PRESENTATION_STYLE_ASSIGNMENT((#9371));
#8904=PRESENTATION_STYLE_ASSIGNMENT((#9372));
#8905=PRESENTATION_STYLE_ASSIGNMENT((#9373));
#8906=PRESENTATION_STYLE_ASSIGNMENT((#9374));
#8907=PRESENTATION_STYLE_ASSIGNMENT((#9375));
#8908=PRESENTATION_STYLE_ASSIGNMENT((#9376));
#8909=PRESENTATION_STYLE_ASSIGNMENT((#9377));
#8910=PRESENTATION_STYLE_ASSIGNMENT((#9378));
#8911=PRESENTATION_STYLE_ASSIGNMENT((#9379));
#8912=PRESENTATION_STYLE_ASSIGNMENT((#9380));
#8913=PRESENTATION_STYLE_ASSIGNMENT((#9381));
#8914=PRESENTATION_STYLE_ASSIGNMENT((#9382));
#8915=PRESENTATION_STYLE_ASSIGNMENT((#9383));
#8916=PRESENTATION_STYLE_ASSIGNMENT((#9384));
#8917=PRESENTATION_STYLE_ASSIGNMENT((#9385));
#8918=PRESENTATION_STYLE_ASSIGNMENT((#9386));
#8919=PRESENTATION_STYLE_ASSIGNMENT((#9387));
#8920=PRESENTATION_STYLE_ASSIGNMENT((#9388));
#8921=PRESENTATION_STYLE_ASSIGNMENT((#9389));
#8922=PRESENTATION_STYLE_ASSIGNMENT((#9390));
#8923=PRESENTATION_STYLE_ASSIGNMENT((#9391));
#8924=PRESENTATION_STYLE_ASSIGNMENT((#9392));
#8925=PRESENTATION_STYLE_ASSIGNMENT((#9393));
#8926=PRESENTATION_STYLE_ASSIGNMENT((#9394));
#8927=PRESENTATION_STYLE_ASSIGNMENT((#9395));
#8928=PRESENTATION_STYLE_ASSIGNMENT((#9396));
#8929=PRESENTATION_STYLE_ASSIGNMENT((#9397));
#8930=PRESENTATION_STYLE_ASSIGNMENT((#9398));
#8931=PRESENTATION_STYLE_ASSIGNMENT((#9399));
#8932=PRESENTATION_STYLE_ASSIGNMENT((#9400));
#8933=PRESENTATION_STYLE_ASSIGNMENT((#9401));
#8934=PRESENTATION_STYLE_ASSIGNMENT((#9402));
#8935=PRESENTATION_STYLE_ASSIGNMENT((#9403));
#8936=PRESENTATION_STYLE_ASSIGNMENT((#9404));
#8937=PRESENTATION_STYLE_ASSIGNMENT((#9405));
#8938=PRESENTATION_STYLE_ASSIGNMENT((#9406));
#8939=PRESENTATION_STYLE_ASSIGNMENT((#9407));
#8940=PRESENTATION_STYLE_ASSIGNMENT((#9408));
#8941=PRESENTATION_STYLE_ASSIGNMENT((#9409));
#8942=PRESENTATION_STYLE_ASSIGNMENT((#9410));
#8943=PRESENTATION_STYLE_ASSIGNMENT((#9411));
#8944=PRESENTATION_STYLE_ASSIGNMENT((#9412));
#8945=PRESENTATION_STYLE_ASSIGNMENT((#9413));
#8946=PRESENTATION_STYLE_ASSIGNMENT((#9414));
#8947=PRESENTATION_STYLE_ASSIGNMENT((#9415));
#8948=PRESENTATION_STYLE_ASSIGNMENT((#9416));
#8949=PRESENTATION_STYLE_ASSIGNMENT((#9417));
#8950=PRESENTATION_STYLE_ASSIGNMENT((#9418));
#8951=PRESENTATION_STYLE_ASSIGNMENT((#9419));
#8952=PRESENTATION_STYLE_ASSIGNMENT((#9420));
#8953=PRESENTATION_STYLE_ASSIGNMENT((#9421));
#8954=PRESENTATION_STYLE_ASSIGNMENT((#9422));
#8955=PRESENTATION_STYLE_ASSIGNMENT((#9423));
#8956=PRESENTATION_STYLE_ASSIGNMENT((#9424));
#8957=PRESENTATION_STYLE_ASSIGNMENT((#9425));
#8958=PRESENTATION_STYLE_ASSIGNMENT((#9426));
#8959=PRESENTATION_STYLE_ASSIGNMENT((#9427));
#8960=PRESENTATION_STYLE_ASSIGNMENT((#9428));
#8961=PRESENTATION_STYLE_ASSIGNMENT((#9429));
#8962=PRESENTATION_STYLE_ASSIGNMENT((#9430));
#8963=PRESENTATION_STYLE_ASSIGNMENT((#9431));
#8964=PRESENTATION_STYLE_ASSIGNMENT((#9432));
#8965=PRESENTATION_STYLE_ASSIGNMENT((#9433));
#8966=PRESENTATION_STYLE_ASSIGNMENT((#9434));
#8967=PRESENTATION_STYLE_ASSIGNMENT((#9435));
#8968=PRESENTATION_STYLE_ASSIGNMENT((#9436));
#8969=PRESENTATION_STYLE_ASSIGNMENT((#9437));
#8970=PRESENTATION_STYLE_ASSIGNMENT((#9438));
#8971=PRESENTATION_STYLE_ASSIGNMENT((#9439));
#8972=PRESENTATION_STYLE_ASSIGNMENT((#9440));
#8973=PRESENTATION_STYLE_ASSIGNMENT((#9441));
#8974=PRESENTATION_STYLE_ASSIGNMENT((#9442));
#8975=PRESENTATION_STYLE_ASSIGNMENT((#9443));
#8976=PRESENTATION_STYLE_ASSIGNMENT((#9444));
#8977=PRESENTATION_STYLE_ASSIGNMENT((#9445));
#8978=PRESENTATION_STYLE_ASSIGNMENT((#9446));
#8979=PRESENTATION_STYLE_ASSIGNMENT((#9447));
#8980=PRESENTATION_STYLE_ASSIGNMENT((#9448));
#8981=PRESENTATION_STYLE_ASSIGNMENT((#9449));
#8982=PRESENTATION_STYLE_ASSIGNMENT((#9450));
#8983=PRESENTATION_STYLE_ASSIGNMENT((#9451));
#8984=PRESENTATION_STYLE_ASSIGNMENT((#9452));
#8985=PRESENTATION_STYLE_ASSIGNMENT((#9453));
#8986=PRESENTATION_STYLE_ASSIGNMENT((#9454));
#8987=PRESENTATION_STYLE_ASSIGNMENT((#9455));
#8988=PRESENTATION_STYLE_ASSIGNMENT((#9456));
#8989=PRESENTATION_STYLE_ASSIGNMENT((#9457));
#8990=PRESENTATION_STYLE_ASSIGNMENT((#9458));
#8991=PRESENTATION_STYLE_ASSIGNMENT((#9459));
#8992=PRESENTATION_STYLE_ASSIGNMENT((#9460));
#8993=PRESENTATION_STYLE_ASSIGNMENT((#9461));
#8994=PRESENTATION_STYLE_ASSIGNMENT((#9462));
#8995=PRESENTATION_STYLE_ASSIGNMENT((#9463));
#8996=PRESENTATION_STYLE_ASSIGNMENT((#9464));
#8997=PRESENTATION_STYLE_ASSIGNMENT((#9465));
#8998=PRESENTATION_STYLE_ASSIGNMENT((#9466));
#8999=PRESENTATION_STYLE_ASSIGNMENT((#9467));
#9000=PRESENTATION_STYLE_ASSIGNMENT((#9468));
#9001=PRESENTATION_STYLE_ASSIGNMENT((#9469));
#9002=PRESENTATION_STYLE_ASSIGNMENT((#9470));
#9003=PRESENTATION_STYLE_ASSIGNMENT((#9471));
#9004=PRESENTATION_STYLE_ASSIGNMENT((#9472));
#9005=PRESENTATION_STYLE_ASSIGNMENT((#9473));
#9006=PRESENTATION_STYLE_ASSIGNMENT((#9474));
#9007=PRESENTATION_STYLE_ASSIGNMENT((#9475));
#9008=PRESENTATION_STYLE_ASSIGNMENT((#9476));
#9009=PRESENTATION_STYLE_ASSIGNMENT((#9477));
#9010=PRESENTATION_STYLE_ASSIGNMENT((#9478));
#9011=PRESENTATION_STYLE_ASSIGNMENT((#9479));
#9012=PRESENTATION_STYLE_ASSIGNMENT((#9480));
#9013=PRESENTATION_STYLE_ASSIGNMENT((#9481));
#9014=PRESENTATION_STYLE_ASSIGNMENT((#9482));
#9015=PRESENTATION_STYLE_ASSIGNMENT((#9483));
#9016=PRESENTATION_STYLE_ASSIGNMENT((#9484));
#9017=PRESENTATION_STYLE_ASSIGNMENT((#9485));
#9018=PRESENTATION_STYLE_ASSIGNMENT((#9486));
#9019=PRESENTATION_STYLE_ASSIGNMENT((#9487));
#9020=PRESENTATION_STYLE_ASSIGNMENT((#9488));
#9021=PRESENTATION_STYLE_ASSIGNMENT((#9489));
#9022=PRESENTATION_STYLE_ASSIGNMENT((#9490));
#9023=PRESENTATION_STYLE_ASSIGNMENT((#9491));
#9024=PRESENTATION_STYLE_ASSIGNMENT((#9492));
#9025=PRESENTATION_STYLE_ASSIGNMENT((#9493));
#9026=PRESENTATION_STYLE_ASSIGNMENT((#9494));
#9027=PRESENTATION_STYLE_ASSIGNMENT((#9495));
#9028=PRESENTATION_STYLE_ASSIGNMENT((#9496));
#9029=PRESENTATION_STYLE_ASSIGNMENT((#9497));
#9030=PRESENTATION_STYLE_ASSIGNMENT((#9498));
#9031=PRESENTATION_STYLE_ASSIGNMENT((#9499));
#9032=PRESENTATION_STYLE_ASSIGNMENT((#9500));
#9033=PRESENTATION_STYLE_ASSIGNMENT((#9501));
#9034=PRESENTATION_STYLE_ASSIGNMENT((#9502));
#9035=PRESENTATION_STYLE_ASSIGNMENT((#9503));
#9036=PRESENTATION_STYLE_ASSIGNMENT((#9504));
#9037=PRESENTATION_STYLE_ASSIGNMENT((#9505));
#9038=PRESENTATION_STYLE_ASSIGNMENT((#9506));
#9039=PRESENTATION_STYLE_ASSIGNMENT((#9507));
#9040=PRESENTATION_STYLE_ASSIGNMENT((#9508));
#9041=PRESENTATION_STYLE_ASSIGNMENT((#9509));
#9042=PRESENTATION_STYLE_ASSIGNMENT((#9510));
#9043=PRESENTATION_STYLE_ASSIGNMENT((#9511));
#9044=PRESENTATION_STYLE_ASSIGNMENT((#9512));
#9045=PRESENTATION_STYLE_ASSIGNMENT((#9513));
#9046=PRESENTATION_STYLE_ASSIGNMENT((#9514));
#9047=PRESENTATION_STYLE_ASSIGNMENT((#9515));
#9048=PRESENTATION_STYLE_ASSIGNMENT((#9516));
#9049=PRESENTATION_STYLE_ASSIGNMENT((#9517));
#9050=PRESENTATION_STYLE_ASSIGNMENT((#9518));
#9051=PRESENTATION_STYLE_ASSIGNMENT((#9519));
#9052=PRESENTATION_STYLE_ASSIGNMENT((#9520));
#9053=PRESENTATION_STYLE_ASSIGNMENT((#9521));
#9054=PRESENTATION_STYLE_ASSIGNMENT((#9522));
#9055=PRESENTATION_STYLE_ASSIGNMENT((#9523));
#9056=PRESENTATION_STYLE_ASSIGNMENT((#9524));
#9057=PRESENTATION_STYLE_ASSIGNMENT((#9525));
#9058=PRESENTATION_STYLE_ASSIGNMENT((#9526));
#9059=PRESENTATION_STYLE_ASSIGNMENT((#9527));
#9060=PRESENTATION_STYLE_ASSIGNMENT((#9528));
#9061=PRESENTATION_STYLE_ASSIGNMENT((#9529));
#9062=PRESENTATION_STYLE_ASSIGNMENT((#9530));
#9063=PRESENTATION_STYLE_ASSIGNMENT((#9531));
#9064=PRESENTATION_STYLE_ASSIGNMENT((#9532));
#9065=PRESENTATION_STYLE_ASSIGNMENT((#9533));
#9066=PRESENTATION_STYLE_ASSIGNMENT((#9534));
#9067=PRESENTATION_STYLE_ASSIGNMENT((#9535));
#9068=PRESENTATION_STYLE_ASSIGNMENT((#9536));
#9069=PRESENTATION_STYLE_ASSIGNMENT((#9537));
#9070=PRESENTATION_STYLE_ASSIGNMENT((#9538));
#9071=PRESENTATION_STYLE_ASSIGNMENT((#9539));
#9072=PRESENTATION_STYLE_ASSIGNMENT((#9540));
#9073=PRESENTATION_STYLE_ASSIGNMENT((#9541));
#9074=PRESENTATION_STYLE_ASSIGNMENT((#9542));
#9075=PRESENTATION_STYLE_ASSIGNMENT((#9543));
#9076=PRESENTATION_STYLE_ASSIGNMENT((#9544));
#9077=PRESENTATION_STYLE_ASSIGNMENT((#9545));
#9078=PRESENTATION_STYLE_ASSIGNMENT((#9546));
#9079=PRESENTATION_STYLE_ASSIGNMENT((#9547));
#9080=PRESENTATION_STYLE_ASSIGNMENT((#9548));
#9081=PRESENTATION_STYLE_ASSIGNMENT((#9549));
#9082=PRESENTATION_STYLE_ASSIGNMENT((#9550));
#9083=PRESENTATION_STYLE_ASSIGNMENT((#9551));
#9084=PRESENTATION_STYLE_ASSIGNMENT((#9552));
#9085=PRESENTATION_STYLE_ASSIGNMENT((#9553));
#9086=PRESENTATION_STYLE_ASSIGNMENT((#9554));
#9087=PRESENTATION_STYLE_ASSIGNMENT((#9555));
#9088=PRESENTATION_STYLE_ASSIGNMENT((#9556));
#9089=PRESENTATION_STYLE_ASSIGNMENT((#9557));
#9090=PRESENTATION_STYLE_ASSIGNMENT((#9558));
#9091=PRESENTATION_STYLE_ASSIGNMENT((#9559));
#9092=PRESENTATION_STYLE_ASSIGNMENT((#9560));
#9093=PRESENTATION_STYLE_ASSIGNMENT((#9561));
#9094=PRESENTATION_STYLE_ASSIGNMENT((#9562));
#9095=PRESENTATION_STYLE_ASSIGNMENT((#9563));
#9096=PRESENTATION_STYLE_ASSIGNMENT((#9564));
#9097=PRESENTATION_STYLE_ASSIGNMENT((#9565));
#9098=PRESENTATION_STYLE_ASSIGNMENT((#9566));
#9099=PRESENTATION_STYLE_ASSIGNMENT((#9567));
#9100=PRESENTATION_STYLE_ASSIGNMENT((#9568));
#9101=PRESENTATION_STYLE_ASSIGNMENT((#9569));
#9102=PRESENTATION_STYLE_ASSIGNMENT((#9570));
#9103=PRESENTATION_STYLE_ASSIGNMENT((#9571));
#9104=PRESENTATION_STYLE_ASSIGNMENT((#9572));
#9105=PRESENTATION_STYLE_ASSIGNMENT((#9573));
#9106=PRESENTATION_STYLE_ASSIGNMENT((#9574));
#9107=PRESENTATION_STYLE_ASSIGNMENT((#9575));
#9108=PRESENTATION_STYLE_ASSIGNMENT((#9576));
#9109=PRESENTATION_STYLE_ASSIGNMENT((#9577));
#9110=PRESENTATION_STYLE_ASSIGNMENT((#9578));
#9111=PRESENTATION_STYLE_ASSIGNMENT((#9579));
#9112=PRESENTATION_STYLE_ASSIGNMENT((#9580));
#9113=PRESENTATION_STYLE_ASSIGNMENT((#9581));
#9114=PRESENTATION_STYLE_ASSIGNMENT((#9582));
#9115=PRESENTATION_STYLE_ASSIGNMENT((#9583));
#9116=PRESENTATION_STYLE_ASSIGNMENT((#9584));
#9117=PRESENTATION_STYLE_ASSIGNMENT((#9585));
#9118=PRESENTATION_STYLE_ASSIGNMENT((#9586));
#9119=PRESENTATION_STYLE_ASSIGNMENT((#9587));
#9120=PRESENTATION_STYLE_ASSIGNMENT((#9588));
#9121=PRESENTATION_STYLE_ASSIGNMENT((#9589));
#9122=PRESENTATION_STYLE_ASSIGNMENT((#9590));
#9123=PRESENTATION_STYLE_ASSIGNMENT((#9591));
#9124=PRESENTATION_STYLE_ASSIGNMENT((#9592));
#9125=PRESENTATION_STYLE_ASSIGNMENT((#9593));
#9126=PRESENTATION_STYLE_ASSIGNMENT((#9594));
#9127=PRESENTATION_STYLE_ASSIGNMENT((#9595));
#9128=PRESENTATION_STYLE_ASSIGNMENT((#9596));
#9129=PRESENTATION_STYLE_ASSIGNMENT((#9597));
#9130=PRESENTATION_STYLE_ASSIGNMENT((#9598));
#9131=PRESENTATION_STYLE_ASSIGNMENT((#9599));
#9132=PRESENTATION_STYLE_ASSIGNMENT((#9600));
#9133=PRESENTATION_STYLE_ASSIGNMENT((#9601));
#9134=PRESENTATION_STYLE_ASSIGNMENT((#9602));
#9135=PRESENTATION_STYLE_ASSIGNMENT((#9603));
#9136=PRESENTATION_STYLE_ASSIGNMENT((#9604));
#9137=PRESENTATION_STYLE_ASSIGNMENT((#9605));
#9138=PRESENTATION_STYLE_ASSIGNMENT((#9606));
#9139=PRESENTATION_STYLE_ASSIGNMENT((#9607));
#9140=PRESENTATION_STYLE_ASSIGNMENT((#9608));
#9141=PRESENTATION_STYLE_ASSIGNMENT((#9609));
#9142=PRESENTATION_STYLE_ASSIGNMENT((#9610));
#9143=PRESENTATION_STYLE_ASSIGNMENT((#9611));
#9144=PRESENTATION_STYLE_ASSIGNMENT((#9612));
#9145=PRESENTATION_STYLE_ASSIGNMENT((#9613));
#9146=PRESENTATION_STYLE_ASSIGNMENT((#9614));
#9147=PRESENTATION_STYLE_ASSIGNMENT((#9615));
#9148=PRESENTATION_STYLE_ASSIGNMENT((#9616));
#9149=PRESENTATION_STYLE_ASSIGNMENT((#9617));
#9150=PRESENTATION_STYLE_ASSIGNMENT((#9618));
#9151=PRESENTATION_STYLE_ASSIGNMENT((#9619));
#9152=PRESENTATION_STYLE_ASSIGNMENT((#9620));
#9153=PRESENTATION_STYLE_ASSIGNMENT((#9621));
#9154=PRESENTATION_STYLE_ASSIGNMENT((#9622));
#9155=PRESENTATION_STYLE_ASSIGNMENT((#9623));
#9156=PRESENTATION_STYLE_ASSIGNMENT((#9624));
#9157=PRESENTATION_STYLE_ASSIGNMENT((#9625));
#9158=PRESENTATION_STYLE_ASSIGNMENT((#9626));
#9159=PRESENTATION_STYLE_ASSIGNMENT((#9627));
#9160=PRESENTATION_STYLE_ASSIGNMENT((#9628));
#9161=PRESENTATION_STYLE_ASSIGNMENT((#9629));
#9162=PRESENTATION_STYLE_ASSIGNMENT((#9630));
#9163=PRESENTATION_STYLE_ASSIGNMENT((#9631));
#9164=PRESENTATION_STYLE_ASSIGNMENT((#9632));
#9165=PRESENTATION_STYLE_ASSIGNMENT((#9633));
#9166=PRESENTATION_STYLE_ASSIGNMENT((#9634));
#9167=PRESENTATION_STYLE_ASSIGNMENT((#9635));
#9168=PRESENTATION_STYLE_ASSIGNMENT((#9636));
#9169=PRESENTATION_STYLE_ASSIGNMENT((#9637));
#9170=PRESENTATION_STYLE_ASSIGNMENT((#9638));
#9171=PRESENTATION_STYLE_ASSIGNMENT((#9639));
#9172=PRESENTATION_STYLE_ASSIGNMENT((#9640));
#9173=PRESENTATION_STYLE_ASSIGNMENT((#9641));
#9174=PRESENTATION_STYLE_ASSIGNMENT((#9642));
#9175=PRESENTATION_STYLE_ASSIGNMENT((#9643));
#9176=PRESENTATION_STYLE_ASSIGNMENT((#9644));
#9177=PRESENTATION_STYLE_ASSIGNMENT((#9645));
#9178=PRESENTATION_STYLE_ASSIGNMENT((#9646));
#9179=PRESENTATION_STYLE_ASSIGNMENT((#9647));
#9180=PRESENTATION_STYLE_ASSIGNMENT((#9648));
#9181=PRESENTATION_STYLE_ASSIGNMENT((#9649));
#9182=PRESENTATION_STYLE_ASSIGNMENT((#9650));
#9183=PRESENTATION_STYLE_ASSIGNMENT((#9651));
#9184=PRESENTATION_STYLE_ASSIGNMENT((#9652));
#9185=PRESENTATION_STYLE_ASSIGNMENT((#9653));
#9186=PRESENTATION_STYLE_ASSIGNMENT((#9654));
#9187=PRESENTATION_STYLE_ASSIGNMENT((#9655));
#9188=PRESENTATION_STYLE_ASSIGNMENT((#9656));
#9189=PRESENTATION_STYLE_ASSIGNMENT((#9657));
#9190=PRESENTATION_STYLE_ASSIGNMENT((#9658));
#9191=PRESENTATION_STYLE_ASSIGNMENT((#9659));
#9192=PRESENTATION_STYLE_ASSIGNMENT((#9660));
#9193=PRESENTATION_STYLE_ASSIGNMENT((#9661));
#9194=PRESENTATION_STYLE_ASSIGNMENT((#9662));
#9195=PRESENTATION_STYLE_ASSIGNMENT((#9663));
#9196=PRESENTATION_STYLE_ASSIGNMENT((#9664));
#9197=PRESENTATION_STYLE_ASSIGNMENT((#9665));
#9198=PRESENTATION_STYLE_ASSIGNMENT((#9666));
#9199=PRESENTATION_STYLE_ASSIGNMENT((#9667));
#9200=PRESENTATION_STYLE_ASSIGNMENT((#9668));
#9201=PRESENTATION_STYLE_ASSIGNMENT((#9669));
#9202=PRESENTATION_STYLE_ASSIGNMENT((#9670));
#9203=PRESENTATION_STYLE_ASSIGNMENT((#9671));
#9204=PRESENTATION_STYLE_ASSIGNMENT((#9672));
#9205=PRESENTATION_STYLE_ASSIGNMENT((#9673));
#9206=PRESENTATION_STYLE_ASSIGNMENT((#9674));
#9207=PRESENTATION_STYLE_ASSIGNMENT((#9675));
#9208=PRESENTATION_STYLE_ASSIGNMENT((#9676));
#9209=PRESENTATION_STYLE_ASSIGNMENT((#9677));
#9210=PRESENTATION_STYLE_ASSIGNMENT((#9678));
#9211=PRESENTATION_STYLE_ASSIGNMENT((#9679));
#9212=PRESENTATION_STYLE_ASSIGNMENT((#9680));
#9213=PRESENTATION_STYLE_ASSIGNMENT((#9681));
#9214=PRESENTATION_STYLE_ASSIGNMENT((#9682));
#9215=PRESENTATION_STYLE_ASSIGNMENT((#9683));
#9216=PRESENTATION_STYLE_ASSIGNMENT((#9684));
#9217=PRESENTATION_STYLE_ASSIGNMENT((#9685));
#9218=PRESENTATION_STYLE_ASSIGNMENT((#9686));
#9219=PRESENTATION_STYLE_ASSIGNMENT((#9687));
#9220=PRESENTATION_STYLE_ASSIGNMENT((#9688));
#9221=PRESENTATION_STYLE_ASSIGNMENT((#9689));
#9222=PRESENTATION_STYLE_ASSIGNMENT((#9690));
#9223=PRESENTATION_STYLE_ASSIGNMENT((#9691));
#9224=PRESENTATION_STYLE_ASSIGNMENT((#9692));
#9225=PRESENTATION_STYLE_ASSIGNMENT((#9693));
#9226=PRESENTATION_STYLE_ASSIGNMENT((#9694));
#9227=PRESENTATION_STYLE_ASSIGNMENT((#9695));
#9228=PRESENTATION_STYLE_ASSIGNMENT((#9696));
#9229=PRESENTATION_STYLE_ASSIGNMENT((#9697));
#9230=PRESENTATION_STYLE_ASSIGNMENT((#9698));
#9231=PRESENTATION_STYLE_ASSIGNMENT((#9699));
#9232=SURFACE_STYLE_USAGE(.BOTH.,#9700);
#9233=SURFACE_STYLE_USAGE(.BOTH.,#9701);
#9234=SURFACE_STYLE_USAGE(.BOTH.,#9702);
#9235=SURFACE_STYLE_USAGE(.BOTH.,#9703);
#9236=SURFACE_STYLE_USAGE(.BOTH.,#9704);
#9237=SURFACE_STYLE_USAGE(.BOTH.,#9705);
#9238=SURFACE_STYLE_USAGE(.BOTH.,#9706);
#9239=SURFACE_STYLE_USAGE(.BOTH.,#9707);
#9240=SURFACE_STYLE_USAGE(.BOTH.,#9708);
#9241=SURFACE_STYLE_USAGE(.BOTH.,#9709);
#9242=SURFACE_STYLE_USAGE(.BOTH.,#9710);
#9243=SURFACE_STYLE_USAGE(.BOTH.,#9711);
#9244=SURFACE_STYLE_USAGE(.BOTH.,#9712);
#9245=SURFACE_STYLE_USAGE(.BOTH.,#9713);
#9246=SURFACE_STYLE_USAGE(.BOTH.,#9714);
#9247=SURFACE_STYLE_USAGE(.BOTH.,#9715);
#9248=SURFACE_STYLE_USAGE(.BOTH.,#9716);
#9249=SURFACE_STYLE_USAGE(.BOTH.,#9717);
#9250=SURFACE_STYLE_USAGE(.BOTH.,#9718);
#9251=SURFACE_STYLE_USAGE(.BOTH.,#9719);
#9252=SURFACE_STYLE_USAGE(.BOTH.,#9720);
#9253=SURFACE_STYLE_USAGE(.BOTH.,#9721);
#9254=SURFACE_STYLE_USAGE(.BOTH.,#9722);
#9255=SURFACE_STYLE_USAGE(.BOTH.,#9723);
#9256=SURFACE_STYLE_USAGE(.BOTH.,#9724);
#9257=SURFACE_STYLE_USAGE(.BOTH.,#9725);
#9258=SURFACE_STYLE_USAGE(.BOTH.,#9726);
#9259=SURFACE_STYLE_USAGE(.BOTH.,#9727);
#9260=SURFACE_STYLE_USAGE(.BOTH.,#9728);
#9261=SURFACE_STYLE_USAGE(.BOTH.,#9729);
#9262=SURFACE_STYLE_USAGE(.BOTH.,#9730);
#9263=SURFACE_STYLE_USAGE(.BOTH.,#9731);
#9264=SURFACE_STYLE_USAGE(.BOTH.,#9732);
#9265=SURFACE_STYLE_USAGE(.BOTH.,#9733);
#9266=SURFACE_STYLE_USAGE(.BOTH.,#9734);
#9267=SURFACE_STYLE_USAGE(.BOTH.,#9735);
#9268=SURFACE_STYLE_USAGE(.BOTH.,#9736);
#9269=SURFACE_STYLE_USAGE(.BOTH.,#9737);
#9270=SURFACE_STYLE_USAGE(.BOTH.,#9738);
#9271=SURFACE_STYLE_USAGE(.BOTH.,#9739);
#9272=SURFACE_STYLE_USAGE(.BOTH.,#9740);
#9273=SURFACE_STYLE_USAGE(.BOTH.,#9741);
#9274=SURFACE_STYLE_USAGE(.BOTH.,#9742);
#9275=SURFACE_STYLE_USAGE(.BOTH.,#9743);
#9276=SURFACE_STYLE_USAGE(.BOTH.,#9744);
#9277=SURFACE_STYLE_USAGE(.BOTH.,#9745);
#9278=SURFACE_STYLE_USAGE(.BOTH.,#9746);
#9279=SURFACE_STYLE_USAGE(.BOTH.,#9747);
#9280=SURFACE_STYLE_USAGE(.BOTH.,#9748);
#9281=SURFACE_STYLE_USAGE(.BOTH.,#9749);
#9282=SURFACE_STYLE_USAGE(.BOTH.,#9750);
#9283=SURFACE_STYLE_USAGE(.BOTH.,#9751);
#9284=SURFACE_STYLE_USAGE(.BOTH.,#9752);
#9285=SURFACE_STYLE_USAGE(.BOTH.,#9753);
#9286=SURFACE_STYLE_USAGE(.BOTH.,#9754);
#9287=SURFACE_STYLE_USAGE(.BOTH.,#9755);
#9288=SURFACE_STYLE_USAGE(.BOTH.,#9756);
#9289=SURFACE_STYLE_USAGE(.BOTH.,#9757);
#9290=SURFACE_STYLE_USAGE(.BOTH.,#9758);
#9291=SURFACE_STYLE_USAGE(.BOTH.,#9759);
#9292=SURFACE_STYLE_USAGE(.BOTH.,#9760);
#9293=SURFACE_STYLE_USAGE(.BOTH.,#9761);
#9294=SURFACE_STYLE_USAGE(.BOTH.,#9762);
#9295=SURFACE_STYLE_USAGE(.BOTH.,#9763);
#9296=SURFACE_STYLE_USAGE(.BOTH.,#9764);
#9297=SURFACE_STYLE_USAGE(.BOTH.,#9765);
#9298=SURFACE_STYLE_USAGE(.BOTH.,#9766);
#9299=SURFACE_STYLE_USAGE(.BOTH.,#9767);
#9300=SURFACE_STYLE_USAGE(.BOTH.,#9768);
#9301=SURFACE_STYLE_USAGE(.BOTH.,#9769);
#9302=SURFACE_STYLE_USAGE(.BOTH.,#9770);
#9303=SURFACE_STYLE_USAGE(.BOTH.,#9771);
#9304=SURFACE_STYLE_USAGE(.BOTH.,#9772);
#9305=SURFACE_STYLE_USAGE(.BOTH.,#9773);
#9306=SURFACE_STYLE_USAGE(.BOTH.,#9774);
#9307=SURFACE_STYLE_USAGE(.BOTH.,#9775);
#9308=SURFACE_STYLE_USAGE(.BOTH.,#9776);
#9309=SURFACE_STYLE_USAGE(.BOTH.,#9777);
#9310=SURFACE_STYLE_USAGE(.BOTH.,#9778);
#9311=SURFACE_STYLE_USAGE(.BOTH.,#9779);
#9312=SURFACE_STYLE_USAGE(.BOTH.,#9780);
#9313=SURFACE_STYLE_USAGE(.BOTH.,#9781);
#9314=SURFACE_STYLE_USAGE(.BOTH.,#9782);
#9315=SURFACE_STYLE_USAGE(.BOTH.,#9783);
#9316=SURFACE_STYLE_USAGE(.BOTH.,#9784);
#9317=SURFACE_STYLE_USAGE(.BOTH.,#9785);
#9318=SURFACE_STYLE_USAGE(.BOTH.,#9786);
#9319=SURFACE_STYLE_USAGE(.BOTH.,#9787);
#9320=SURFACE_STYLE_USAGE(.BOTH.,#9788);
#9321=SURFACE_STYLE_USAGE(.BOTH.,#9789);
#9322=SURFACE_STYLE_USAGE(.BOTH.,#9790);
#9323=SURFACE_STYLE_USAGE(.BOTH.,#9791);
#9324=SURFACE_STYLE_USAGE(.BOTH.,#9792);
#9325=SURFACE_STYLE_USAGE(.BOTH.,#9793);
#9326=SURFACE_STYLE_USAGE(.BOTH.,#9794);
#9327=SURFACE_STYLE_USAGE(.BOTH.,#9795);
#9328=SURFACE_STYLE_USAGE(.BOTH.,#9796);
#9329=SURFACE_STYLE_USAGE(.BOTH.,#9797);
#9330=SURFACE_STYLE_USAGE(.BOTH.,#9798);
#9331=SURFACE_STYLE_USAGE(.BOTH.,#9799);
#9332=SURFACE_STYLE_USAGE(.BOTH.,#9800);
#9333=SURFACE_STYLE_USAGE(.BOTH.,#9801);
#9334=SURFACE_STYLE_USAGE(.BOTH.,#9802);
#9335=SURFACE_STYLE_USAGE(.BOTH.,#9803);
#9336=SURFACE_STYLE_USAGE(.BOTH.,#9804);
#9337=SURFACE_STYLE_USAGE(.BOTH.,#9805);
#9338=SURFACE_STYLE_USAGE(.BOTH.,#9806);
#9339=SURFACE_STYLE_USAGE(.BOTH.,#9807);
#9340=SURFACE_STYLE_USAGE(.BOTH.,#9808);
#9341=SURFACE_STYLE_USAGE(.BOTH.,#9809);
#9342=SURFACE_STYLE_USAGE(.BOTH.,#9810);
#9343=SURFACE_STYLE_USAGE(.BOTH.,#9811);
#9344=SURFACE_STYLE_USAGE(.BOTH.,#9812);
#9345=SURFACE_STYLE_USAGE(.BOTH.,#9813);
#9346=SURFACE_STYLE_USAGE(.BOTH.,#9814);
#9347=SURFACE_STYLE_USAGE(.BOTH.,#9815);
#9348=SURFACE_STYLE_USAGE(.BOTH.,#9816);
#9349=SURFACE_STYLE_USAGE(.BOTH.,#9817);
#9350=SURFACE_STYLE_USAGE(.BOTH.,#9818);
#9351=SURFACE_STYLE_USAGE(.BOTH.,#9819);
#9352=SURFACE_STYLE_USAGE(.BOTH.,#9820);
#9353=SURFACE_STYLE_USAGE(.BOTH.,#9821);
#9354=SURFACE_STYLE_USAGE(.BOTH.,#9822);
#9355=SURFACE_STYLE_USAGE(.BOTH.,#9823);
#9356=SURFACE_STYLE_USAGE(.BOTH.,#9824);
#9357=SURFACE_STYLE_USAGE(.BOTH.,#9825);
#9358=SURFACE_STYLE_USAGE(.BOTH.,#9826);
#9359=SURFACE_STYLE_USAGE(.BOTH.,#9827);
#9360=SURFACE_STYLE_USAGE(.BOTH.,#9828);
#9361=SURFACE_STYLE_USAGE(.BOTH.,#9829);
#9362=SURFACE_STYLE_USAGE(.BOTH.,#9830);
#9363=SURFACE_STYLE_USAGE(.BOTH.,#9831);
#9364=SURFACE_STYLE_USAGE(.BOTH.,#9832);
#9365=SURFACE_STYLE_USAGE(.BOTH.,#9833);
#9366=SURFACE_STYLE_USAGE(.BOTH.,#9834);
#9367=SURFACE_STYLE_USAGE(.BOTH.,#9835);
#9368=SURFACE_STYLE_USAGE(.BOTH.,#9836);
#9369=SURFACE_STYLE_USAGE(.BOTH.,#9837);
#9370=SURFACE_STYLE_USAGE(.BOTH.,#9838);
#9371=SURFACE_STYLE_USAGE(.BOTH.,#9839);
#9372=SURFACE_STYLE_USAGE(.BOTH.,#9840);
#9373=SURFACE_STYLE_USAGE(.BOTH.,#9841);
#9374=SURFACE_STYLE_USAGE(.BOTH.,#9842);
#9375=SURFACE_STYLE_USAGE(.BOTH.,#9843);
#9376=SURFACE_STYLE_USAGE(.BOTH.,#9844);
#9377=SURFACE_STYLE_USAGE(.BOTH.,#9845);
#9378=SURFACE_STYLE_USAGE(.BOTH.,#9846);
#9379=SURFACE_STYLE_USAGE(.BOTH.,#9847);
#9380=SURFACE_STYLE_USAGE(.BOTH.,#9848);
#9381=SURFACE_STYLE_USAGE(.BOTH.,#9849);
#9382=SURFACE_STYLE_USAGE(.BOTH.,#9850);
#9383=SURFACE_STYLE_USAGE(.BOTH.,#9851);
#9384=SURFACE_STYLE_USAGE(.BOTH.,#9852);
#9385=SURFACE_STYLE_USAGE(.BOTH.,#9853);
#9386=SURFACE_STYLE_USAGE(.BOTH.,#9854);
#9387=SURFACE_STYLE_USAGE(.BOTH.,#9855);
#9388=SURFACE_STYLE_USAGE(.BOTH.,#9856);
#9389=SURFACE_STYLE_USAGE(.BOTH.,#9857);
#9390=SURFACE_STYLE_USAGE(.BOTH.,#9858);
#9391=SURFACE_STYLE_USAGE(.BOTH.,#9859);
#9392=SURFACE_STYLE_USAGE(.BOTH.,#9860);
#9393=SURFACE_STYLE_USAGE(.BOTH.,#9861);
#9394=SURFACE_STYLE_USAGE(.BOTH.,#9862);
#9395=SURFACE_STYLE_USAGE(.BOTH.,#9863);
#9396=SURFACE_STYLE_USAGE(.BOTH.,#9864);
#9397=SURFACE_STYLE_USAGE(.BOTH.,#9865);
#9398=SURFACE_STYLE_USAGE(.BOTH.,#9866);
#9399=SURFACE_STYLE_USAGE(.BOTH.,#9867);
#9400=SURFACE_STYLE_USAGE(.BOTH.,#9868);
#9401=SURFACE_STYLE_USAGE(.BOTH.,#9869);
#9402=SURFACE_STYLE_USAGE(.BOTH.,#9870);
#9403=SURFACE_STYLE_USAGE(.BOTH.,#9871);
#9404=SURFACE_STYLE_USAGE(.BOTH.,#9872);
#9405=SURFACE_STYLE_USAGE(.BOTH.,#9873);
#9406=SURFACE_STYLE_USAGE(.BOTH.,#9874);
#9407=SURFACE_STYLE_USAGE(.BOTH.,#9875);
#9408=SURFACE_STYLE_USAGE(.BOTH.,#9876);
#9409=SURFACE_STYLE_USAGE(.BOTH.,#9877);
#9410=SURFACE_STYLE_USAGE(.BOTH.,#9878);
#9411=SURFACE_STYLE_USAGE(.BOTH.,#9879);
#9412=SURFACE_STYLE_USAGE(.BOTH.,#9880);
#9413=SURFACE_STYLE_USAGE(.BOTH.,#9881);
#9414=SURFACE_STYLE_USAGE(.BOTH.,#9882);
#9415=SURFACE_STYLE_USAGE(.BOTH.,#9883);
#9416=SURFACE_STYLE_USAGE(.BOTH.,#9884);
#9417=SURFACE_STYLE_USAGE(.BOTH.,#9885);
#9418=SURFACE_STYLE_USAGE(.BOTH.,#9886);
#9419=SURFACE_STYLE_USAGE(.BOTH.,#9887);
#9420=SURFACE_STYLE_USAGE(.BOTH.,#9888);
#9421=SURFACE_STYLE_USAGE(.BOTH.,#9889);
#9422=SURFACE_STYLE_USAGE(.BOTH.,#9890);
#9423=SURFACE_STYLE_USAGE(.BOTH.,#9891);
#9424=SURFACE_STYLE_USAGE(.BOTH.,#9892);
#9425=SURFACE_STYLE_USAGE(.BOTH.,#9893);
#9426=SURFACE_STYLE_USAGE(.BOTH.,#9894);
#9427=SURFACE_STYLE_USAGE(.BOTH.,#9895);
#9428=SURFACE_STYLE_USAGE(.BOTH.,#9896);
#9429=SURFACE_STYLE_USAGE(.BOTH.,#9897);
#9430=SURFACE_STYLE_USAGE(.BOTH.,#9898);
#9431=SURFACE_STYLE_USAGE(.BOTH.,#9899);
#9432=SURFACE_STYLE_USAGE(.BOTH.,#9900);
#9433=SURFACE_STYLE_USAGE(.BOTH.,#9901);
#9434=SURFACE_STYLE_USAGE(.BOTH.,#9902);
#9435=SURFACE_STYLE_USAGE(.BOTH.,#9903);
#9436=SURFACE_STYLE_USAGE(.BOTH.,#9904);
#9437=SURFACE_STYLE_USAGE(.BOTH.,#9905);
#9438=SURFACE_STYLE_USAGE(.BOTH.,#9906);
#9439=SURFACE_STYLE_USAGE(.BOTH.,#9907);
#9440=SURFACE_STYLE_USAGE(.BOTH.,#9908);
#9441=SURFACE_STYLE_USAGE(.BOTH.,#9909);
#9442=SURFACE_STYLE_USAGE(.BOTH.,#9910);
#9443=SURFACE_STYLE_USAGE(.BOTH.,#9911);
#9444=SURFACE_STYLE_USAGE(.BOTH.,#9912);
#9445=SURFACE_STYLE_USAGE(.BOTH.,#9913);
#9446=SURFACE_STYLE_USAGE(.BOTH.,#9914);
#9447=SURFACE_STYLE_USAGE(.BOTH.,#9915);
#9448=SURFACE_STYLE_USAGE(.BOTH.,#9916);
#9449=SURFACE_STYLE_USAGE(.BOTH.,#9917);
#9450=SURFACE_STYLE_USAGE(.BOTH.,#9918);
#9451=SURFACE_STYLE_USAGE(.BOTH.,#9919);
#9452=SURFACE_STYLE_USAGE(.BOTH.,#9920);
#9453=SURFACE_STYLE_USAGE(.BOTH.,#9921);
#9454=SURFACE_STYLE_USAGE(.BOTH.,#9922);
#9455=SURFACE_STYLE_USAGE(.BOTH.,#9923);
#9456=SURFACE_STYLE_USAGE(.BOTH.,#9924);
#9457=SURFACE_STYLE_USAGE(.BOTH.,#9925);
#9458=SURFACE_STYLE_USAGE(.BOTH.,#9926);
#9459=SURFACE_STYLE_USAGE(.BOTH.,#9927);
#9460=SURFACE_STYLE_USAGE(.BOTH.,#9928);
#9461=SURFACE_STYLE_USAGE(.BOTH.,#9929);
#9462=SURFACE_STYLE_USAGE(.BOTH.,#9930);
#9463=SURFACE_STYLE_USAGE(.BOTH.,#9931);
#9464=SURFACE_STYLE_USAGE(.BOTH.,#9932);
#9465=SURFACE_STYLE_USAGE(.BOTH.,#9933);
#9466=SURFACE_STYLE_USAGE(.BOTH.,#9934);
#9467=SURFACE_STYLE_USAGE(.BOTH.,#9935);
#9468=SURFACE_STYLE_USAGE(.BOTH.,#9936);
#9469=SURFACE_STYLE_USAGE(.BOTH.,#9937);
#9470=SURFACE_STYLE_USAGE(.BOTH.,#9938);
#9471=SURFACE_STYLE_USAGE(.BOTH.,#9939);
#9472=SURFACE_STYLE_USAGE(.BOTH.,#9940);
#9473=SURFACE_STYLE_USAGE(.BOTH.,#9941);
#9474=SURFACE_STYLE_USAGE(.BOTH.,#9942);
#9475=SURFACE_STYLE_USAGE(.BOTH.,#9943);
#9476=SURFACE_STYLE_USAGE(.BOTH.,#9944);
#9477=SURFACE_STYLE_USAGE(.BOTH.,#9945);
#9478=SURFACE_STYLE_USAGE(.BOTH.,#9946);
#9479=SURFACE_STYLE_USAGE(.BOTH.,#9947);
#9480=SURFACE_STYLE_USAGE(.BOTH.,#9948);
#9481=SURFACE_STYLE_USAGE(.BOTH.,#9949);
#9482=SURFACE_STYLE_USAGE(.BOTH.,#9950);
#9483=SURFACE_STYLE_USAGE(.BOTH.,#9951);
#9484=SURFACE_STYLE_USAGE(.BOTH.,#9952);
#9485=SURFACE_STYLE_USAGE(.BOTH.,#9953);
#9486=SURFACE_STYLE_USAGE(.BOTH.,#9954);
#9487=SURFACE_STYLE_USAGE(.BOTH.,#9955);
#9488=SURFACE_STYLE_USAGE(.BOTH.,#9956);
#9489=SURFACE_STYLE_USAGE(.BOTH.,#9957);
#9490=SURFACE_STYLE_USAGE(.BOTH.,#9958);
#9491=SURFACE_STYLE_USAGE(.BOTH.,#9959);
#9492=SURFACE_STYLE_USAGE(.BOTH.,#9960);
#9493=SURFACE_STYLE_USAGE(.BOTH.,#9961);
#9494=SURFACE_STYLE_USAGE(.BOTH.,#9962);
#9495=SURFACE_STYLE_USAGE(.BOTH.,#9963);
#9496=SURFACE_STYLE_USAGE(.BOTH.,#9964);
#9497=SURFACE_STYLE_USAGE(.BOTH.,#9965);
#9498=SURFACE_STYLE_USAGE(.BOTH.,#9966);
#9499=SURFACE_STYLE_USAGE(.BOTH.,#9967);
#9500=SURFACE_STYLE_USAGE(.BOTH.,#9968);
#9501=SURFACE_STYLE_USAGE(.BOTH.,#9969);
#9502=SURFACE_STYLE_USAGE(.BOTH.,#9970);
#9503=SURFACE_STYLE_USAGE(.BOTH.,#9971);
#9504=SURFACE_STYLE_USAGE(.BOTH.,#9972);
#9505=SURFACE_STYLE_USAGE(.BOTH.,#9973);
#9506=SURFACE_STYLE_USAGE(.BOTH.,#9974);
#9507=SURFACE_STYLE_USAGE(.BOTH.,#9975);
#9508=SURFACE_STYLE_USAGE(.BOTH.,#9976);
#9509=SURFACE_STYLE_USAGE(.BOTH.,#9977);
#9510=SURFACE_STYLE_USAGE(.BOTH.,#9978);
#9511=SURFACE_STYLE_USAGE(.BOTH.,#9979);
#9512=SURFACE_STYLE_USAGE(.BOTH.,#9980);
#9513=SURFACE_STYLE_USAGE(.BOTH.,#9981);
#9514=SURFACE_STYLE_USAGE(.BOTH.,#9982);
#9515=SURFACE_STYLE_USAGE(.BOTH.,#9983);
#9516=SURFACE_STYLE_USAGE(.BOTH.,#9984);
#9517=SURFACE_STYLE_USAGE(.BOTH.,#9985);
#9518=SURFACE_STYLE_USAGE(.BOTH.,#9986);
#9519=SURFACE_STYLE_USAGE(.BOTH.,#9987);
#9520=SURFACE_STYLE_USAGE(.BOTH.,#9988);
#9521=SURFACE_STYLE_USAGE(.BOTH.,#9989);
#9522=SURFACE_STYLE_USAGE(.BOTH.,#9990);
#9523=SURFACE_STYLE_USAGE(.BOTH.,#9991);
#9524=SURFACE_STYLE_USAGE(.BOTH.,#9992);
#9525=SURFACE_STYLE_USAGE(.BOTH.,#9993);
#9526=SURFACE_STYLE_USAGE(.BOTH.,#9994);
#9527=SURFACE_STYLE_USAGE(.BOTH.,#9995);
#9528=SURFACE_STYLE_USAGE(.BOTH.,#9996);
#9529=SURFACE_STYLE_USAGE(.BOTH.,#9997);
#9530=SURFACE_STYLE_USAGE(.BOTH.,#9998);
#9531=SURFACE_STYLE_USAGE(.BOTH.,#9999);
#9532=SURFACE_STYLE_USAGE(.BOTH.,#10000);
#9533=SURFACE_STYLE_USAGE(.BOTH.,#10001);
#9534=SURFACE_STYLE_USAGE(.BOTH.,#10002);
#9535=SURFACE_STYLE_USAGE(.BOTH.,#10003);
#9536=SURFACE_STYLE_USAGE(.BOTH.,#10004);
#9537=SURFACE_STYLE_USAGE(.BOTH.,#10005);
#9538=SURFACE_STYLE_USAGE(.BOTH.,#10006);
#9539=SURFACE_STYLE_USAGE(.BOTH.,#10007);
#9540=SURFACE_STYLE_USAGE(.BOTH.,#10008);
#9541=SURFACE_STYLE_USAGE(.BOTH.,#10009);
#9542=SURFACE_STYLE_USAGE(.BOTH.,#10010);
#9543=SURFACE_STYLE_USAGE(.BOTH.,#10011);
#9544=SURFACE_STYLE_USAGE(.BOTH.,#10012);
#9545=SURFACE_STYLE_USAGE(.BOTH.,#10013);
#9546=SURFACE_STYLE_USAGE(.BOTH.,#10014);
#9547=SURFACE_STYLE_USAGE(.BOTH.,#10015);
#9548=SURFACE_STYLE_USAGE(.BOTH.,#10016);
#9549=SURFACE_STYLE_USAGE(.BOTH.,#10017);
#9550=SURFACE_STYLE_USAGE(.BOTH.,#10018);
#9551=SURFACE_STYLE_USAGE(.BOTH.,#10019);
#9552=SURFACE_STYLE_USAGE(.BOTH.,#10020);
#9553=SURFACE_STYLE_USAGE(.BOTH.,#10021);
#9554=SURFACE_STYLE_USAGE(.BOTH.,#10022);
#9555=SURFACE_STYLE_USAGE(.BOTH.,#10023);
#9556=SURFACE_STYLE_USAGE(.BOTH.,#10024);
#9557=SURFACE_STYLE_USAGE(.BOTH.,#10025);
#9558=SURFACE_STYLE_USAGE(.BOTH.,#10026);
#9559=SURFACE_STYLE_USAGE(.BOTH.,#10027);
#9560=SURFACE_STYLE_USAGE(.BOTH.,#10028);
#9561=SURFACE_STYLE_USAGE(.BOTH.,#10029);
#9562=SURFACE_STYLE_USAGE(.BOTH.,#10030);
#9563=SURFACE_STYLE_USAGE(.BOTH.,#10031);
#9564=SURFACE_STYLE_USAGE(.BOTH.,#10032);
#9565=SURFACE_STYLE_USAGE(.BOTH.,#10033);
#9566=SURFACE_STYLE_USAGE(.BOTH.,#10034);
#9567=SURFACE_STYLE_USAGE(.BOTH.,#10035);
#9568=SURFACE_STYLE_USAGE(.BOTH.,#10036);
#9569=SURFACE_STYLE_USAGE(.BOTH.,#10037);
#9570=SURFACE_STYLE_USAGE(.BOTH.,#10038);
#9571=SURFACE_STYLE_USAGE(.BOTH.,#10039);
#9572=SURFACE_STYLE_USAGE(.BOTH.,#10040);
#9573=SURFACE_STYLE_USAGE(.BOTH.,#10041);
#9574=SURFACE_STYLE_USAGE(.BOTH.,#10042);
#9575=SURFACE_STYLE_USAGE(.BOTH.,#10043);
#9576=SURFACE_STYLE_USAGE(.BOTH.,#10044);
#9577=SURFACE_STYLE_USAGE(.BOTH.,#10045);
#9578=SURFACE_STYLE_USAGE(.BOTH.,#10046);
#9579=SURFACE_STYLE_USAGE(.BOTH.,#10047);
#9580=SURFACE_STYLE_USAGE(.BOTH.,#10048);
#9581=SURFACE_STYLE_USAGE(.BOTH.,#10049);
#9582=SURFACE_STYLE_USAGE(.BOTH.,#10050);
#9583=SURFACE_STYLE_USAGE(.BOTH.,#10051);
#9584=SURFACE_STYLE_USAGE(.BOTH.,#10052);
#9585=SURFACE_STYLE_USAGE(.BOTH.,#10053);
#9586=SURFACE_STYLE_USAGE(.BOTH.,#10054);
#9587=SURFACE_STYLE_USAGE(.BOTH.,#10055);
#9588=SURFACE_STYLE_USAGE(.BOTH.,#10056);
#9589=SURFACE_STYLE_USAGE(.BOTH.,#10057);
#9590=SURFACE_STYLE_USAGE(.BOTH.,#10058);
#9591=SURFACE_STYLE_USAGE(.BOTH.,#10059);
#9592=SURFACE_STYLE_USAGE(.BOTH.,#10060);
#9593=SURFACE_STYLE_USAGE(.BOTH.,#10061);
#9594=SURFACE_STYLE_USAGE(.BOTH.,#10062);
#9595=SURFACE_STYLE_USAGE(.BOTH.,#10063);
#9596=SURFACE_STYLE_USAGE(.BOTH.,#10064);
#9597=SURFACE_STYLE_USAGE(.BOTH.,#10065);
#9598=SURFACE_STYLE_USAGE(.BOTH.,#10066);
#9599=SURFACE_STYLE_USAGE(.BOTH.,#10067);
#9600=SURFACE_STYLE_USAGE(.BOTH.,#10068);
#9601=SURFACE_STYLE_USAGE(.BOTH.,#10069);
#9602=SURFACE_STYLE_USAGE(.BOTH.,#10070);
#9603=SURFACE_STYLE_USAGE(.BOTH.,#10071);
#9604=SURFACE_STYLE_USAGE(.BOTH.,#10072);
#9605=SURFACE_STYLE_USAGE(.BOTH.,#10073);
#9606=SURFACE_STYLE_USAGE(.BOTH.,#10074);
#9607=SURFACE_STYLE_USAGE(.BOTH.,#10075);
#9608=SURFACE_STYLE_USAGE(.BOTH.,#10076);
#9609=SURFACE_STYLE_USAGE(.BOTH.,#10077);
#9610=SURFACE_STYLE_USAGE(.BOTH.,#10078);
#9611=SURFACE_STYLE_USAGE(.BOTH.,#10079);
#9612=SURFACE_STYLE_USAGE(.BOTH.,#10080);
#9613=SURFACE_STYLE_USAGE(.BOTH.,#10081);
#9614=SURFACE_STYLE_USAGE(.BOTH.,#10082);
#9615=SURFACE_STYLE_USAGE(.BOTH.,#10083);
#9616=SURFACE_STYLE_USAGE(.BOTH.,#10084);
#9617=SURFACE_STYLE_USAGE(.BOTH.,#10085);
#9618=SURFACE_STYLE_USAGE(.BOTH.,#10086);
#9619=SURFACE_STYLE_USAGE(.BOTH.,#10087);
#9620=SURFACE_STYLE_USAGE(.BOTH.,#10088);
#9621=SURFACE_STYLE_USAGE(.BOTH.,#10089);
#9622=SURFACE_STYLE_USAGE(.BOTH.,#10090);
#9623=SURFACE_STYLE_USAGE(.BOTH.,#10091);
#9624=SURFACE_STYLE_USAGE(.BOTH.,#10092);
#9625=SURFACE_STYLE_USAGE(.BOTH.,#10093);
#9626=SURFACE_STYLE_USAGE(.BOTH.,#10094);
#9627=SURFACE_STYLE_USAGE(.BOTH.,#10095);
#9628=SURFACE_STYLE_USAGE(.BOTH.,#10096);
#9629=SURFACE_STYLE_USAGE(.BOTH.,#10097);
#9630=SURFACE_STYLE_USAGE(.BOTH.,#10098);
#9631=SURFACE_STYLE_USAGE(.BOTH.,#10099);
#9632=SURFACE_STYLE_USAGE(.BOTH.,#10100);
#9633=SURFACE_STYLE_USAGE(.BOTH.,#10101);
#9634=SURFACE_STYLE_USAGE(.BOTH.,#10102);
#9635=SURFACE_STYLE_USAGE(.BOTH.,#10103);
#9636=SURFACE_STYLE_USAGE(.BOTH.,#10104);
#9637=SURFACE_STYLE_USAGE(.BOTH.,#10105);
#9638=SURFACE_STYLE_USAGE(.BOTH.,#10106);
#9639=SURFACE_STYLE_USAGE(.BOTH.,#10107);
#9640=SURFACE_STYLE_USAGE(.BOTH.,#10108);
#9641=SURFACE_STYLE_USAGE(.BOTH.,#10109);
#9642=SURFACE_STYLE_USAGE(.BOTH.,#10110);
#9643=SURFACE_STYLE_USAGE(.BOTH.,#10111);
#9644=SURFACE_STYLE_USAGE(.BOTH.,#10112);
#9645=SURFACE_STYLE_USAGE(.BOTH.,#10113);
#9646=SURFACE_STYLE_USAGE(.BOTH.,#10114);
#9647=SURFACE_STYLE_USAGE(.BOTH.,#10115);
#9648=SURFACE_STYLE_USAGE(.BOTH.,#10116);
#9649=SURFACE_STYLE_USAGE(.BOTH.,#10117);
#9650=SURFACE_STYLE_USAGE(.BOTH.,#10118);
#9651=SURFACE_STYLE_USAGE(.BOTH.,#10119);
#9652=SURFACE_STYLE_USAGE(.BOTH.,#10120);
#9653=SURFACE_STYLE_USAGE(.BOTH.,#10121);
#9654=SURFACE_STYLE_USAGE(.BOTH.,#10122);
#9655=SURFACE_STYLE_USAGE(.BOTH.,#10123);
#9656=SURFACE_STYLE_USAGE(.BOTH.,#10124);
#9657=SURFACE_STYLE_USAGE(.BOTH.,#10125);
#9658=SURFACE_STYLE_USAGE(.BOTH.,#10126);
#9659=SURFACE_STYLE_USAGE(.BOTH.,#10127);
#9660=SURFACE_STYLE_USAGE(.BOTH.,#10128);
#9661=SURFACE_STYLE_USAGE(.BOTH.,#10129);
#9662=SURFACE_STYLE_USAGE(.BOTH.,#10130);
#9663=SURFACE_STYLE_USAGE(.BOTH.,#10131);
#9664=SURFACE_STYLE_USAGE(.BOTH.,#10132);
#9665=SURFACE_STYLE_USAGE(.BOTH.,#10133);
#9666=SURFACE_STYLE_USAGE(.BOTH.,#10134);
#9667=SURFACE_STYLE_USAGE(.BOTH.,#10135);
#9668=SURFACE_STYLE_USAGE(.BOTH.,#10136);
#9669=SURFACE_STYLE_USAGE(.BOTH.,#10137);
#9670=SURFACE_STYLE_USAGE(.BOTH.,#10138);
#9671=SURFACE_STYLE_USAGE(.BOTH.,#10139);
#9672=SURFACE_STYLE_USAGE(.BOTH.,#10140);
#9673=SURFACE_STYLE_USAGE(.BOTH.,#10141);
#9674=SURFACE_STYLE_USAGE(.BOTH.,#10142);
#9675=SURFACE_STYLE_USAGE(.BOTH.,#10143);
#9676=SURFACE_STYLE_USAGE(.BOTH.,#10144);
#9677=SURFACE_STYLE_USAGE(.BOTH.,#10145);
#9678=SURFACE_STYLE_USAGE(.BOTH.,#10146);
#9679=SURFACE_STYLE_USAGE(.BOTH.,#10147);
#9680=SURFACE_STYLE_USAGE(.BOTH.,#10148);
#9681=SURFACE_STYLE_USAGE(.BOTH.,#10149);
#9682=SURFACE_STYLE_USAGE(.BOTH.,#10150);
#9683=SURFACE_STYLE_USAGE(.BOTH.,#10151);
#9684=SURFACE_STYLE_USAGE(.BOTH.,#10152);
#9685=SURFACE_STYLE_USAGE(.BOTH.,#10153);
#9686=SURFACE_STYLE_USAGE(.BOTH.,#10154);
#9687=SURFACE_STYLE_USAGE(.BOTH.,#10155);
#9688=SURFACE_STYLE_USAGE(.BOTH.,#10156);
#9689=SURFACE_STYLE_USAGE(.BOTH.,#10157);
#9690=SURFACE_STYLE_USAGE(.BOTH.,#10158);
#9691=SURFACE_STYLE_USAGE(.BOTH.,#10159);
#9692=SURFACE_STYLE_USAGE(.BOTH.,#10160);
#9693=SURFACE_STYLE_USAGE(.BOTH.,#10161);
#9694=SURFACE_STYLE_USAGE(.BOTH.,#10162);
#9695=SURFACE_STYLE_USAGE(.BOTH.,#10163);
#9696=SURFACE_STYLE_USAGE(.BOTH.,#10164);
#9697=SURFACE_STYLE_USAGE(.BOTH.,#10165);
#9698=SURFACE_STYLE_USAGE(.BOTH.,#10166);
#9699=SURFACE_STYLE_USAGE(.BOTH.,#10167);
#9700=SURFACE_SIDE_STYLE('',(#10168));
#9701=SURFACE_SIDE_STYLE('',(#10169));
#9702=SURFACE_SIDE_STYLE('',(#10170));
#9703=SURFACE_SIDE_STYLE('',(#10171));
#9704=SURFACE_SIDE_STYLE('',(#10172));
#9705=SURFACE_SIDE_STYLE('',(#10173));
#9706=SURFACE_SIDE_STYLE('',(#10174));
#9707=SURFACE_SIDE_STYLE('',(#10175));
#9708=SURFACE_SIDE_STYLE('',(#10176));
#9709=SURFACE_SIDE_STYLE('',(#10177));
#9710=SURFACE_SIDE_STYLE('',(#10178));
#9711=SURFACE_SIDE_STYLE('',(#10179));
#9712=SURFACE_SIDE_STYLE('',(#10180));
#9713=SURFACE_SIDE_STYLE('',(#10181));
#9714=SURFACE_SIDE_STYLE('',(#10182));
#9715=SURFACE_SIDE_STYLE('',(#10183));
#9716=SURFACE_SIDE_STYLE('',(#10184));
#9717=SURFACE_SIDE_STYLE('',(#10185));
#9718=SURFACE_SIDE_STYLE('',(#10186));
#9719=SURFACE_SIDE_STYLE('',(#10187));
#9720=SURFACE_SIDE_STYLE('',(#10188));
#9721=SURFACE_SIDE_STYLE('',(#10189));
#9722=SURFACE_SIDE_STYLE('',(#10190));
#9723=SURFACE_SIDE_STYLE('',(#10191));
#9724=SURFACE_SIDE_STYLE('',(#10192));
#9725=SURFACE_SIDE_STYLE('',(#10193));
#9726=SURFACE_SIDE_STYLE('',(#10194));
#9727=SURFACE_SIDE_STYLE('',(#10195));
#9728=SURFACE_SIDE_STYLE('',(#10196));
#9729=SURFACE_SIDE_STYLE('',(#10197));
#9730=SURFACE_SIDE_STYLE('',(#10198));
#9731=SURFACE_SIDE_STYLE('',(#10199));
#9732=SURFACE_SIDE_STYLE('',(#10200));
#9733=SURFACE_SIDE_STYLE('',(#10201));
#9734=SURFACE_SIDE_STYLE('',(#10202));
#9735=SURFACE_SIDE_STYLE('',(#10203));
#9736=SURFACE_SIDE_STYLE('',(#10204));
#9737=SURFACE_SIDE_STYLE('',(#10205));
#9738=SURFACE_SIDE_STYLE('',(#10206));
#9739=SURFACE_SIDE_STYLE('',(#10207));
#9740=SURFACE_SIDE_STYLE('',(#10208));
#9741=SURFACE_SIDE_STYLE('',(#10209));
#9742=SURFACE_SIDE_STYLE('',(#10210));
#9743=SURFACE_SIDE_STYLE('',(#10211));
#9744=SURFACE_SIDE_STYLE('',(#10212));
#9745=SURFACE_SIDE_STYLE('',(#10213));
#9746=SURFACE_SIDE_STYLE('',(#10214));
#9747=SURFACE_SIDE_STYLE('',(#10215));
#9748=SURFACE_SIDE_STYLE('',(#10216));
#9749=SURFACE_SIDE_STYLE('',(#10217));
#9750=SURFACE_SIDE_STYLE('',(#10218));
#9751=SURFACE_SIDE_STYLE('',(#10219));
#9752=SURFACE_SIDE_STYLE('',(#10220));
#9753=SURFACE_SIDE_STYLE('',(#10221));
#9754=SURFACE_SIDE_STYLE('',(#10222));
#9755=SURFACE_SIDE_STYLE('',(#10223));
#9756=SURFACE_SIDE_STYLE('',(#10224));
#9757=SURFACE_SIDE_STYLE('',(#10225));
#9758=SURFACE_SIDE_STYLE('',(#10226));
#9759=SURFACE_SIDE_STYLE('',(#10227));
#9760=SURFACE_SIDE_STYLE('',(#10228));
#9761=SURFACE_SIDE_STYLE('',(#10229));
#9762=SURFACE_SIDE_STYLE('',(#10230));
#9763=SURFACE_SIDE_STYLE('',(#10231));
#9764=SURFACE_SIDE_STYLE('',(#10232));
#9765=SURFACE_SIDE_STYLE('',(#10233));
#9766=SURFACE_SIDE_STYLE('',(#10234));
#9767=SURFACE_SIDE_STYLE('',(#10235));
#9768=SURFACE_SIDE_STYLE('',(#10236));
#9769=SURFACE_SIDE_STYLE('',(#10237));
#9770=SURFACE_SIDE_STYLE('',(#10238));
#9771=SURFACE_SIDE_STYLE('',(#10239));
#9772=SURFACE_SIDE_STYLE('',(#10240));
#9773=SURFACE_SIDE_STYLE('',(#10241));
#9774=SURFACE_SIDE_STYLE('',(#10242));
#9775=SURFACE_SIDE_STYLE('',(#10243));
#9776=SURFACE_SIDE_STYLE('',(#10244));
#9777=SURFACE_SIDE_STYLE('',(#10245));
#9778=SURFACE_SIDE_STYLE('',(#10246));
#9779=SURFACE_SIDE_STYLE('',(#10247));
#9780=SURFACE_SIDE_STYLE('',(#10248));
#9781=SURFACE_SIDE_STYLE('',(#10249));
#9782=SURFACE_SIDE_STYLE('',(#10250));
#9783=SURFACE_SIDE_STYLE('',(#10251));
#9784=SURFACE_SIDE_STYLE('',(#10252));
#9785=SURFACE_SIDE_STYLE('',(#10253));
#9786=SURFACE_SIDE_STYLE('',(#10254));
#9787=SURFACE_SIDE_STYLE('',(#10255));
#9788=SURFACE_SIDE_STYLE('',(#10256));
#9789=SURFACE_SIDE_STYLE('',(#10257));
#9790=SURFACE_SIDE_STYLE('',(#10258));
#9791=SURFACE_SIDE_STYLE('',(#10259));
#9792=SURFACE_SIDE_STYLE('',(#10260));
#9793=SURFACE_SIDE_STYLE('',(#10261));
#9794=SURFACE_SIDE_STYLE('',(#10262));
#9795=SURFACE_SIDE_STYLE('',(#10263));
#9796=SURFACE_SIDE_STYLE('',(#10264));
#9797=SURFACE_SIDE_STYLE('',(#10265));
#9798=SURFACE_SIDE_STYLE('',(#10266));
#9799=SURFACE_SIDE_STYLE('',(#10267));
#9800=SURFACE_SIDE_STYLE('',(#10268));
#9801=SURFACE_SIDE_STYLE('',(#10269));
#9802=SURFACE_SIDE_STYLE('',(#10270));
#9803=SURFACE_SIDE_STYLE('',(#10271));
#9804=SURFACE_SIDE_STYLE('',(#10272));
#9805=SURFACE_SIDE_STYLE('',(#10273));
#9806=SURFACE_SIDE_STYLE('',(#10274));
#9807=SURFACE_SIDE_STYLE('',(#10275));
#9808=SURFACE_SIDE_STYLE('',(#10276));
#9809=SURFACE_SIDE_STYLE('',(#10277));
#9810=SURFACE_SIDE_STYLE('',(#10278));
#9811=SURFACE_SIDE_STYLE('',(#10279));
#9812=SURFACE_SIDE_STYLE('',(#10280));
#9813=SURFACE_SIDE_STYLE('',(#10281));
#9814=SURFACE_SIDE_STYLE('',(#10282));
#9815=SURFACE_SIDE_STYLE('',(#10283));
#9816=SURFACE_SIDE_STYLE('',(#10284));
#9817=SURFACE_SIDE_STYLE('',(#10285));
#9818=SURFACE_SIDE_STYLE('',(#10286));
#9819=SURFACE_SIDE_STYLE('',(#10287));
#9820=SURFACE_SIDE_STYLE('',(#10288));
#9821=SURFACE_SIDE_STYLE('',(#10289));
#9822=SURFACE_SIDE_STYLE('',(#10290));
#9823=SURFACE_SIDE_STYLE('',(#10291));
#9824=SURFACE_SIDE_STYLE('',(#10292));
#9825=SURFACE_SIDE_STYLE('',(#10293));
#9826=SURFACE_SIDE_STYLE('',(#10294));
#9827=SURFACE_SIDE_STYLE('',(#10295));
#9828=SURFACE_SIDE_STYLE('',(#10296));
#9829=SURFACE_SIDE_STYLE('',(#10297));
#9830=SURFACE_SIDE_STYLE('',(#10298));
#9831=SURFACE_SIDE_STYLE('',(#10299));
#9832=SURFACE_SIDE_STYLE('',(#10300));
#9833=SURFACE_SIDE_STYLE('',(#10301));
#9834=SURFACE_SIDE_STYLE('',(#10302));
#9835=SURFACE_SIDE_STYLE('',(#10303));
#9836=SURFACE_SIDE_STYLE('',(#10304));
#9837=SURFACE_SIDE_STYLE('',(#10305));
#9838=SURFACE_SIDE_STYLE('',(#10306));
#9839=SURFACE_SIDE_STYLE('',(#10307));
#9840=SURFACE_SIDE_STYLE('',(#10308));
#9841=SURFACE_SIDE_STYLE('',(#10309));
#9842=SURFACE_SIDE_STYLE('',(#10310));
#9843=SURFACE_SIDE_STYLE('',(#10311));
#9844=SURFACE_SIDE_STYLE('',(#10312));
#9845=SURFACE_SIDE_STYLE('',(#10313));
#9846=SURFACE_SIDE_STYLE('',(#10314));
#9847=SURFACE_SIDE_STYLE('',(#10315));
#9848=SURFACE_SIDE_STYLE('',(#10316));
#9849=SURFACE_SIDE_STYLE('',(#10317));
#9850=SURFACE_SIDE_STYLE('',(#10318));
#9851=SURFACE_SIDE_STYLE('',(#10319));
#9852=SURFACE_SIDE_STYLE('',(#10320));
#9853=SURFACE_SIDE_STYLE('',(#10321));
#9854=SURFACE_SIDE_STYLE('',(#10322));
#9855=SURFACE_SIDE_STYLE('',(#10323));
#9856=SURFACE_SIDE_STYLE('',(#10324));
#9857=SURFACE_SIDE_STYLE('',(#10325));
#9858=SURFACE_SIDE_STYLE('',(#10326));
#9859=SURFACE_SIDE_STYLE('',(#10327));
#9860=SURFACE_SIDE_STYLE('',(#10328));
#9861=SURFACE_SIDE_STYLE('',(#10329));
#9862=SURFACE_SIDE_STYLE('',(#10330));
#9863=SURFACE_SIDE_STYLE('',(#10331));
#9864=SURFACE_SIDE_STYLE('',(#10332));
#9865=SURFACE_SIDE_STYLE('',(#10333));
#9866=SURFACE_SIDE_STYLE('',(#10334));
#9867=SURFACE_SIDE_STYLE('',(#10335));
#9868=SURFACE_SIDE_STYLE('',(#10336));
#9869=SURFACE_SIDE_STYLE('',(#10337));
#9870=SURFACE_SIDE_STYLE('',(#10338));
#9871=SURFACE_SIDE_STYLE('',(#10339));
#9872=SURFACE_SIDE_STYLE('',(#10340));
#9873=SURFACE_SIDE_STYLE('',(#10341));
#9874=SURFACE_SIDE_STYLE('',(#10342));
#9875=SURFACE_SIDE_STYLE('',(#10343));
#9876=SURFACE_SIDE_STYLE('',(#10344));
#9877=SURFACE_SIDE_STYLE('',(#10345));
#9878=SURFACE_SIDE_STYLE('',(#10346));
#9879=SURFACE_SIDE_STYLE('',(#10347));
#9880=SURFACE_SIDE_STYLE('',(#10348));
#9881=SURFACE_SIDE_STYLE('',(#10349));
#9882=SURFACE_SIDE_STYLE('',(#10350));
#9883=SURFACE_SIDE_STYLE('',(#10351));
#9884=SURFACE_SIDE_STYLE('',(#10352));
#9885=SURFACE_SIDE_STYLE('',(#10353));
#9886=SURFACE_SIDE_STYLE('',(#10354));
#9887=SURFACE_SIDE_STYLE('',(#10355));
#9888=SURFACE_SIDE_STYLE('',(#10356));
#9889=SURFACE_SIDE_STYLE('',(#10357));
#9890=SURFACE_SIDE_STYLE('',(#10358));
#9891=SURFACE_SIDE_STYLE('',(#10359));
#9892=SURFACE_SIDE_STYLE('',(#10360));
#9893=SURFACE_SIDE_STYLE('',(#10361));
#9894=SURFACE_SIDE_STYLE('',(#10362));
#9895=SURFACE_SIDE_STYLE('',(#10363));
#9896=SURFACE_SIDE_STYLE('',(#10364));
#9897=SURFACE_SIDE_STYLE('',(#10365));
#9898=SURFACE_SIDE_STYLE('',(#10366));
#9899=SURFACE_SIDE_STYLE('',(#10367));
#9900=SURFACE_SIDE_STYLE('',(#10368));
#9901=SURFACE_SIDE_STYLE('',(#10369));
#9902=SURFACE_SIDE_STYLE('',(#10370));
#9903=SURFACE_SIDE_STYLE('',(#10371));
#9904=SURFACE_SIDE_STYLE('',(#10372));
#9905=SURFACE_SIDE_STYLE('',(#10373));
#9906=SURFACE_SIDE_STYLE('',(#10374));
#9907=SURFACE_SIDE_STYLE('',(#10375));
#9908=SURFACE_SIDE_STYLE('',(#10376));
#9909=SURFACE_SIDE_STYLE('',(#10377));
#9910=SURFACE_SIDE_STYLE('',(#10378));
#9911=SURFACE_SIDE_STYLE('',(#10379));
#9912=SURFACE_SIDE_STYLE('',(#10380));
#9913=SURFACE_SIDE_STYLE('',(#10381));
#9914=SURFACE_SIDE_STYLE('',(#10382));
#9915=SURFACE_SIDE_STYLE('',(#10383));
#9916=SURFACE_SIDE_STYLE('',(#10384));
#9917=SURFACE_SIDE_STYLE('',(#10385));
#9918=SURFACE_SIDE_STYLE('',(#10386));
#9919=SURFACE_SIDE_STYLE('',(#10387));
#9920=SURFACE_SIDE_STYLE('',(#10388));
#9921=SURFACE_SIDE_STYLE('',(#10389));
#9922=SURFACE_SIDE_STYLE('',(#10390));
#9923=SURFACE_SIDE_STYLE('',(#10391));
#9924=SURFACE_SIDE_STYLE('',(#10392));
#9925=SURFACE_SIDE_STYLE('',(#10393));
#9926=SURFACE_SIDE_STYLE('',(#10394));
#9927=SURFACE_SIDE_STYLE('',(#10395));
#9928=SURFACE_SIDE_STYLE('',(#10396));
#9929=SURFACE_SIDE_STYLE('',(#10397));
#9930=SURFACE_SIDE_STYLE('',(#10398));
#9931=SURFACE_SIDE_STYLE('',(#10399));
#9932=SURFACE_SIDE_STYLE('',(#10400));
#9933=SURFACE_SIDE_STYLE('',(#10401));
#9934=SURFACE_SIDE_STYLE('',(#10402));
#9935=SURFACE_SIDE_STYLE('',(#10403));
#9936=SURFACE_SIDE_STYLE('',(#10404));
#9937=SURFACE_SIDE_STYLE('',(#10405));
#9938=SURFACE_SIDE_STYLE('',(#10406));
#9939=SURFACE_SIDE_STYLE('',(#10407));
#9940=SURFACE_SIDE_STYLE('',(#10408));
#9941=SURFACE_SIDE_STYLE('',(#10409));
#9942=SURFACE_SIDE_STYLE('',(#10410));
#9943=SURFACE_SIDE_STYLE('',(#10411));
#9944=SURFACE_SIDE_STYLE('',(#10412));
#9945=SURFACE_SIDE_STYLE('',(#10413));
#9946=SURFACE_SIDE_STYLE('',(#10414));
#9947=SURFACE_SIDE_STYLE('',(#10415));
#9948=SURFACE_SIDE_STYLE('',(#10416));
#9949=SURFACE_SIDE_STYLE('',(#10417));
#9950=SURFACE_SIDE_STYLE('',(#10418));
#9951=SURFACE_SIDE_STYLE('',(#10419));
#9952=SURFACE_SIDE_STYLE('',(#10420));
#9953=SURFACE_SIDE_STYLE('',(#10421));
#9954=SURFACE_SIDE_STYLE('',(#10422));
#9955=SURFACE_SIDE_STYLE('',(#10423));
#9956=SURFACE_SIDE_STYLE('',(#10424));
#9957=SURFACE_SIDE_STYLE('',(#10425));
#9958=SURFACE_SIDE_STYLE('',(#10426));
#9959=SURFACE_SIDE_STYLE('',(#10427));
#9960=SURFACE_SIDE_STYLE('',(#10428));
#9961=SURFACE_SIDE_STYLE('',(#10429));
#9962=SURFACE_SIDE_STYLE('',(#10430));
#9963=SURFACE_SIDE_STYLE('',(#10431));
#9964=SURFACE_SIDE_STYLE('',(#10432));
#9965=SURFACE_SIDE_STYLE('',(#10433));
#9966=SURFACE_SIDE_STYLE('',(#10434));
#9967=SURFACE_SIDE_STYLE('',(#10435));
#9968=SURFACE_SIDE_STYLE('',(#10436));
#9969=SURFACE_SIDE_STYLE('',(#10437));
#9970=SURFACE_SIDE_STYLE('',(#10438));
#9971=SURFACE_SIDE_STYLE('',(#10439));
#9972=SURFACE_SIDE_STYLE('',(#10440));
#9973=SURFACE_SIDE_STYLE('',(#10441));
#9974=SURFACE_SIDE_STYLE('',(#10442));
#9975=SURFACE_SIDE_STYLE('',(#10443));
#9976=SURFACE_SIDE_STYLE('',(#10444));
#9977=SURFACE_SIDE_STYLE('',(#10445));
#9978=SURFACE_SIDE_STYLE('',(#10446));
#9979=SURFACE_SIDE_STYLE('',(#10447));
#9980=SURFACE_SIDE_STYLE('',(#10448));
#9981=SURFACE_SIDE_STYLE('',(#10449));
#9982=SURFACE_SIDE_STYLE('',(#10450));
#9983=SURFACE_SIDE_STYLE('',(#10451));
#9984=SURFACE_SIDE_STYLE('',(#10452));
#9985=SURFACE_SIDE_STYLE('',(#10453));
#9986=SURFACE_SIDE_STYLE('',(#10454));
#9987=SURFACE_SIDE_STYLE('',(#10455));
#9988=SURFACE_SIDE_STYLE('',(#10456));
#9989=SURFACE_SIDE_STYLE('',(#10457));
#9990=SURFACE_SIDE_STYLE('',(#10458));
#9991=SURFACE_SIDE_STYLE('',(#10459));
#9992=SURFACE_SIDE_STYLE('',(#10460));
#9993=SURFACE_SIDE_STYLE('',(#10461));
#9994=SURFACE_SIDE_STYLE('',(#10462));
#9995=SURFACE_SIDE_STYLE('',(#10463));
#9996=SURFACE_SIDE_STYLE('',(#10464));
#9997=SURFACE_SIDE_STYLE('',(#10465));
#9998=SURFACE_SIDE_STYLE('',(#10466));
#9999=SURFACE_SIDE_STYLE('',(#10467));
#10000=SURFACE_SIDE_STYLE('',(#10468));
#10001=SURFACE_SIDE_STYLE('',(#10469));
#10002=SURFACE_SIDE_STYLE('',(#10470));
#10003=SURFACE_SIDE_STYLE('',(#10471));
#10004=SURFACE_SIDE_STYLE('',(#10472));
#10005=SURFACE_SIDE_STYLE('',(#10473));
#10006=SURFACE_SIDE_STYLE('',(#10474));
#10007=SURFACE_SIDE_STYLE('',(#10475));
#10008=SURFACE_SIDE_STYLE('',(#10476));
#10009=SURFACE_SIDE_STYLE('',(#10477));
#10010=SURFACE_SIDE_STYLE('',(#10478));
#10011=SURFACE_SIDE_STYLE('',(#10479));
#10012=SURFACE_SIDE_STYLE('',(#10480));
#10013=SURFACE_SIDE_STYLE('',(#10481));
#10014=SURFACE_SIDE_STYLE('',(#10482));
#10015=SURFACE_SIDE_STYLE('',(#10483));
#10016=SURFACE_SIDE_STYLE('',(#10484));
#10017=SURFACE_SIDE_STYLE('',(#10485));
#10018=SURFACE_SIDE_STYLE('',(#10486));
#10019=SURFACE_SIDE_STYLE('',(#10487));
#10020=SURFACE_SIDE_STYLE('',(#10488));
#10021=SURFACE_SIDE_STYLE('',(#10489));
#10022=SURFACE_SIDE_STYLE('',(#10490));
#10023=SURFACE_SIDE_STYLE('',(#10491));
#10024=SURFACE_SIDE_STYLE('',(#10492));
#10025=SURFACE_SIDE_STYLE('',(#10493));
#10026=SURFACE_SIDE_STYLE('',(#10494));
#10027=SURFACE_SIDE_STYLE('',(#10495));
#10028=SURFACE_SIDE_STYLE('',(#10496));
#10029=SURFACE_SIDE_STYLE('',(#10497));
#10030=SURFACE_SIDE_STYLE('',(#10498));
#10031=SURFACE_SIDE_STYLE('',(#10499));
#10032=SURFACE_SIDE_STYLE('',(#10500));
#10033=SURFACE_SIDE_STYLE('',(#10501));
#10034=SURFACE_SIDE_STYLE('',(#10502));
#10035=SURFACE_SIDE_STYLE('',(#10503));
#10036=SURFACE_SIDE_STYLE('',(#10504));
#10037=SURFACE_SIDE_STYLE('',(#10505));
#10038=SURFACE_SIDE_STYLE('',(#10506));
#10039=SURFACE_SIDE_STYLE('',(#10507));
#10040=SURFACE_SIDE_STYLE('',(#10508));
#10041=SURFACE_SIDE_STYLE('',(#10509));
#10042=SURFACE_SIDE_STYLE('',(#10510));
#10043=SURFACE_SIDE_STYLE('',(#10511));
#10044=SURFACE_SIDE_STYLE('',(#10512));
#10045=SURFACE_SIDE_STYLE('',(#10513));
#10046=SURFACE_SIDE_STYLE('',(#10514));
#10047=SURFACE_SIDE_STYLE('',(#10515));
#10048=SURFACE_SIDE_STYLE('',(#10516));
#10049=SURFACE_SIDE_STYLE('',(#10517));
#10050=SURFACE_SIDE_STYLE('',(#10518));
#10051=SURFACE_SIDE_STYLE('',(#10519));
#10052=SURFACE_SIDE_STYLE('',(#10520));
#10053=SURFACE_SIDE_STYLE('',(#10521));
#10054=SURFACE_SIDE_STYLE('',(#10522));
#10055=SURFACE_SIDE_STYLE('',(#10523));
#10056=SURFACE_SIDE_STYLE('',(#10524));
#10057=SURFACE_SIDE_STYLE('',(#10525));
#10058=SURFACE_SIDE_STYLE('',(#10526));
#10059=SURFACE_SIDE_STYLE('',(#10527));
#10060=SURFACE_SIDE_STYLE('',(#10528));
#10061=SURFACE_SIDE_STYLE('',(#10529));
#10062=SURFACE_SIDE_STYLE('',(#10530));
#10063=SURFACE_SIDE_STYLE('',(#10531));
#10064=SURFACE_SIDE_STYLE('',(#10532));
#10065=SURFACE_SIDE_STYLE('',(#10533));
#10066=SURFACE_SIDE_STYLE('',(#10534));
#10067=SURFACE_SIDE_STYLE('',(#10535));
#10068=SURFACE_SIDE_STYLE('',(#10536));
#10069=SURFACE_SIDE_STYLE('',(#10537));
#10070=SURFACE_SIDE_STYLE('',(#10538));
#10071=SURFACE_SIDE_STYLE('',(#10539));
#10072=SURFACE_SIDE_STYLE('',(#10540));
#10073=SURFACE_SIDE_STYLE('',(#10541));
#10074=SURFACE_SIDE_STYLE('',(#10542));
#10075=SURFACE_SIDE_STYLE('',(#10543));
#10076=SURFACE_SIDE_STYLE('',(#10544));
#10077=SURFACE_SIDE_STYLE('',(#10545));
#10078=SURFACE_SIDE_STYLE('',(#10546));
#10079=SURFACE_SIDE_STYLE('',(#10547));
#10080=SURFACE_SIDE_STYLE('',(#10548));
#10081=SURFACE_SIDE_STYLE('',(#10549));
#10082=SURFACE_SIDE_STYLE('',(#10550));
#10083=SURFACE_SIDE_STYLE('',(#10551));
#10084=SURFACE_SIDE_STYLE('',(#10552));
#10085=SURFACE_SIDE_STYLE('',(#10553));
#10086=SURFACE_SIDE_STYLE('',(#10554));
#10087=SURFACE_SIDE_STYLE('',(#10555));
#10088=SURFACE_SIDE_STYLE('',(#10556));
#10089=SURFACE_SIDE_STYLE('',(#10557));
#10090=SURFACE_SIDE_STYLE('',(#10558));
#10091=SURFACE_SIDE_STYLE('',(#10559));
#10092=SURFACE_SIDE_STYLE('',(#10560));
#10093=SURFACE_SIDE_STYLE('',(#10561));
#10094=SURFACE_SIDE_STYLE('',(#10562));
#10095=SURFACE_SIDE_STYLE('',(#10563));
#10096=SURFACE_SIDE_STYLE('',(#10564));
#10097=SURFACE_SIDE_STYLE('',(#10565));
#10098=SURFACE_SIDE_STYLE('',(#10566));
#10099=SURFACE_SIDE_STYLE('',(#10567));
#10100=SURFACE_SIDE_STYLE('',(#10568));
#10101=SURFACE_SIDE_STYLE('',(#10569));
#10102=SURFACE_SIDE_STYLE('',(#10570));
#10103=SURFACE_SIDE_STYLE('',(#10571));
#10104=SURFACE_SIDE_STYLE('',(#10572));
#10105=SURFACE_SIDE_STYLE('',(#10573));
#10106=SURFACE_SIDE_STYLE('',(#10574));
#10107=SURFACE_SIDE_STYLE('',(#10575));
#10108=SURFACE_SIDE_STYLE('',(#10576));
#10109=SURFACE_SIDE_STYLE('',(#10577));
#10110=SURFACE_SIDE_STYLE('',(#10578));
#10111=SURFACE_SIDE_STYLE('',(#10579));
#10112=SURFACE_SIDE_STYLE('',(#10580));
#10113=SURFACE_SIDE_STYLE('',(#10581));
#10114=SURFACE_SIDE_STYLE('',(#10582));
#10115=SURFACE_SIDE_STYLE('',(#10583));
#10116=SURFACE_SIDE_STYLE('',(#10584));
#10117=SURFACE_SIDE_STYLE('',(#10585));
#10118=SURFACE_SIDE_STYLE('',(#10586));
#10119=SURFACE_SIDE_STYLE('',(#10587));
#10120=SURFACE_SIDE_STYLE('',(#10588));
#10121=SURFACE_SIDE_STYLE('',(#10589));
#10122=SURFACE_SIDE_STYLE('',(#10590));
#10123=SURFACE_SIDE_STYLE('',(#10591));
#10124=SURFACE_SIDE_STYLE('',(#10592));
#10125=SURFACE_SIDE_STYLE('',(#10593));
#10126=SURFACE_SIDE_STYLE('',(#10594));
#10127=SURFACE_SIDE_STYLE('',(#10595));
#10128=SURFACE_SIDE_STYLE('',(#10596));
#10129=SURFACE_SIDE_STYLE('',(#10597));
#10130=SURFACE_SIDE_STYLE('',(#10598));
#10131=SURFACE_SIDE_STYLE('',(#10599));
#10132=SURFACE_SIDE_STYLE('',(#10600));
#10133=SURFACE_SIDE_STYLE('',(#10601));
#10134=SURFACE_SIDE_STYLE('',(#10602));
#10135=SURFACE_SIDE_STYLE('',(#10603));
#10136=SURFACE_SIDE_STYLE('',(#10604));
#10137=SURFACE_SIDE_STYLE('',(#10605));
#10138=SURFACE_SIDE_STYLE('',(#10606));
#10139=SURFACE_SIDE_STYLE('',(#10607));
#10140=SURFACE_SIDE_STYLE('',(#10608));
#10141=SURFACE_SIDE_STYLE('',(#10609));
#10142=SURFACE_SIDE_STYLE('',(#10610));
#10143=SURFACE_SIDE_STYLE('',(#10611));
#10144=SURFACE_SIDE_STYLE('',(#10612));
#10145=SURFACE_SIDE_STYLE('',(#10613));
#10146=SURFACE_SIDE_STYLE('',(#10614));
#10147=SURFACE_SIDE_STYLE('',(#10615));
#10148=SURFACE_SIDE_STYLE('',(#10616));
#10149=SURFACE_SIDE_STYLE('',(#10617));
#10150=SURFACE_SIDE_STYLE('',(#10618));
#10151=SURFACE_SIDE_STYLE('',(#10619));
#10152=SURFACE_SIDE_STYLE('',(#10620));
#10153=SURFACE_SIDE_STYLE('',(#10621));
#10154=SURFACE_SIDE_STYLE('',(#10622));
#10155=SURFACE_SIDE_STYLE('',(#10623));
#10156=SURFACE_SIDE_STYLE('',(#10624));
#10157=SURFACE_SIDE_STYLE('',(#10625));
#10158=SURFACE_SIDE_STYLE('',(#10626));
#10159=SURFACE_SIDE_STYLE('',(#10627));
#10160=SURFACE_SIDE_STYLE('',(#10628));
#10161=SURFACE_SIDE_STYLE('',(#10629));
#10162=SURFACE_SIDE_STYLE('',(#10630));
#10163=SURFACE_SIDE_STYLE('',(#10631));
#10164=SURFACE_SIDE_STYLE('',(#10632));
#10165=SURFACE_SIDE_STYLE('',(#10633));
#10166=SURFACE_SIDE_STYLE('',(#10634));
#10167=SURFACE_SIDE_STYLE('',(#10635));
#10168=SURFACE_STYLE_FILL_AREA(#10636);
#10169=SURFACE_STYLE_FILL_AREA(#10637);
#10170=SURFACE_STYLE_FILL_AREA(#10638);
#10171=SURFACE_STYLE_FILL_AREA(#10639);
#10172=SURFACE_STYLE_FILL_AREA(#10640);
#10173=SURFACE_STYLE_FILL_AREA(#10641);
#10174=SURFACE_STYLE_FILL_AREA(#10642);
#10175=SURFACE_STYLE_FILL_AREA(#10643);
#10176=SURFACE_STYLE_FILL_AREA(#10644);
#10177=SURFACE_STYLE_FILL_AREA(#10645);
#10178=SURFACE_STYLE_FILL_AREA(#10646);
#10179=SURFACE_STYLE_FILL_AREA(#10647);
#10180=SURFACE_STYLE_FILL_AREA(#10648);
#10181=SURFACE_STYLE_FILL_AREA(#10649);
#10182=SURFACE_STYLE_FILL_AREA(#10650);
#10183=SURFACE_STYLE_FILL_AREA(#10651);
#10184=SURFACE_STYLE_FILL_AREA(#10652);
#10185=SURFACE_STYLE_FILL_AREA(#10653);
#10186=SURFACE_STYLE_FILL_AREA(#10654);
#10187=SURFACE_STYLE_FILL_AREA(#10655);
#10188=SURFACE_STYLE_FILL_AREA(#10656);
#10189=SURFACE_STYLE_FILL_AREA(#10657);
#10190=SURFACE_STYLE_FILL_AREA(#10658);
#10191=SURFACE_STYLE_FILL_AREA(#10659);
#10192=SURFACE_STYLE_FILL_AREA(#10660);
#10193=SURFACE_STYLE_FILL_AREA(#10661);
#10194=SURFACE_STYLE_FILL_AREA(#10662);
#10195=SURFACE_STYLE_FILL_AREA(#10663);
#10196=SURFACE_STYLE_FILL_AREA(#10664);
#10197=SURFACE_STYLE_FILL_AREA(#10665);
#10198=SURFACE_STYLE_FILL_AREA(#10666);
#10199=SURFACE_STYLE_FILL_AREA(#10667);
#10200=SURFACE_STYLE_FILL_AREA(#10668);
#10201=SURFACE_STYLE_FILL_AREA(#10669);
#10202=SURFACE_STYLE_FILL_AREA(#10670);
#10203=SURFACE_STYLE_FILL_AREA(#10671);
#10204=SURFACE_STYLE_FILL_AREA(#10672);
#10205=SURFACE_STYLE_FILL_AREA(#10673);
#10206=SURFACE_STYLE_FILL_AREA(#10674);
#10207=SURFACE_STYLE_FILL_AREA(#10675);
#10208=SURFACE_STYLE_FILL_AREA(#10676);
#10209=SURFACE_STYLE_FILL_AREA(#10677);
#10210=SURFACE_STYLE_FILL_AREA(#10678);
#10211=SURFACE_STYLE_FILL_AREA(#10679);
#10212=SURFACE_STYLE_FILL_AREA(#10680);
#10213=SURFACE_STYLE_FILL_AREA(#10681);
#10214=SURFACE_STYLE_FILL_AREA(#10682);
#10215=SURFACE_STYLE_FILL_AREA(#10683);
#10216=SURFACE_STYLE_FILL_AREA(#10684);
#10217=SURFACE_STYLE_FILL_AREA(#10685);
#10218=SURFACE_STYLE_FILL_AREA(#10686);
#10219=SURFACE_STYLE_FILL_AREA(#10687);
#10220=SURFACE_STYLE_FILL_AREA(#10688);
#10221=SURFACE_STYLE_FILL_AREA(#10689);
#10222=SURFACE_STYLE_FILL_AREA(#10690);
#10223=SURFACE_STYLE_FILL_AREA(#10691);
#10224=SURFACE_STYLE_FILL_AREA(#10692);
#10225=SURFACE_STYLE_FILL_AREA(#10693);
#10226=SURFACE_STYLE_FILL_AREA(#10694);
#10227=SURFACE_STYLE_FILL_AREA(#10695);
#10228=SURFACE_STYLE_FILL_AREA(#10696);
#10229=SURFACE_STYLE_FILL_AREA(#10697);
#10230=SURFACE_STYLE_FILL_AREA(#10698);
#10231=SURFACE_STYLE_FILL_AREA(#10699);
#10232=SURFACE_STYLE_FILL_AREA(#10700);
#10233=SURFACE_STYLE_FILL_AREA(#10701);
#10234=SURFACE_STYLE_FILL_AREA(#10702);
#10235=SURFACE_STYLE_FILL_AREA(#10703);
#10236=SURFACE_STYLE_FILL_AREA(#10704);
#10237=SURFACE_STYLE_FILL_AREA(#10705);
#10238=SURFACE_STYLE_FILL_AREA(#10706);
#10239=SURFACE_STYLE_FILL_AREA(#10707);
#10240=SURFACE_STYLE_FILL_AREA(#10708);
#10241=SURFACE_STYLE_FILL_AREA(#10709);
#10242=SURFACE_STYLE_FILL_AREA(#10710);
#10243=SURFACE_STYLE_FILL_AREA(#10711);
#10244=SURFACE_STYLE_FILL_AREA(#10712);
#10245=SURFACE_STYLE_FILL_AREA(#10713);
#10246=SURFACE_STYLE_FILL_AREA(#10714);
#10247=SURFACE_STYLE_FILL_AREA(#10715);
#10248=SURFACE_STYLE_FILL_AREA(#10716);
#10249=SURFACE_STYLE_FILL_AREA(#10717);
#10250=SURFACE_STYLE_FILL_AREA(#10718);
#10251=SURFACE_STYLE_FILL_AREA(#10719);
#10252=SURFACE_STYLE_FILL_AREA(#10720);
#10253=SURFACE_STYLE_FILL_AREA(#10721);
#10254=SURFACE_STYLE_FILL_AREA(#10722);
#10255=SURFACE_STYLE_FILL_AREA(#10723);
#10256=SURFACE_STYLE_FILL_AREA(#10724);
#10257=SURFACE_STYLE_FILL_AREA(#10725);
#10258=SURFACE_STYLE_FILL_AREA(#10726);
#10259=SURFACE_STYLE_FILL_AREA(#10727);
#10260=SURFACE_STYLE_FILL_AREA(#10728);
#10261=SURFACE_STYLE_FILL_AREA(#10729);
#10262=SURFACE_STYLE_FILL_AREA(#10730);
#10263=SURFACE_STYLE_FILL_AREA(#10731);
#10264=SURFACE_STYLE_FILL_AREA(#10732);
#10265=SURFACE_STYLE_FILL_AREA(#10733);
#10266=SURFACE_STYLE_FILL_AREA(#10734);
#10267=SURFACE_STYLE_FILL_AREA(#10735);
#10268=SURFACE_STYLE_FILL_AREA(#10736);
#10269=SURFACE_STYLE_FILL_AREA(#10737);
#10270=SURFACE_STYLE_FILL_AREA(#10738);
#10271=SURFACE_STYLE_FILL_AREA(#10739);
#10272=SURFACE_STYLE_FILL_AREA(#10740);
#10273=SURFACE_STYLE_FILL_AREA(#10741);
#10274=SURFACE_STYLE_FILL_AREA(#10742);
#10275=SURFACE_STYLE_FILL_AREA(#10743);
#10276=SURFACE_STYLE_FILL_AREA(#10744);
#10277=SURFACE_STYLE_FILL_AREA(#10745);
#10278=SURFACE_STYLE_FILL_AREA(#10746);
#10279=SURFACE_STYLE_FILL_AREA(#10747);
#10280=SURFACE_STYLE_FILL_AREA(#10748);
#10281=SURFACE_STYLE_FILL_AREA(#10749);
#10282=SURFACE_STYLE_FILL_AREA(#10750);
#10283=SURFACE_STYLE_FILL_AREA(#10751);
#10284=SURFACE_STYLE_FILL_AREA(#10752);
#10285=SURFACE_STYLE_FILL_AREA(#10753);
#10286=SURFACE_STYLE_FILL_AREA(#10754);
#10287=SURFACE_STYLE_FILL_AREA(#10755);
#10288=SURFACE_STYLE_FILL_AREA(#10756);
#10289=SURFACE_STYLE_FILL_AREA(#10757);
#10290=SURFACE_STYLE_FILL_AREA(#10758);
#10291=SURFACE_STYLE_FILL_AREA(#10759);
#10292=SURFACE_STYLE_FILL_AREA(#10760);
#10293=SURFACE_STYLE_FILL_AREA(#10761);
#10294=SURFACE_STYLE_FILL_AREA(#10762);
#10295=SURFACE_STYLE_FILL_AREA(#10763);
#10296=SURFACE_STYLE_FILL_AREA(#10764);
#10297=SURFACE_STYLE_FILL_AREA(#10765);
#10298=SURFACE_STYLE_FILL_AREA(#10766);
#10299=SURFACE_STYLE_FILL_AREA(#10767);
#10300=SURFACE_STYLE_FILL_AREA(#10768);
#10301=SURFACE_STYLE_FILL_AREA(#10769);
#10302=SURFACE_STYLE_FILL_AREA(#10770);
#10303=SURFACE_STYLE_FILL_AREA(#10771);
#10304=SURFACE_STYLE_FILL_AREA(#10772);
#10305=SURFACE_STYLE_FILL_AREA(#10773);
#10306=SURFACE_STYLE_FILL_AREA(#10774);
#10307=SURFACE_STYLE_FILL_AREA(#10775);
#10308=SURFACE_STYLE_FILL_AREA(#10776);
#10309=SURFACE_STYLE_FILL_AREA(#10777);
#10310=SURFACE_STYLE_FILL_AREA(#10778);
#10311=SURFACE_STYLE_FILL_AREA(#10779);
#10312=SURFACE_STYLE_FILL_AREA(#10780);
#10313=SURFACE_STYLE_FILL_AREA(#10781);
#10314=SURFACE_STYLE_FILL_AREA(#10782);
#10315=SURFACE_STYLE_FILL_AREA(#10783);
#10316=SURFACE_STYLE_FILL_AREA(#10784);
#10317=SURFACE_STYLE_FILL_AREA(#10785);
#10318=SURFACE_STYLE_FILL_AREA(#10786);
#10319=SURFACE_STYLE_FILL_AREA(#10787);
#10320=SURFACE_STYLE_FILL_AREA(#10788);
#10321=SURFACE_STYLE_FILL_AREA(#10789);
#10322=SURFACE_STYLE_FILL_AREA(#10790);
#10323=SURFACE_STYLE_FILL_AREA(#10791);
#10324=SURFACE_STYLE_FILL_AREA(#10792);
#10325=SURFACE_STYLE_FILL_AREA(#10793);
#10326=SURFACE_STYLE_FILL_AREA(#10794);
#10327=SURFACE_STYLE_FILL_AREA(#10795);
#10328=SURFACE_STYLE_FILL_AREA(#10796);
#10329=SURFACE_STYLE_FILL_AREA(#10797);
#10330=SURFACE_STYLE_FILL_AREA(#10798);
#10331=SURFACE_STYLE_FILL_AREA(#10799);
#10332=SURFACE_STYLE_FILL_AREA(#10800);
#10333=SURFACE_STYLE_FILL_AREA(#10801);
#10334=SURFACE_STYLE_FILL_AREA(#10802);
#10335=SURFACE_STYLE_FILL_AREA(#10803);
#10336=SURFACE_STYLE_FILL_AREA(#10804);
#10337=SURFACE_STYLE_FILL_AREA(#10805);
#10338=SURFACE_STYLE_FILL_AREA(#10806);
#10339=SURFACE_STYLE_FILL_AREA(#10807);
#10340=SURFACE_STYLE_FILL_AREA(#10808);
#10341=SURFACE_STYLE_FILL_AREA(#10809);
#10342=SURFACE_STYLE_FILL_AREA(#10810);
#10343=SURFACE_STYLE_FILL_AREA(#10811);
#10344=SURFACE_STYLE_FILL_AREA(#10812);
#10345=SURFACE_STYLE_FILL_AREA(#10813);
#10346=SURFACE_STYLE_FILL_AREA(#10814);
#10347=SURFACE_STYLE_FILL_AREA(#10815);
#10348=SURFACE_STYLE_FILL_AREA(#10816);
#10349=SURFACE_STYLE_FILL_AREA(#10817);
#10350=SURFACE_STYLE_FILL_AREA(#10818);
#10351=SURFACE_STYLE_FILL_AREA(#10819);
#10352=SURFACE_STYLE_FILL_AREA(#10820);
#10353=SURFACE_STYLE_FILL_AREA(#10821);
#10354=SURFACE_STYLE_FILL_AREA(#10822);
#10355=SURFACE_STYLE_FILL_AREA(#10823);
#10356=SURFACE_STYLE_FILL_AREA(#10824);
#10357=SURFACE_STYLE_FILL_AREA(#10825);
#10358=SURFACE_STYLE_FILL_AREA(#10826);
#10359=SURFACE_STYLE_FILL_AREA(#10827);
#10360=SURFACE_STYLE_FILL_AREA(#10828);
#10361=SURFACE_STYLE_FILL_AREA(#10829);
#10362=SURFACE_STYLE_FILL_AREA(#10830);
#10363=SURFACE_STYLE_FILL_AREA(#10831);
#10364=SURFACE_STYLE_FILL_AREA(#10832);
#10365=SURFACE_STYLE_FILL_AREA(#10833);
#10366=SURFACE_STYLE_FILL_AREA(#10834);
#10367=SURFACE_STYLE_FILL_AREA(#10835);
#10368=SURFACE_STYLE_FILL_AREA(#10836);
#10369=SURFACE_STYLE_FILL_AREA(#10837);
#10370=SURFACE_STYLE_FILL_AREA(#10838);
#10371=SURFACE_STYLE_FILL_AREA(#10839);
#10372=SURFACE_STYLE_FILL_AREA(#10840);
#10373=SURFACE_STYLE_FILL_AREA(#10841);
#10374=SURFACE_STYLE_FILL_AREA(#10842);
#10375=SURFACE_STYLE_FILL_AREA(#10843);
#10376=SURFACE_STYLE_FILL_AREA(#10844);
#10377=SURFACE_STYLE_FILL_AREA(#10845);
#10378=SURFACE_STYLE_FILL_AREA(#10846);
#10379=SURFACE_STYLE_FILL_AREA(#10847);
#10380=SURFACE_STYLE_FILL_AREA(#10848);
#10381=SURFACE_STYLE_FILL_AREA(#10849);
#10382=SURFACE_STYLE_FILL_AREA(#10850);
#10383=SURFACE_STYLE_FILL_AREA(#10851);
#10384=SURFACE_STYLE_FILL_AREA(#10852);
#10385=SURFACE_STYLE_FILL_AREA(#10853);
#10386=SURFACE_STYLE_FILL_AREA(#10854);
#10387=SURFACE_STYLE_FILL_AREA(#10855);
#10388=SURFACE_STYLE_FILL_AREA(#10856);
#10389=SURFACE_STYLE_FILL_AREA(#10857);
#10390=SURFACE_STYLE_FILL_AREA(#10858);
#10391=SURFACE_STYLE_FILL_AREA(#10859);
#10392=SURFACE_STYLE_FILL_AREA(#10860);
#10393=SURFACE_STYLE_FILL_AREA(#10861);
#10394=SURFACE_STYLE_FILL_AREA(#10862);
#10395=SURFACE_STYLE_FILL_AREA(#10863);
#10396=SURFACE_STYLE_FILL_AREA(#10864);
#10397=SURFACE_STYLE_FILL_AREA(#10865);
#10398=SURFACE_STYLE_FILL_AREA(#10866);
#10399=SURFACE_STYLE_FILL_AREA(#10867);
#10400=SURFACE_STYLE_FILL_AREA(#10868);
#10401=SURFACE_STYLE_FILL_AREA(#10869);
#10402=SURFACE_STYLE_FILL_AREA(#10870);
#10403=SURFACE_STYLE_FILL_AREA(#10871);
#10404=SURFACE_STYLE_FILL_AREA(#10872);
#10405=SURFACE_STYLE_FILL_AREA(#10873);
#10406=SURFACE_STYLE_FILL_AREA(#10874);
#10407=SURFACE_STYLE_FILL_AREA(#10875);
#10408=SURFACE_STYLE_FILL_AREA(#10876);
#10409=SURFACE_STYLE_FILL_AREA(#10877);
#10410=SURFACE_STYLE_FILL_AREA(#10878);
#10411=SURFACE_STYLE_FILL_AREA(#10879);
#10412=SURFACE_STYLE_FILL_AREA(#10880);
#10413=SURFACE_STYLE_FILL_AREA(#10881);
#10414=SURFACE_STYLE_FILL_AREA(#10882);
#10415=SURFACE_STYLE_FILL_AREA(#10883);
#10416=SURFACE_STYLE_FILL_AREA(#10884);
#10417=SURFACE_STYLE_FILL_AREA(#10885);
#10418=SURFACE_STYLE_FILL_AREA(#10886);
#10419=SURFACE_STYLE_FILL_AREA(#10887);
#10420=SURFACE_STYLE_FILL_AREA(#10888);
#10421=SURFACE_STYLE_FILL_AREA(#10889);
#10422=SURFACE_STYLE_FILL_AREA(#10890);
#10423=SURFACE_STYLE_FILL_AREA(#10891);
#10424=SURFACE_STYLE_FILL_AREA(#10892);
#10425=SURFACE_STYLE_FILL_AREA(#10893);
#10426=SURFACE_STYLE_FILL_AREA(#10894);
#10427=SURFACE_STYLE_FILL_AREA(#10895);
#10428=SURFACE_STYLE_FILL_AREA(#10896);
#10429=SURFACE_STYLE_FILL_AREA(#10897);
#10430=SURFACE_STYLE_FILL_AREA(#10898);
#10431=SURFACE_STYLE_FILL_AREA(#10899);
#10432=SURFACE_STYLE_FILL_AREA(#10900);
#10433=SURFACE_STYLE_FILL_AREA(#10901);
#10434=SURFACE_STYLE_FILL_AREA(#10902);
#10435=SURFACE_STYLE_FILL_AREA(#10903);
#10436=SURFACE_STYLE_FILL_AREA(#10904);
#10437=SURFACE_STYLE_FILL_AREA(#10905);
#10438=SURFACE_STYLE_FILL_AREA(#10906);
#10439=SURFACE_STYLE_FILL_AREA(#10907);
#10440=SURFACE_STYLE_FILL_AREA(#10908);
#10441=SURFACE_STYLE_FILL_AREA(#10909);
#10442=SURFACE_STYLE_FILL_AREA(#10910);
#10443=SURFACE_STYLE_FILL_AREA(#10911);
#10444=SURFACE_STYLE_FILL_AREA(#10912);
#10445=SURFACE_STYLE_FILL_AREA(#10913);
#10446=SURFACE_STYLE_FILL_AREA(#10914);
#10447=SURFACE_STYLE_FILL_AREA(#10915);
#10448=SURFACE_STYLE_FILL_AREA(#10916);
#10449=SURFACE_STYLE_FILL_AREA(#10917);
#10450=SURFACE_STYLE_FILL_AREA(#10918);
#10451=SURFACE_STYLE_FILL_AREA(#10919);
#10452=SURFACE_STYLE_FILL_AREA(#10920);
#10453=SURFACE_STYLE_FILL_AREA(#10921);
#10454=SURFACE_STYLE_FILL_AREA(#10922);
#10455=SURFACE_STYLE_FILL_AREA(#10923);
#10456=SURFACE_STYLE_FILL_AREA(#10924);
#10457=SURFACE_STYLE_FILL_AREA(#10925);
#10458=SURFACE_STYLE_FILL_AREA(#10926);
#10459=SURFACE_STYLE_FILL_AREA(#10927);
#10460=SURFACE_STYLE_FILL_AREA(#10928);
#10461=SURFACE_STYLE_FILL_AREA(#10929);
#10462=SURFACE_STYLE_FILL_AREA(#10930);
#10463=SURFACE_STYLE_FILL_AREA(#10931);
#10464=SURFACE_STYLE_FILL_AREA(#10932);
#10465=SURFACE_STYLE_FILL_AREA(#10933);
#10466=SURFACE_STYLE_FILL_AREA(#10934);
#10467=SURFACE_STYLE_FILL_AREA(#10935);
#10468=SURFACE_STYLE_FILL_AREA(#10936);
#10469=SURFACE_STYLE_FILL_AREA(#10937);
#10470=SURFACE_STYLE_FILL_AREA(#10938);
#10471=SURFACE_STYLE_FILL_AREA(#10939);
#10472=SURFACE_STYLE_FILL_AREA(#10940);
#10473=SURFACE_STYLE_FILL_AREA(#10941);
#10474=SURFACE_STYLE_FILL_AREA(#10942);
#10475=SURFACE_STYLE_FILL_AREA(#10943);
#10476=SURFACE_STYLE_FILL_AREA(#10944);
#10477=SURFACE_STYLE_FILL_AREA(#10945);
#10478=SURFACE_STYLE_FILL_AREA(#10946);
#10479=SURFACE_STYLE_FILL_AREA(#10947);
#10480=SURFACE_STYLE_FILL_AREA(#10948);
#10481=SURFACE_STYLE_FILL_AREA(#10949);
#10482=SURFACE_STYLE_FILL_AREA(#10950);
#10483=SURFACE_STYLE_FILL_AREA(#10951);
#10484=SURFACE_STYLE_FILL_AREA(#10952);
#10485=SURFACE_STYLE_FILL_AREA(#10953);
#10486=SURFACE_STYLE_FILL_AREA(#10954);
#10487=SURFACE_STYLE_FILL_AREA(#10955);
#10488=SURFACE_STYLE_FILL_AREA(#10956);
#10489=SURFACE_STYLE_FILL_AREA(#10957);
#10490=SURFACE_STYLE_FILL_AREA(#10958);
#10491=SURFACE_STYLE_FILL_AREA(#10959);
#10492=SURFACE_STYLE_FILL_AREA(#10960);
#10493=SURFACE_STYLE_FILL_AREA(#10961);
#10494=SURFACE_STYLE_FILL_AREA(#10962);
#10495=SURFACE_STYLE_FILL_AREA(#10963);
#10496=SURFACE_STYLE_FILL_AREA(#10964);
#10497=SURFACE_STYLE_FILL_AREA(#10965);
#10498=SURFACE_STYLE_FILL_AREA(#10966);
#10499=SURFACE_STYLE_FILL_AREA(#10967);
#10500=SURFACE_STYLE_FILL_AREA(#10968);
#10501=SURFACE_STYLE_FILL_AREA(#10969);
#10502=SURFACE_STYLE_FILL_AREA(#10970);
#10503=SURFACE_STYLE_FILL_AREA(#10971);
#10504=SURFACE_STYLE_FILL_AREA(#10972);
#10505=SURFACE_STYLE_FILL_AREA(#10973);
#10506=SURFACE_STYLE_FILL_AREA(#10974);
#10507=SURFACE_STYLE_FILL_AREA(#10975);
#10508=SURFACE_STYLE_FILL_AREA(#10976);
#10509=SURFACE_STYLE_FILL_AREA(#10977);
#10510=SURFACE_STYLE_FILL_AREA(#10978);
#10511=SURFACE_STYLE_FILL_AREA(#10979);
#10512=SURFACE_STYLE_FILL_AREA(#10980);
#10513=SURFACE_STYLE_FILL_AREA(#10981);
#10514=SURFACE_STYLE_FILL_AREA(#10982);
#10515=SURFACE_STYLE_FILL_AREA(#10983);
#10516=SURFACE_STYLE_FILL_AREA(#10984);
#10517=SURFACE_STYLE_FILL_AREA(#10985);
#10518=SURFACE_STYLE_FILL_AREA(#10986);
#10519=SURFACE_STYLE_FILL_AREA(#10987);
#10520=SURFACE_STYLE_FILL_AREA(#10988);
#10521=SURFACE_STYLE_FILL_AREA(#10989);
#10522=SURFACE_STYLE_FILL_AREA(#10990);
#10523=SURFACE_STYLE_FILL_AREA(#10991);
#10524=SURFACE_STYLE_FILL_AREA(#10992);
#10525=SURFACE_STYLE_FILL_AREA(#10993);
#10526=SURFACE_STYLE_FILL_AREA(#10994);
#10527=SURFACE_STYLE_FILL_AREA(#10995);
#10528=SURFACE_STYLE_FILL_AREA(#10996);
#10529=SURFACE_STYLE_FILL_AREA(#10997);
#10530=SURFACE_STYLE_FILL_AREA(#10998);
#10531=SURFACE_STYLE_FILL_AREA(#10999);
#10532=SURFACE_STYLE_FILL_AREA(#11000);
#10533=SURFACE_STYLE_FILL_AREA(#11001);
#10534=SURFACE_STYLE_FILL_AREA(#11002);
#10535=SURFACE_STYLE_FILL_AREA(#11003);
#10536=SURFACE_STYLE_FILL_AREA(#11004);
#10537=SURFACE_STYLE_FILL_AREA(#11005);
#10538=SURFACE_STYLE_FILL_AREA(#11006);
#10539=SURFACE_STYLE_FILL_AREA(#11007);
#10540=SURFACE_STYLE_FILL_AREA(#11008);
#10541=SURFACE_STYLE_FILL_AREA(#11009);
#10542=SURFACE_STYLE_FILL_AREA(#11010);
#10543=SURFACE_STYLE_FILL_AREA(#11011);
#10544=SURFACE_STYLE_FILL_AREA(#11012);
#10545=SURFACE_STYLE_FILL_AREA(#11013);
#10546=SURFACE_STYLE_FILL_AREA(#11014);
#10547=SURFACE_STYLE_FILL_AREA(#11015);
#10548=SURFACE_STYLE_FILL_AREA(#11016);
#10549=SURFACE_STYLE_FILL_AREA(#11017);
#10550=SURFACE_STYLE_FILL_AREA(#11018);
#10551=SURFACE_STYLE_FILL_AREA(#11019);
#10552=SURFACE_STYLE_FILL_AREA(#11020);
#10553=SURFACE_STYLE_FILL_AREA(#11021);
#10554=SURFACE_STYLE_FILL_AREA(#11022);
#10555=SURFACE_STYLE_FILL_AREA(#11023);
#10556=SURFACE_STYLE_FILL_AREA(#11024);
#10557=SURFACE_STYLE_FILL_AREA(#11025);
#10558=SURFACE_STYLE_FILL_AREA(#11026);
#10559=SURFACE_STYLE_FILL_AREA(#11027);
#10560=SURFACE_STYLE_FILL_AREA(#11028);
#10561=SURFACE_STYLE_FILL_AREA(#11029);
#10562=SURFACE_STYLE_FILL_AREA(#11030);
#10563=SURFACE_STYLE_FILL_AREA(#11031);
#10564=SURFACE_STYLE_FILL_AREA(#11032);
#10565=SURFACE_STYLE_FILL_AREA(#11033);
#10566=SURFACE_STYLE_FILL_AREA(#11034);
#10567=SURFACE_STYLE_FILL_AREA(#11035);
#10568=SURFACE_STYLE_FILL_AREA(#11036);
#10569=SURFACE_STYLE_FILL_AREA(#11037);
#10570=SURFACE_STYLE_FILL_AREA(#11038);
#10571=SURFACE_STYLE_FILL_AREA(#11039);
#10572=SURFACE_STYLE_FILL_AREA(#11040);
#10573=SURFACE_STYLE_FILL_AREA(#11041);
#10574=SURFACE_STYLE_FILL_AREA(#11042);
#10575=SURFACE_STYLE_FILL_AREA(#11043);
#10576=SURFACE_STYLE_FILL_AREA(#11044);
#10577=SURFACE_STYLE_FILL_AREA(#11045);
#10578=SURFACE_STYLE_FILL_AREA(#11046);
#10579=SURFACE_STYLE_FILL_AREA(#11047);
#10580=SURFACE_STYLE_FILL_AREA(#11048);
#10581=SURFACE_STYLE_FILL_AREA(#11049);
#10582=SURFACE_STYLE_FILL_AREA(#11050);
#10583=SURFACE_STYLE_FILL_AREA(#11051);
#10584=SURFACE_STYLE_FILL_AREA(#11052);
#10585=SURFACE_STYLE_FILL_AREA(#11053);
#10586=SURFACE_STYLE_FILL_AREA(#11054);
#10587=SURFACE_STYLE_FILL_AREA(#11055);
#10588=SURFACE_STYLE_FILL_AREA(#11056);
#10589=SURFACE_STYLE_FILL_AREA(#11057);
#10590=SURFACE_STYLE_FILL_AREA(#11058);
#10591=SURFACE_STYLE_FILL_AREA(#11059);
#10592=SURFACE_STYLE_FILL_AREA(#11060);
#10593=SURFACE_STYLE_FILL_AREA(#11061);
#10594=SURFACE_STYLE_FILL_AREA(#11062);
#10595=SURFACE_STYLE_FILL_AREA(#11063);
#10596=SURFACE_STYLE_FILL_AREA(#11064);
#10597=SURFACE_STYLE_FILL_AREA(#11065);
#10598=SURFACE_STYLE_FILL_AREA(#11066);
#10599=SURFACE_STYLE_FILL_AREA(#11067);
#10600=SURFACE_STYLE_FILL_AREA(#11068);
#10601=SURFACE_STYLE_FILL_AREA(#11069);
#10602=SURFACE_STYLE_FILL_AREA(#11070);
#10603=SURFACE_STYLE_FILL_AREA(#11071);
#10604=SURFACE_STYLE_FILL_AREA(#11072);
#10605=SURFACE_STYLE_FILL_AREA(#11073);
#10606=SURFACE_STYLE_FILL_AREA(#11074);
#10607=SURFACE_STYLE_FILL_AREA(#11075);
#10608=SURFACE_STYLE_FILL_AREA(#11076);
#10609=SURFACE_STYLE_FILL_AREA(#11077);
#10610=SURFACE_STYLE_FILL_AREA(#11078);
#10611=SURFACE_STYLE_FILL_AREA(#11079);
#10612=SURFACE_STYLE_FILL_AREA(#11080);
#10613=SURFACE_STYLE_FILL_AREA(#11081);
#10614=SURFACE_STYLE_FILL_AREA(#11082);
#10615=SURFACE_STYLE_FILL_AREA(#11083);
#10616=SURFACE_STYLE_FILL_AREA(#11084);
#10617=SURFACE_STYLE_FILL_AREA(#11085);
#10618=SURFACE_STYLE_FILL_AREA(#11086);
#10619=SURFACE_STYLE_FILL_AREA(#11087);
#10620=SURFACE_STYLE_FILL_AREA(#11088);
#10621=SURFACE_STYLE_FILL_AREA(#11089);
#10622=SURFACE_STYLE_FILL_AREA(#11090);
#10623=SURFACE_STYLE_FILL_AREA(#11091);
#10624=SURFACE_STYLE_FILL_AREA(#11092);
#10625=SURFACE_STYLE_FILL_AREA(#11093);
#10626=SURFACE_STYLE_FILL_AREA(#11094);
#10627=SURFACE_STYLE_FILL_AREA(#11095);
#10628=SURFACE_STYLE_FILL_AREA(#11096);
#10629=SURFACE_STYLE_FILL_AREA(#11097);
#10630=SURFACE_STYLE_FILL_AREA(#11098);
#10631=SURFACE_STYLE_FILL_AREA(#11099);
#10632=SURFACE_STYLE_FILL_AREA(#11100);
#10633=SURFACE_STYLE_FILL_AREA(#11101);
#10634=SURFACE_STYLE_FILL_AREA(#11102);
#10635=SURFACE_STYLE_FILL_AREA(#11103);
#10636=FILL_AREA_STYLE('',(#11104));
#10637=FILL_AREA_STYLE('',(#11105));
#10638=FILL_AREA_STYLE('',(#11106));
#10639=FILL_AREA_STYLE('',(#11107));
#10640=FILL_AREA_STYLE('',(#11108));
#10641=FILL_AREA_STYLE('',(#11109));
#10642=FILL_AREA_STYLE('',(#11110));
#10643=FILL_AREA_STYLE('',(#11111));
#10644=FILL_AREA_STYLE('',(#11112));
#10645=FILL_AREA_STYLE('',(#11113));
#10646=FILL_AREA_STYLE('',(#11114));
#10647=FILL_AREA_STYLE('',(#11115));
#10648=FILL_AREA_STYLE('',(#11116));
#10649=FILL_AREA_STYLE('',(#11117));
#10650=FILL_AREA_STYLE('',(#11118));
#10651=FILL_AREA_STYLE('',(#11119));
#10652=FILL_AREA_STYLE('',(#11120));
#10653=FILL_AREA_STYLE('',(#11121));
#10654=FILL_AREA_STYLE('',(#11122));
#10655=FILL_AREA_STYLE('',(#11123));
#10656=FILL_AREA_STYLE('',(#11124));
#10657=FILL_AREA_STYLE('',(#11125));
#10658=FILL_AREA_STYLE('',(#11126));
#10659=FILL_AREA_STYLE('',(#11127));
#10660=FILL_AREA_STYLE('',(#11128));
#10661=FILL_AREA_STYLE('',(#11129));
#10662=FILL_AREA_STYLE('',(#11130));
#10663=FILL_AREA_STYLE('',(#11131));
#10664=FILL_AREA_STYLE('',(#11132));
#10665=FILL_AREA_STYLE('',(#11133));
#10666=FILL_AREA_STYLE('',(#11134));
#10667=FILL_AREA_STYLE('',(#11135));
#10668=FILL_AREA_STYLE('',(#11136));
#10669=FILL_AREA_STYLE('',(#11137));
#10670=FILL_AREA_STYLE('',(#11138));
#10671=FILL_AREA_STYLE('',(#11139));
#10672=FILL_AREA_STYLE('',(#11140));
#10673=FILL_AREA_STYLE('',(#11141));
#10674=FILL_AREA_STYLE('',(#11142));
#10675=FILL_AREA_STYLE('',(#11143));
#10676=FILL_AREA_STYLE('',(#11144));
#10677=FILL_AREA_STYLE('',(#11145));
#10678=FILL_AREA_STYLE('',(#11146));
#10679=FILL_AREA_STYLE('',(#11147));
#10680=FILL_AREA_STYLE('',(#11148));
#10681=FILL_AREA_STYLE('',(#11149));
#10682=FILL_AREA_STYLE('',(#11150));
#10683=FILL_AREA_STYLE('',(#11151));
#10684=FILL_AREA_STYLE('',(#11152));
#10685=FILL_AREA_STYLE('',(#11153));
#10686=FILL_AREA_STYLE('',(#11154));
#10687=FILL_AREA_STYLE('',(#11155));
#10688=FILL_AREA_STYLE('',(#11156));
#10689=FILL_AREA_STYLE('',(#11157));
#10690=FILL_AREA_STYLE('',(#11158));
#10691=FILL_AREA_STYLE('',(#11159));
#10692=FILL_AREA_STYLE('',(#11160));
#10693=FILL_AREA_STYLE('',(#11161));
#10694=FILL_AREA_STYLE('',(#11162));
#10695=FILL_AREA_STYLE('',(#11163));
#10696=FILL_AREA_STYLE('',(#11164));
#10697=FILL_AREA_STYLE('',(#11165));
#10698=FILL_AREA_STYLE('',(#11166));
#10699=FILL_AREA_STYLE('',(#11167));
#10700=FILL_AREA_STYLE('',(#11168));
#10701=FILL_AREA_STYLE('',(#11169));
#10702=FILL_AREA_STYLE('',(#11170));
#10703=FILL_AREA_STYLE('',(#11171));
#10704=FILL_AREA_STYLE('',(#11172));
#10705=FILL_AREA_STYLE('',(#11173));
#10706=FILL_AREA_STYLE('',(#11174));
#10707=FILL_AREA_STYLE('',(#11175));
#10708=FILL_AREA_STYLE('',(#11176));
#10709=FILL_AREA_STYLE('',(#11177));
#10710=FILL_AREA_STYLE('',(#11178));
#10711=FILL_AREA_STYLE('',(#11179));
#10712=FILL_AREA_STYLE('',(#11180));
#10713=FILL_AREA_STYLE('',(#11181));
#10714=FILL_AREA_STYLE('',(#11182));
#10715=FILL_AREA_STYLE('',(#11183));
#10716=FILL_AREA_STYLE('',(#11184));
#10717=FILL_AREA_STYLE('',(#11185));
#10718=FILL_AREA_STYLE('',(#11186));
#10719=FILL_AREA_STYLE('',(#11187));
#10720=FILL_AREA_STYLE('',(#11188));
#10721=FILL_AREA_STYLE('',(#11189));
#10722=FILL_AREA_STYLE('',(#11190));
#10723=FILL_AREA_STYLE('',(#11191));
#10724=FILL_AREA_STYLE('',(#11192));
#10725=FILL_AREA_STYLE('',(#11193));
#10726=FILL_AREA_STYLE('',(#11194));
#10727=FILL_AREA_STYLE('',(#11195));
#10728=FILL_AREA_STYLE('',(#11196));
#10729=FILL_AREA_STYLE('',(#11197));
#10730=FILL_AREA_STYLE('',(#11198));
#10731=FILL_AREA_STYLE('',(#11199));
#10732=FILL_AREA_STYLE('',(#11200));
#10733=FILL_AREA_STYLE('',(#11201));
#10734=FILL_AREA_STYLE('',(#11202));
#10735=FILL_AREA_STYLE('',(#11203));
#10736=FILL_AREA_STYLE('',(#11204));
#10737=FILL_AREA_STYLE('',(#11205));
#10738=FILL_AREA_STYLE('',(#11206));
#10739=FILL_AREA_STYLE('',(#11207));
#10740=FILL_AREA_STYLE('',(#11208));
#10741=FILL_AREA_STYLE('',(#11209));
#10742=FILL_AREA_STYLE('',(#11210));
#10743=FILL_AREA_STYLE('',(#11211));
#10744=FILL_AREA_STYLE('',(#11212));
#10745=FILL_AREA_STYLE('',(#11213));
#10746=FILL_AREA_STYLE('',(#11214));
#10747=FILL_AREA_STYLE('',(#11215));
#10748=FILL_AREA_STYLE('',(#11216));
#10749=FILL_AREA_STYLE('',(#11217));
#10750=FILL_AREA_STYLE('',(#11218));
#10751=FILL_AREA_STYLE('',(#11219));
#10752=FILL_AREA_STYLE('',(#11220));
#10753=FILL_AREA_STYLE('',(#11221));
#10754=FILL_AREA_STYLE('',(#11222));
#10755=FILL_AREA_STYLE('',(#11223));
#10756=FILL_AREA_STYLE('',(#11224));
#10757=FILL_AREA_STYLE('',(#11225));
#10758=FILL_AREA_STYLE('',(#11226));
#10759=FILL_AREA_STYLE('',(#11227));
#10760=FILL_AREA_STYLE('',(#11228));
#10761=FILL_AREA_STYLE('',(#11229));
#10762=FILL_AREA_STYLE('',(#11230));
#10763=FILL_AREA_STYLE('',(#11231));
#10764=FILL_AREA_STYLE('',(#11232));
#10765=FILL_AREA_STYLE('',(#11233));
#10766=FILL_AREA_STYLE('',(#11234));
#10767=FILL_AREA_STYLE('',(#11235));
#10768=FILL_AREA_STYLE('',(#11236));
#10769=FILL_AREA_STYLE('',(#11237));
#10770=FILL_AREA_STYLE('',(#11238));
#10771=FILL_AREA_STYLE('',(#11239));
#10772=FILL_AREA_STYLE('',(#11240));
#10773=FILL_AREA_STYLE('',(#11241));
#10774=FILL_AREA_STYLE('',(#11242));
#10775=FILL_AREA_STYLE('',(#11243));
#10776=FILL_AREA_STYLE('',(#11244));
#10777=FILL_AREA_STYLE('',(#11245));
#10778=FILL_AREA_STYLE('',(#11246));
#10779=FILL_AREA_STYLE('',(#11247));
#10780=FILL_AREA_STYLE('',(#11248));
#10781=FILL_AREA_STYLE('',(#11249));
#10782=FILL_AREA_STYLE('',(#11250));
#10783=FILL_AREA_STYLE('',(#11251));
#10784=FILL_AREA_STYLE('',(#11252));
#10785=FILL_AREA_STYLE('',(#11253));
#10786=FILL_AREA_STYLE('',(#11254));
#10787=FILL_AREA_STYLE('',(#11255));
#10788=FILL_AREA_STYLE('',(#11256));
#10789=FILL_AREA_STYLE('',(#11257));
#10790=FILL_AREA_STYLE('',(#11258));
#10791=FILL_AREA_STYLE('',(#11259));
#10792=FILL_AREA_STYLE('',(#11260));
#10793=FILL_AREA_STYLE('',(#11261));
#10794=FILL_AREA_STYLE('',(#11262));
#10795=FILL_AREA_STYLE('',(#11263));
#10796=FILL_AREA_STYLE('',(#11264));
#10797=FILL_AREA_STYLE('',(#11265));
#10798=FILL_AREA_STYLE('',(#11266));
#10799=FILL_AREA_STYLE('',(#11267));
#10800=FILL_AREA_STYLE('',(#11268));
#10801=FILL_AREA_STYLE('',(#11269));
#10802=FILL_AREA_STYLE('',(#11270));
#10803=FILL_AREA_STYLE('',(#11271));
#10804=FILL_AREA_STYLE('',(#11272));
#10805=FILL_AREA_STYLE('',(#11273));
#10806=FILL_AREA_STYLE('',(#11274));
#10807=FILL_AREA_STYLE('',(#11275));
#10808=FILL_AREA_STYLE('',(#11276));
#10809=FILL_AREA_STYLE('',(#11277));
#10810=FILL_AREA_STYLE('',(#11278));
#10811=FILL_AREA_STYLE('',(#11279));
#10812=FILL_AREA_STYLE('',(#11280));
#10813=FILL_AREA_STYLE('',(#11281));
#10814=FILL_AREA_STYLE('',(#11282));
#10815=FILL_AREA_STYLE('',(#11283));
#10816=FILL_AREA_STYLE('',(#11284));
#10817=FILL_AREA_STYLE('',(#11285));
#10818=FILL_AREA_STYLE('',(#11286));
#10819=FILL_AREA_STYLE('',(#11287));
#10820=FILL_AREA_STYLE('',(#11288));
#10821=FILL_AREA_STYLE('',(#11289));
#10822=FILL_AREA_STYLE('',(#11290));
#10823=FILL_AREA_STYLE('',(#11291));
#10824=FILL_AREA_STYLE('',(#11292));
#10825=FILL_AREA_STYLE('',(#11293));
#10826=FILL_AREA_STYLE('',(#11294));
#10827=FILL_AREA_STYLE('',(#11295));
#10828=FILL_AREA_STYLE('',(#11296));
#10829=FILL_AREA_STYLE('',(#11297));
#10830=FILL_AREA_STYLE('',(#11298));
#10831=FILL_AREA_STYLE('',(#11299));
#10832=FILL_AREA_STYLE('',(#11300));
#10833=FILL_AREA_STYLE('',(#11301));
#10834=FILL_AREA_STYLE('',(#11302));
#10835=FILL_AREA_STYLE('',(#11303));
#10836=FILL_AREA_STYLE('',(#11304));
#10837=FILL_AREA_STYLE('',(#11305));
#10838=FILL_AREA_STYLE('',(#11306));
#10839=FILL_AREA_STYLE('',(#11307));
#10840=FILL_AREA_STYLE('',(#11308));
#10841=FILL_AREA_STYLE('',(#11309));
#10842=FILL_AREA_STYLE('',(#11310));
#10843=FILL_AREA_STYLE('',(#11311));
#10844=FILL_AREA_STYLE('',(#11312));
#10845=FILL_AREA_STYLE('',(#11313));
#10846=FILL_AREA_STYLE('',(#11314));
#10847=FILL_AREA_STYLE('',(#11315));
#10848=FILL_AREA_STYLE('',(#11316));
#10849=FILL_AREA_STYLE('',(#11317));
#10850=FILL_AREA_STYLE('',(#11318));
#10851=FILL_AREA_STYLE('',(#11319));
#10852=FILL_AREA_STYLE('',(#11320));
#10853=FILL_AREA_STYLE('',(#11321));
#10854=FILL_AREA_STYLE('',(#11322));
#10855=FILL_AREA_STYLE('',(#11323));
#10856=FILL_AREA_STYLE('',(#11324));
#10857=FILL_AREA_STYLE('',(#11325));
#10858=FILL_AREA_STYLE('',(#11326));
#10859=FILL_AREA_STYLE('',(#11327));
#10860=FILL_AREA_STYLE('',(#11328));
#10861=FILL_AREA_STYLE('',(#11329));
#10862=FILL_AREA_STYLE('',(#11330));
#10863=FILL_AREA_STYLE('',(#11331));
#10864=FILL_AREA_STYLE('',(#11332));
#10865=FILL_AREA_STYLE('',(#11333));
#10866=FILL_AREA_STYLE('',(#11334));
#10867=FILL_AREA_STYLE('',(#11335));
#10868=FILL_AREA_STYLE('',(#11336));
#10869=FILL_AREA_STYLE('',(#11337));
#10870=FILL_AREA_STYLE('',(#11338));
#10871=FILL_AREA_STYLE('',(#11339));
#10872=FILL_AREA_STYLE('',(#11340));
#10873=FILL_AREA_STYLE('',(#11341));
#10874=FILL_AREA_STYLE('',(#11342));
#10875=FILL_AREA_STYLE('',(#11343));
#10876=FILL_AREA_STYLE('',(#11344));
#10877=FILL_AREA_STYLE('',(#11345));
#10878=FILL_AREA_STYLE('',(#11346));
#10879=FILL_AREA_STYLE('',(#11347));
#10880=FILL_AREA_STYLE('',(#11348));
#10881=FILL_AREA_STYLE('',(#11349));
#10882=FILL_AREA_STYLE('',(#11350));
#10883=FILL_AREA_STYLE('',(#11351));
#10884=FILL_AREA_STYLE('',(#11352));
#10885=FILL_AREA_STYLE('',(#11353));
#10886=FILL_AREA_STYLE('',(#11354));
#10887=FILL_AREA_STYLE('',(#11355));
#10888=FILL_AREA_STYLE('',(#11356));
#10889=FILL_AREA_STYLE('',(#11357));
#10890=FILL_AREA_STYLE('',(#11358));
#10891=FILL_AREA_STYLE('',(#11359));
#10892=FILL_AREA_STYLE('',(#11360));
#10893=FILL_AREA_STYLE('',(#11361));
#10894=FILL_AREA_STYLE('',(#11362));
#10895=FILL_AREA_STYLE('',(#11363));
#10896=FILL_AREA_STYLE('',(#11364));
#10897=FILL_AREA_STYLE('',(#11365));
#10898=FILL_AREA_STYLE('',(#11366));
#10899=FILL_AREA_STYLE('',(#11367));
#10900=FILL_AREA_STYLE('',(#11368));
#10901=FILL_AREA_STYLE('',(#11369));
#10902=FILL_AREA_STYLE('',(#11370));
#10903=FILL_AREA_STYLE('',(#11371));
#10904=FILL_AREA_STYLE('',(#11372));
#10905=FILL_AREA_STYLE('',(#11373));
#10906=FILL_AREA_STYLE('',(#11374));
#10907=FILL_AREA_STYLE('',(#11375));
#10908=FILL_AREA_STYLE('',(#11376));
#10909=FILL_AREA_STYLE('',(#11377));
#10910=FILL_AREA_STYLE('',(#11378));
#10911=FILL_AREA_STYLE('',(#11379));
#10912=FILL_AREA_STYLE('',(#11380));
#10913=FILL_AREA_STYLE('',(#11381));
#10914=FILL_AREA_STYLE('',(#11382));
#10915=FILL_AREA_STYLE('',(#11383));
#10916=FILL_AREA_STYLE('',(#11384));
#10917=FILL_AREA_STYLE('',(#11385));
#10918=FILL_AREA_STYLE('',(#11386));
#10919=FILL_AREA_STYLE('',(#11387));
#10920=FILL_AREA_STYLE('',(#11388));
#10921=FILL_AREA_STYLE('',(#11389));
#10922=FILL_AREA_STYLE('',(#11390));
#10923=FILL_AREA_STYLE('',(#11391));
#10924=FILL_AREA_STYLE('',(#11392));
#10925=FILL_AREA_STYLE('',(#11393));
#10926=FILL_AREA_STYLE('',(#11394));
#10927=FILL_AREA_STYLE('',(#11395));
#10928=FILL_AREA_STYLE('',(#11396));
#10929=FILL_AREA_STYLE('',(#11397));
#10930=FILL_AREA_STYLE('',(#11398));
#10931=FILL_AREA_STYLE('',(#11399));
#10932=FILL_AREA_STYLE('',(#11400));
#10933=FILL_AREA_STYLE('',(#11401));
#10934=FILL_AREA_STYLE('',(#11402));
#10935=FILL_AREA_STYLE('',(#11403));
#10936=FILL_AREA_STYLE('',(#11404));
#10937=FILL_AREA_STYLE('',(#11405));
#10938=FILL_AREA_STYLE('',(#11406));
#10939=FILL_AREA_STYLE('',(#11407));
#10940=FILL_AREA_STYLE('',(#11408));
#10941=FILL_AREA_STYLE('',(#11409));
#10942=FILL_AREA_STYLE('',(#11410));
#10943=FILL_AREA_STYLE('',(#11411));
#10944=FILL_AREA_STYLE('',(#11412));
#10945=FILL_AREA_STYLE('',(#11413));
#10946=FILL_AREA_STYLE('',(#11414));
#10947=FILL_AREA_STYLE('',(#11415));
#10948=FILL_AREA_STYLE('',(#11416));
#10949=FILL_AREA_STYLE('',(#11417));
#10950=FILL_AREA_STYLE('',(#11418));
#10951=FILL_AREA_STYLE('',(#11419));
#10952=FILL_AREA_STYLE('',(#11420));
#10953=FILL_AREA_STYLE('',(#11421));
#10954=FILL_AREA_STYLE('',(#11422));
#10955=FILL_AREA_STYLE('',(#11423));
#10956=FILL_AREA_STYLE('',(#11424));
#10957=FILL_AREA_STYLE('',(#11425));
#10958=FILL_AREA_STYLE('',(#11426));
#10959=FILL_AREA_STYLE('',(#11427));
#10960=FILL_AREA_STYLE('',(#11428));
#10961=FILL_AREA_STYLE('',(#11429));
#10962=FILL_AREA_STYLE('',(#11430));
#10963=FILL_AREA_STYLE('',(#11431));
#10964=FILL_AREA_STYLE('',(#11432));
#10965=FILL_AREA_STYLE('',(#11433));
#10966=FILL_AREA_STYLE('',(#11434));
#10967=FILL_AREA_STYLE('',(#11435));
#10968=FILL_AREA_STYLE('',(#11436));
#10969=FILL_AREA_STYLE('',(#11437));
#10970=FILL_AREA_STYLE('',(#11438));
#10971=FILL_AREA_STYLE('',(#11439));
#10972=FILL_AREA_STYLE('',(#11440));
#10973=FILL_AREA_STYLE('',(#11441));
#10974=FILL_AREA_STYLE('',(#11442));
#10975=FILL_AREA_STYLE('',(#11443));
#10976=FILL_AREA_STYLE('',(#11444));
#10977=FILL_AREA_STYLE('',(#11445));
#10978=FILL_AREA_STYLE('',(#11446));
#10979=FILL_AREA_STYLE('',(#11447));
#10980=FILL_AREA_STYLE('',(#11448));
#10981=FILL_AREA_STYLE('',(#11449));
#10982=FILL_AREA_STYLE('',(#11450));
#10983=FILL_AREA_STYLE('',(#11451));
#10984=FILL_AREA_STYLE('',(#11452));
#10985=FILL_AREA_STYLE('',(#11453));
#10986=FILL_AREA_STYLE('',(#11454));
#10987=FILL_AREA_STYLE('',(#11455));
#10988=FILL_AREA_STYLE('',(#11456));
#10989=FILL_AREA_STYLE('',(#11457));
#10990=FILL_AREA_STYLE('',(#11458));
#10991=FILL_AREA_STYLE('',(#11459));
#10992=FILL_AREA_STYLE('',(#11460));
#10993=FILL_AREA_STYLE('',(#11461));
#10994=FILL_AREA_STYLE('',(#11462));
#10995=FILL_AREA_STYLE('',(#11463));
#10996=FILL_AREA_STYLE('',(#11464));
#10997=FILL_AREA_STYLE('',(#11465));
#10998=FILL_AREA_STYLE('',(#11466));
#10999=FILL_AREA_STYLE('',(#11467));
#11000=FILL_AREA_STYLE('',(#11468));
#11001=FILL_AREA_STYLE('',(#11469));
#11002=FILL_AREA_STYLE('',(#11470));
#11003=FILL_AREA_STYLE('',(#11471));
#11004=FILL_AREA_STYLE('',(#11472));
#11005=FILL_AREA_STYLE('',(#11473));
#11006=FILL_AREA_STYLE('',(#11474));
#11007=FILL_AREA_STYLE('',(#11475));
#11008=FILL_AREA_STYLE('',(#11476));
#11009=FILL_AREA_STYLE('',(#11477));
#11010=FILL_AREA_STYLE('',(#11478));
#11011=FILL_AREA_STYLE('',(#11479));
#11012=FILL_AREA_STYLE('',(#11480));
#11013=FILL_AREA_STYLE('',(#11481));
#11014=FILL_AREA_STYLE('',(#11482));
#11015=FILL_AREA_STYLE('',(#11483));
#11016=FILL_AREA_STYLE('',(#11484));
#11017=FILL_AREA_STYLE('',(#11485));
#11018=FILL_AREA_STYLE('',(#11486));
#11019=FILL_AREA_STYLE('',(#11487));
#11020=FILL_AREA_STYLE('',(#11488));
#11021=FILL_AREA_STYLE('',(#11489));
#11022=FILL_AREA_STYLE('',(#11490));
#11023=FILL_AREA_STYLE('',(#11491));
#11024=FILL_AREA_STYLE('',(#11492));
#11025=FILL_AREA_STYLE('',(#11493));
#11026=FILL_AREA_STYLE('',(#11494));
#11027=FILL_AREA_STYLE('',(#11495));
#11028=FILL_AREA_STYLE('',(#11496));
#11029=FILL_AREA_STYLE('',(#11497));
#11030=FILL_AREA_STYLE('',(#11498));
#11031=FILL_AREA_STYLE('',(#11499));
#11032=FILL_AREA_STYLE('',(#11500));
#11033=FILL_AREA_STYLE('',(#11501));
#11034=FILL_AREA_STYLE('',(#11502));
#11035=FILL_AREA_STYLE('',(#11503));
#11036=FILL_AREA_STYLE('',(#11504));
#11037=FILL_AREA_STYLE('',(#11505));
#11038=FILL_AREA_STYLE('',(#11506));
#11039=FILL_AREA_STYLE('',(#11507));
#11040=FILL_AREA_STYLE('',(#11508));
#11041=FILL_AREA_STYLE('',(#11509));
#11042=FILL_AREA_STYLE('',(#11510));
#11043=FILL_AREA_STYLE('',(#11511));
#11044=FILL_AREA_STYLE('',(#11512));
#11045=FILL_AREA_STYLE('',(#11513));
#11046=FILL_AREA_STYLE('',(#11514));
#11047=FILL_AREA_STYLE('',(#11515));
#11048=FILL_AREA_STYLE('',(#11516));
#11049=FILL_AREA_STYLE('',(#11517));
#11050=FILL_AREA_STYLE('',(#11518));
#11051=FILL_AREA_STYLE('',(#11519));
#11052=FILL_AREA_STYLE('',(#11520));
#11053=FILL_AREA_STYLE('',(#11521));
#11054=FILL_AREA_STYLE('',(#11522));
#11055=FILL_AREA_STYLE('',(#11523));
#11056=FILL_AREA_STYLE('',(#11524));
#11057=FILL_AREA_STYLE('',(#11525));
#11058=FILL_AREA_STYLE('',(#11526));
#11059=FILL_AREA_STYLE('',(#11527));
#11060=FILL_AREA_STYLE('',(#11528));
#11061=FILL_AREA_STYLE('',(#11529));
#11062=FILL_AREA_STYLE('',(#11530));
#11063=FILL_AREA_STYLE('',(#11531));
#11064=FILL_AREA_STYLE('',(#11532));
#11065=FILL_AREA_STYLE('',(#11533));
#11066=FILL_AREA_STYLE('',(#11534));
#11067=FILL_AREA_STYLE('',(#11535));
#11068=FILL_AREA_STYLE('',(#11536));
#11069=FILL_AREA_STYLE('',(#11537));
#11070=FILL_AREA_STYLE('',(#11538));
#11071=FILL_AREA_STYLE('',(#11539));
#11072=FILL_AREA_STYLE('',(#11540));
#11073=FILL_AREA_STYLE('',(#11541));
#11074=FILL_AREA_STYLE('',(#11542));
#11075=FILL_AREA_STYLE('',(#11543));
#11076=FILL_AREA_STYLE('',(#11544));
#11077=FILL_AREA_STYLE('',(#11545));
#11078=FILL_AREA_STYLE('',(#11546));
#11079=FILL_AREA_STYLE('',(#11547));
#11080=FILL_AREA_STYLE('',(#11548));
#11081=FILL_AREA_STYLE('',(#11549));
#11082=FILL_AREA_STYLE('',(#11550));
#11083=FILL_AREA_STYLE('',(#11551));
#11084=FILL_AREA_STYLE('',(#11552));
#11085=FILL_AREA_STYLE('',(#11553));
#11086=FILL_AREA_STYLE('',(#11554));
#11087=FILL_AREA_STYLE('',(#11555));
#11088=FILL_AREA_STYLE('',(#11556));
#11089=FILL_AREA_STYLE('',(#11557));
#11090=FILL_AREA_STYLE('',(#11558));
#11091=FILL_AREA_STYLE('',(#11559));
#11092=FILL_AREA_STYLE('',(#11560));
#11093=FILL_AREA_STYLE('',(#11561));
#11094=FILL_AREA_STYLE('',(#11562));
#11095=FILL_AREA_STYLE('',(#11563));
#11096=FILL_AREA_STYLE('',(#11564));
#11097=FILL_AREA_STYLE('',(#11565));
#11098=FILL_AREA_STYLE('',(#11566));
#11099=FILL_AREA_STYLE('',(#11567));
#11100=FILL_AREA_STYLE('',(#11568));
#11101=FILL_AREA_STYLE('',(#11569));
#11102=FILL_AREA_STYLE('',(#11570));
#11103=FILL_AREA_STYLE('',(#11571));
#11104=FILL_AREA_STYLE_COLOUR('',#11572);
#11105=FILL_AREA_STYLE_COLOUR('',#11572);
#11106=FILL_AREA_STYLE_COLOUR('',#11572);
#11107=FILL_AREA_STYLE_COLOUR('',#11572);
#11108=FILL_AREA_STYLE_COLOUR('',#11572);
#11109=FILL_AREA_STYLE_COLOUR('',#11572);
#11110=FILL_AREA_STYLE_COLOUR('',#250);
#11111=FILL_AREA_STYLE_COLOUR('',#250);
#11112=FILL_AREA_STYLE_COLOUR('',#250);
#11113=FILL_AREA_STYLE_COLOUR('',#250);
#11114=FILL_AREA_STYLE_COLOUR('',#250);
#11115=FILL_AREA_STYLE_COLOUR('',#11572);
#11116=FILL_AREA_STYLE_COLOUR('',#250);
#11117=FILL_AREA_STYLE_COLOUR('',#250);
#11118=FILL_AREA_STYLE_COLOUR('',#250);
#11119=FILL_AREA_STYLE_COLOUR('',#250);
#11120=FILL_AREA_STYLE_COLOUR('',#250);
#11121=FILL_AREA_STYLE_COLOUR('',#250);
#11122=FILL_AREA_STYLE_COLOUR('',#250);
#11123=FILL_AREA_STYLE_COLOUR('',#250);
#11124=FILL_AREA_STYLE_COLOUR('',#250);
#11125=FILL_AREA_STYLE_COLOUR('',#250);
#11126=FILL_AREA_STYLE_COLOUR('',#250);
#11127=FILL_AREA_STYLE_COLOUR('',#250);
#11128=FILL_AREA_STYLE_COLOUR('',#250);
#11129=FILL_AREA_STYLE_COLOUR('',#250);
#11130=FILL_AREA_STYLE_COLOUR('',#250);
#11131=FILL_AREA_STYLE_COLOUR('',#250);
#11132=FILL_AREA_STYLE_COLOUR('',#250);
#11133=FILL_AREA_STYLE_COLOUR('',#250);
#11134=FILL_AREA_STYLE_COLOUR('',#250);
#11135=FILL_AREA_STYLE_COLOUR('',#250);
#11136=FILL_AREA_STYLE_COLOUR('',#250);
#11137=FILL_AREA_STYLE_COLOUR('',#250);
#11138=FILL_AREA_STYLE_COLOUR('',#250);
#11139=FILL_AREA_STYLE_COLOUR('',#250);
#11140=FILL_AREA_STYLE_COLOUR('',#250);
#11141=FILL_AREA_STYLE_COLOUR('',#250);
#11142=FILL_AREA_STYLE_COLOUR('',#250);
#11143=FILL_AREA_STYLE_COLOUR('',#250);
#11144=FILL_AREA_STYLE_COLOUR('',#250);
#11145=FILL_AREA_STYLE_COLOUR('',#250);
#11146=FILL_AREA_STYLE_COLOUR('',#250);
#11147=FILL_AREA_STYLE_COLOUR('',#250);
#11148=FILL_AREA_STYLE_COLOUR('',#250);
#11149=FILL_AREA_STYLE_COLOUR('',#250);
#11150=FILL_AREA_STYLE_COLOUR('',#250);
#11151=FILL_AREA_STYLE_COLOUR('',#250);
#11152=FILL_AREA_STYLE_COLOUR('',#250);
#11153=FILL_AREA_STYLE_COLOUR('',#250);
#11154=FILL_AREA_STYLE_COLOUR('',#250);
#11155=FILL_AREA_STYLE_COLOUR('',#250);
#11156=FILL_AREA_STYLE_COLOUR('',#250);
#11157=FILL_AREA_STYLE_COLOUR('',#250);
#11158=FILL_AREA_STYLE_COLOUR('',#250);
#11159=FILL_AREA_STYLE_COLOUR('',#250);
#11160=FILL_AREA_STYLE_COLOUR('',#250);
#11161=FILL_AREA_STYLE_COLOUR('',#250);
#11162=FILL_AREA_STYLE_COLOUR('',#250);
#11163=FILL_AREA_STYLE_COLOUR('',#250);
#11164=FILL_AREA_STYLE_COLOUR('',#250);
#11165=FILL_AREA_STYLE_COLOUR('',#250);
#11166=FILL_AREA_STYLE_COLOUR('',#250);
#11167=FILL_AREA_STYLE_COLOUR('',#250);
#11168=FILL_AREA_STYLE_COLOUR('',#250);
#11169=FILL_AREA_STYLE_COLOUR('',#250);
#11170=FILL_AREA_STYLE_COLOUR('',#250);
#11171=FILL_AREA_STYLE_COLOUR('',#250);
#11172=FILL_AREA_STYLE_COLOUR('',#250);
#11173=FILL_AREA_STYLE_COLOUR('',#250);
#11174=FILL_AREA_STYLE_COLOUR('',#250);
#11175=FILL_AREA_STYLE_COLOUR('',#250);
#11176=FILL_AREA_STYLE_COLOUR('',#250);
#11177=FILL_AREA_STYLE_COLOUR('',#250);
#11178=FILL_AREA_STYLE_COLOUR('',#250);
#11179=FILL_AREA_STYLE_COLOUR('',#250);
#11180=FILL_AREA_STYLE_COLOUR('',#250);
#11181=FILL_AREA_STYLE_COLOUR('',#250);
#11182=FILL_AREA_STYLE_COLOUR('',#250);
#11183=FILL_AREA_STYLE_COLOUR('',#250);
#11184=FILL_AREA_STYLE_COLOUR('',#250);
#11185=FILL_AREA_STYLE_COLOUR('',#250);
#11186=FILL_AREA_STYLE_COLOUR('',#250);
#11187=FILL_AREA_STYLE_COLOUR('',#250);
#11188=FILL_AREA_STYLE_COLOUR('',#250);
#11189=FILL_AREA_STYLE_COLOUR('',#250);
#11190=FILL_AREA_STYLE_COLOUR('',#250);
#11191=FILL_AREA_STYLE_COLOUR('',#250);
#11192=FILL_AREA_STYLE_COLOUR('',#250);
#11193=FILL_AREA_STYLE_COLOUR('',#250);
#11194=FILL_AREA_STYLE_COLOUR('',#11572);
#11195=FILL_AREA_STYLE_COLOUR('',#250);
#11196=FILL_AREA_STYLE_COLOUR('',#250);
#11197=FILL_AREA_STYLE_COLOUR('',#250);
#11198=FILL_AREA_STYLE_COLOUR('',#250);
#11199=FILL_AREA_STYLE_COLOUR('',#250);
#11200=FILL_AREA_STYLE_COLOUR('',#250);
#11201=FILL_AREA_STYLE_COLOUR('',#250);
#11202=FILL_AREA_STYLE_COLOUR('',#250);
#11203=FILL_AREA_STYLE_COLOUR('',#250);
#11204=FILL_AREA_STYLE_COLOUR('',#250);
#11205=FILL_AREA_STYLE_COLOUR('',#250);
#11206=FILL_AREA_STYLE_COLOUR('',#250);
#11207=FILL_AREA_STYLE_COLOUR('',#250);
#11208=FILL_AREA_STYLE_COLOUR('',#250);
#11209=FILL_AREA_STYLE_COLOUR('',#250);
#11210=FILL_AREA_STYLE_COLOUR('',#250);
#11211=FILL_AREA_STYLE_COLOUR('',#250);
#11212=FILL_AREA_STYLE_COLOUR('',#250);
#11213=FILL_AREA_STYLE_COLOUR('',#250);
#11214=FILL_AREA_STYLE_COLOUR('',#250);
#11215=FILL_AREA_STYLE_COLOUR('',#250);
#11216=FILL_AREA_STYLE_COLOUR('',#250);
#11217=FILL_AREA_STYLE_COLOUR('',#250);
#11218=FILL_AREA_STYLE_COLOUR('',#250);
#11219=FILL_AREA_STYLE_COLOUR('',#250);
#11220=FILL_AREA_STYLE_COLOUR('',#250);
#11221=FILL_AREA_STYLE_COLOUR('',#250);
#11222=FILL_AREA_STYLE_COLOUR('',#250);
#11223=FILL_AREA_STYLE_COLOUR('',#250);
#11224=FILL_AREA_STYLE_COLOUR('',#250);
#11225=FILL_AREA_STYLE_COLOUR('',#250);
#11226=FILL_AREA_STYLE_COLOUR('',#11572);
#11227=FILL_AREA_STYLE_COLOUR('',#250);
#11228=FILL_AREA_STYLE_COLOUR('',#250);
#11229=FILL_AREA_STYLE_COLOUR('',#250);
#11230=FILL_AREA_STYLE_COLOUR('',#250);
#11231=FILL_AREA_STYLE_COLOUR('',#250);
#11232=FILL_AREA_STYLE_COLOUR('',#250);
#11233=FILL_AREA_STYLE_COLOUR('',#250);
#11234=FILL_AREA_STYLE_COLOUR('',#250);
#11235=FILL_AREA_STYLE_COLOUR('',#250);
#11236=FILL_AREA_STYLE_COLOUR('',#250);
#11237=FILL_AREA_STYLE_COLOUR('',#250);
#11238=FILL_AREA_STYLE_COLOUR('',#250);
#11239=FILL_AREA_STYLE_COLOUR('',#250);
#11240=FILL_AREA_STYLE_COLOUR('',#250);
#11241=FILL_AREA_STYLE_COLOUR('',#250);
#11242=FILL_AREA_STYLE_COLOUR('',#250);
#11243=FILL_AREA_STYLE_COLOUR('',#250);
#11244=FILL_AREA_STYLE_COLOUR('',#250);
#11245=FILL_AREA_STYLE_COLOUR('',#250);
#11246=FILL_AREA_STYLE_COLOUR('',#250);
#11247=FILL_AREA_STYLE_COLOUR('',#250);
#11248=FILL_AREA_STYLE_COLOUR('',#11572);
#11249=FILL_AREA_STYLE_COLOUR('',#11572);
#11250=FILL_AREA_STYLE_COLOUR('',#11572);
#11251=FILL_AREA_STYLE_COLOUR('',#11572);
#11252=FILL_AREA_STYLE_COLOUR('',#250);
#11253=FILL_AREA_STYLE_COLOUR('',#250);
#11254=FILL_AREA_STYLE_COLOUR('',#250);
#11255=FILL_AREA_STYLE_COLOUR('',#250);
#11256=FILL_AREA_STYLE_COLOUR('',#250);
#11257=FILL_AREA_STYLE_COLOUR('',#250);
#11258=FILL_AREA_STYLE_COLOUR('',#250);
#11259=FILL_AREA_STYLE_COLOUR('',#250);
#11260=FILL_AREA_STYLE_COLOUR('',#250);
#11261=FILL_AREA_STYLE_COLOUR('',#250);
#11262=FILL_AREA_STYLE_COLOUR('',#250);
#11263=FILL_AREA_STYLE_COLOUR('',#250);
#11264=FILL_AREA_STYLE_COLOUR('',#11572);
#11265=FILL_AREA_STYLE_COLOUR('',#250);
#11266=FILL_AREA_STYLE_COLOUR('',#250);
#11267=FILL_AREA_STYLE_COLOUR('',#250);
#11268=FILL_AREA_STYLE_COLOUR('',#250);
#11269=FILL_AREA_STYLE_COLOUR('',#250);
#11270=FILL_AREA_STYLE_COLOUR('',#250);
#11271=FILL_AREA_STYLE_COLOUR('',#250);
#11272=FILL_AREA_STYLE_COLOUR('',#250);
#11273=FILL_AREA_STYLE_COLOUR('',#250);
#11274=FILL_AREA_STYLE_COLOUR('',#250);
#11275=FILL_AREA_STYLE_COLOUR('',#250);
#11276=FILL_AREA_STYLE_COLOUR('',#250);
#11277=FILL_AREA_STYLE_COLOUR('',#250);
#11278=FILL_AREA_STYLE_COLOUR('',#250);
#11279=FILL_AREA_STYLE_COLOUR('',#250);
#11280=FILL_AREA_STYLE_COLOUR('',#11572);
#11281=FILL_AREA_STYLE_COLOUR('',#250);
#11282=FILL_AREA_STYLE_COLOUR('',#250);
#11283=FILL_AREA_STYLE_COLOUR('',#250);
#11284=FILL_AREA_STYLE_COLOUR('',#250);
#11285=FILL_AREA_STYLE_COLOUR('',#250);
#11286=FILL_AREA_STYLE_COLOUR('',#250);
#11287=FILL_AREA_STYLE_COLOUR('',#250);
#11288=FILL_AREA_STYLE_COLOUR('',#250);
#11289=FILL_AREA_STYLE_COLOUR('',#250);
#11290=FILL_AREA_STYLE_COLOUR('',#250);
#11291=FILL_AREA_STYLE_COLOUR('',#250);
#11292=FILL_AREA_STYLE_COLOUR('',#250);
#11293=FILL_AREA_STYLE_COLOUR('',#250);
#11294=FILL_AREA_STYLE_COLOUR('',#250);
#11295=FILL_AREA_STYLE_COLOUR('',#250);
#11296=FILL_AREA_STYLE_COLOUR('',#250);
#11297=FILL_AREA_STYLE_COLOUR('',#250);
#11298=FILL_AREA_STYLE_COLOUR('',#250);
#11299=FILL_AREA_STYLE_COLOUR('',#250);
#11300=FILL_AREA_STYLE_COLOUR('',#250);
#11301=FILL_AREA_STYLE_COLOUR('',#250);
#11302=FILL_AREA_STYLE_COLOUR('',#250);
#11303=FILL_AREA_STYLE_COLOUR('',#250);
#11304=FILL_AREA_STYLE_COLOUR('',#250);
#11305=FILL_AREA_STYLE_COLOUR('',#250);
#11306=FILL_AREA_STYLE_COLOUR('',#11572);
#11307=FILL_AREA_STYLE_COLOUR('',#11572);
#11308=FILL_AREA_STYLE_COLOUR('',#11573);
#11309=FILL_AREA_STYLE_COLOUR('',#11574);
#11310=FILL_AREA_STYLE_COLOUR('',#11575);
#11311=FILL_AREA_STYLE_COLOUR('',#11575);
#11312=FILL_AREA_STYLE_COLOUR('',#250);
#11313=FILL_AREA_STYLE_COLOUR('',#250);
#11314=FILL_AREA_STYLE_COLOUR('',#250);
#11315=FILL_AREA_STYLE_COLOUR('',#11574);
#11316=FILL_AREA_STYLE_COLOUR('',#11576);
#11317=FILL_AREA_STYLE_COLOUR('',#11575);
#11318=FILL_AREA_STYLE_COLOUR('',#11574);
#11319=FILL_AREA_STYLE_COLOUR('',#11576);
#11320=FILL_AREA_STYLE_COLOUR('',#11574);
#11321=FILL_AREA_STYLE_COLOUR('',#11574);
#11322=FILL_AREA_STYLE_COLOUR('',#11574);
#11323=FILL_AREA_STYLE_COLOUR('',#11577);
#11324=FILL_AREA_STYLE_COLOUR('',#251);
#11325=FILL_AREA_STYLE_COLOUR('',#251);
#11326=FILL_AREA_STYLE_COLOUR('',#11578);
#11327=FILL_AREA_STYLE_COLOUR('',#11578);
#11328=FILL_AREA_STYLE_COLOUR('',#251);
#11329=FILL_AREA_STYLE_COLOUR('',#11579);
#11330=FILL_AREA_STYLE_COLOUR('',#251);
#11331=FILL_AREA_STYLE_COLOUR('',#11578);
#11332=FILL_AREA_STYLE_COLOUR('',#11578);
#11333=FILL_AREA_STYLE_COLOUR('',#11579);
#11334=FILL_AREA_STYLE_COLOUR('',#11579);
#11335=FILL_AREA_STYLE_COLOUR('',#11580);
#11336=FILL_AREA_STYLE_COLOUR('',#11580);
#11337=FILL_AREA_STYLE_COLOUR('',#11580);
#11338=FILL_AREA_STYLE_COLOUR('',#11580);
#11339=FILL_AREA_STYLE_COLOUR('',#11580);
#11340=FILL_AREA_STYLE_COLOUR('',#11580);
#11341=FILL_AREA_STYLE_COLOUR('',#11580);
#11342=FILL_AREA_STYLE_COLOUR('',#11580);
#11343=FILL_AREA_STYLE_COLOUR('',#11580);
#11344=FILL_AREA_STYLE_COLOUR('',#11580);
#11345=FILL_AREA_STYLE_COLOUR('',#11580);
#11346=FILL_AREA_STYLE_COLOUR('',#11580);
#11347=FILL_AREA_STYLE_COLOUR('',#11580);
#11348=FILL_AREA_STYLE_COLOUR('',#11580);
#11349=FILL_AREA_STYLE_COLOUR('',#11580);
#11350=FILL_AREA_STYLE_COLOUR('',#11580);
#11351=FILL_AREA_STYLE_COLOUR('',#11580);
#11352=FILL_AREA_STYLE_COLOUR('',#11580);
#11353=FILL_AREA_STYLE_COLOUR('',#11580);
#11354=FILL_AREA_STYLE_COLOUR('',#11580);
#11355=FILL_AREA_STYLE_COLOUR('',#11580);
#11356=FILL_AREA_STYLE_COLOUR('',#11580);
#11357=FILL_AREA_STYLE_COLOUR('',#11580);
#11358=FILL_AREA_STYLE_COLOUR('',#11580);
#11359=FILL_AREA_STYLE_COLOUR('',#11580);
#11360=FILL_AREA_STYLE_COLOUR('',#11580);
#11361=FILL_AREA_STYLE_COLOUR('',#11580);
#11362=FILL_AREA_STYLE_COLOUR('',#11580);
#11363=FILL_AREA_STYLE_COLOUR('',#11580);
#11364=FILL_AREA_STYLE_COLOUR('',#11580);
#11365=FILL_AREA_STYLE_COLOUR('',#11580);
#11366=FILL_AREA_STYLE_COLOUR('',#11580);
#11367=FILL_AREA_STYLE_COLOUR('',#11579);
#11368=FILL_AREA_STYLE_COLOUR('',#11580);
#11369=FILL_AREA_STYLE_COLOUR('',#11580);
#11370=FILL_AREA_STYLE_COLOUR('',#252);
#11371=FILL_AREA_STYLE_COLOUR('',#252);
#11372=FILL_AREA_STYLE_COLOUR('',#252);
#11373=FILL_AREA_STYLE_COLOUR('',#252);
#11374=FILL_AREA_STYLE_COLOUR('',#252);
#11375=FILL_AREA_STYLE_COLOUR('',#252);
#11376=FILL_AREA_STYLE_COLOUR('',#252);
#11377=FILL_AREA_STYLE_COLOUR('',#252);
#11378=FILL_AREA_STYLE_COLOUR('',#11579);
#11379=FILL_AREA_STYLE_COLOUR('',#11580);
#11380=FILL_AREA_STYLE_COLOUR('',#11580);
#11381=FILL_AREA_STYLE_COLOUR('',#11580);
#11382=FILL_AREA_STYLE_COLOUR('',#11580);
#11383=FILL_AREA_STYLE_COLOUR('',#11580);
#11384=FILL_AREA_STYLE_COLOUR('',#11580);
#11385=FILL_AREA_STYLE_COLOUR('',#11580);
#11386=FILL_AREA_STYLE_COLOUR('',#11580);
#11387=FILL_AREA_STYLE_COLOUR('',#11580);
#11388=FILL_AREA_STYLE_COLOUR('',#11580);
#11389=FILL_AREA_STYLE_COLOUR('',#11580);
#11390=FILL_AREA_STYLE_COLOUR('',#11580);
#11391=FILL_AREA_STYLE_COLOUR('',#11580);
#11392=FILL_AREA_STYLE_COLOUR('',#11580);
#11393=FILL_AREA_STYLE_COLOUR('',#11580);
#11394=FILL_AREA_STYLE_COLOUR('',#11580);
#11395=FILL_AREA_STYLE_COLOUR('',#11580);
#11396=FILL_AREA_STYLE_COLOUR('',#11580);
#11397=FILL_AREA_STYLE_COLOUR('',#11580);
#11398=FILL_AREA_STYLE_COLOUR('',#11580);
#11399=FILL_AREA_STYLE_COLOUR('',#11580);
#11400=FILL_AREA_STYLE_COLOUR('',#11580);
#11401=FILL_AREA_STYLE_COLOUR('',#11580);
#11402=FILL_AREA_STYLE_COLOUR('',#11580);
#11403=FILL_AREA_STYLE_COLOUR('',#11580);
#11404=FILL_AREA_STYLE_COLOUR('',#11580);
#11405=FILL_AREA_STYLE_COLOUR('',#11580);
#11406=FILL_AREA_STYLE_COLOUR('',#11580);
#11407=FILL_AREA_STYLE_COLOUR('',#11580);
#11408=FILL_AREA_STYLE_COLOUR('',#11580);
#11409=FILL_AREA_STYLE_COLOUR('',#11580);
#11410=FILL_AREA_STYLE_COLOUR('',#11580);
#11411=FILL_AREA_STYLE_COLOUR('',#11579);
#11412=FILL_AREA_STYLE_COLOUR('',#11580);
#11413=FILL_AREA_STYLE_COLOUR('',#11580);
#11414=FILL_AREA_STYLE_COLOUR('',#251);
#11415=FILL_AREA_STYLE_COLOUR('',#251);
#11416=FILL_AREA_STYLE_COLOUR('',#251);
#11417=FILL_AREA_STYLE_COLOUR('',#251);
#11418=FILL_AREA_STYLE_COLOUR('',#251);
#11419=FILL_AREA_STYLE_COLOUR('',#251);
#11420=FILL_AREA_STYLE_COLOUR('',#251);
#11421=FILL_AREA_STYLE_COLOUR('',#251);
#11422=FILL_AREA_STYLE_COLOUR('',#11575);
#11423=FILL_AREA_STYLE_COLOUR('',#11580);
#11424=FILL_AREA_STYLE_COLOUR('',#11580);
#11425=FILL_AREA_STYLE_COLOUR('',#11580);
#11426=FILL_AREA_STYLE_COLOUR('',#11580);
#11427=FILL_AREA_STYLE_COLOUR('',#11580);
#11428=FILL_AREA_STYLE_COLOUR('',#11580);
#11429=FILL_AREA_STYLE_COLOUR('',#11580);
#11430=FILL_AREA_STYLE_COLOUR('',#11580);
#11431=FILL_AREA_STYLE_COLOUR('',#11580);
#11432=FILL_AREA_STYLE_COLOUR('',#11580);
#11433=FILL_AREA_STYLE_COLOUR('',#11580);
#11434=FILL_AREA_STYLE_COLOUR('',#11580);
#11435=FILL_AREA_STYLE_COLOUR('',#11580);
#11436=FILL_AREA_STYLE_COLOUR('',#11580);
#11437=FILL_AREA_STYLE_COLOUR('',#11580);
#11438=FILL_AREA_STYLE_COLOUR('',#11580);
#11439=FILL_AREA_STYLE_COLOUR('',#11580);
#11440=FILL_AREA_STYLE_COLOUR('',#11580);
#11441=FILL_AREA_STYLE_COLOUR('',#11580);
#11442=FILL_AREA_STYLE_COLOUR('',#11580);
#11443=FILL_AREA_STYLE_COLOUR('',#11580);
#11444=FILL_AREA_STYLE_COLOUR('',#11580);
#11445=FILL_AREA_STYLE_COLOUR('',#11580);
#11446=FILL_AREA_STYLE_COLOUR('',#11580);
#11447=FILL_AREA_STYLE_COLOUR('',#11580);
#11448=FILL_AREA_STYLE_COLOUR('',#11580);
#11449=FILL_AREA_STYLE_COLOUR('',#11580);
#11450=FILL_AREA_STYLE_COLOUR('',#11580);
#11451=FILL_AREA_STYLE_COLOUR('',#11580);
#11452=FILL_AREA_STYLE_COLOUR('',#11580);
#11453=FILL_AREA_STYLE_COLOUR('',#11580);
#11454=FILL_AREA_STYLE_COLOUR('',#11580);
#11455=FILL_AREA_STYLE_COLOUR('',#11575);
#11456=FILL_AREA_STYLE_COLOUR('',#11580);
#11457=FILL_AREA_STYLE_COLOUR('',#11580);
#11458=FILL_AREA_STYLE_COLOUR('',#251);
#11459=FILL_AREA_STYLE_COLOUR('',#251);
#11460=FILL_AREA_STYLE_COLOUR('',#251);
#11461=FILL_AREA_STYLE_COLOUR('',#251);
#11462=FILL_AREA_STYLE_COLOUR('',#251);
#11463=FILL_AREA_STYLE_COLOUR('',#251);
#11464=FILL_AREA_STYLE_COLOUR('',#251);
#11465=FILL_AREA_STYLE_COLOUR('',#251);
#11466=FILL_AREA_STYLE_COLOUR('',#11575);
#11467=FILL_AREA_STYLE_COLOUR('',#11580);
#11468=FILL_AREA_STYLE_COLOUR('',#11580);
#11469=FILL_AREA_STYLE_COLOUR('',#11580);
#11470=FILL_AREA_STYLE_COLOUR('',#11580);
#11471=FILL_AREA_STYLE_COLOUR('',#11580);
#11472=FILL_AREA_STYLE_COLOUR('',#11580);
#11473=FILL_AREA_STYLE_COLOUR('',#11580);
#11474=FILL_AREA_STYLE_COLOUR('',#11580);
#11475=FILL_AREA_STYLE_COLOUR('',#11580);
#11476=FILL_AREA_STYLE_COLOUR('',#11580);
#11477=FILL_AREA_STYLE_COLOUR('',#11580);
#11478=FILL_AREA_STYLE_COLOUR('',#11580);
#11479=FILL_AREA_STYLE_COLOUR('',#11580);
#11480=FILL_AREA_STYLE_COLOUR('',#11580);
#11481=FILL_AREA_STYLE_COLOUR('',#11580);
#11482=FILL_AREA_STYLE_COLOUR('',#11580);
#11483=FILL_AREA_STYLE_COLOUR('',#11580);
#11484=FILL_AREA_STYLE_COLOUR('',#11580);
#11485=FILL_AREA_STYLE_COLOUR('',#11580);
#11486=FILL_AREA_STYLE_COLOUR('',#11580);
#11487=FILL_AREA_STYLE_COLOUR('',#11580);
#11488=FILL_AREA_STYLE_COLOUR('',#11580);
#11489=FILL_AREA_STYLE_COLOUR('',#11580);
#11490=FILL_AREA_STYLE_COLOUR('',#11580);
#11491=FILL_AREA_STYLE_COLOUR('',#11580);
#11492=FILL_AREA_STYLE_COLOUR('',#11580);
#11493=FILL_AREA_STYLE_COLOUR('',#11580);
#11494=FILL_AREA_STYLE_COLOUR('',#11580);
#11495=FILL_AREA_STYLE_COLOUR('',#11580);
#11496=FILL_AREA_STYLE_COLOUR('',#11580);
#11497=FILL_AREA_STYLE_COLOUR('',#11580);
#11498=FILL_AREA_STYLE_COLOUR('',#11580);
#11499=FILL_AREA_STYLE_COLOUR('',#11575);
#11500=FILL_AREA_STYLE_COLOUR('',#11580);
#11501=FILL_AREA_STYLE_COLOUR('',#11580);
#11502=FILL_AREA_STYLE_COLOUR('',#252);
#11503=FILL_AREA_STYLE_COLOUR('',#252);
#11504=FILL_AREA_STYLE_COLOUR('',#252);
#11505=FILL_AREA_STYLE_COLOUR('',#252);
#11506=FILL_AREA_STYLE_COLOUR('',#252);
#11507=FILL_AREA_STYLE_COLOUR('',#252);
#11508=FILL_AREA_STYLE_COLOUR('',#252);
#11509=FILL_AREA_STYLE_COLOUR('',#252);
#11510=FILL_AREA_STYLE_COLOUR('',#11573);
#11511=FILL_AREA_STYLE_COLOUR('',#11573);
#11512=FILL_AREA_STYLE_COLOUR('',#11573);
#11513=FILL_AREA_STYLE_COLOUR('',#11573);
#11514=FILL_AREA_STYLE_COLOUR('',#11573);
#11515=FILL_AREA_STYLE_COLOUR('',#11573);
#11516=FILL_AREA_STYLE_COLOUR('',#11573);
#11517=FILL_AREA_STYLE_COLOUR('',#11573);
#11518=FILL_AREA_STYLE_COLOUR('',#11573);
#11519=FILL_AREA_STYLE_COLOUR('',#11573);
#11520=FILL_AREA_STYLE_COLOUR('',#11580);
#11521=FILL_AREA_STYLE_COLOUR('',#11580);
#11522=FILL_AREA_STYLE_COLOUR('',#11580);
#11523=FILL_AREA_STYLE_COLOUR('',#11580);
#11524=FILL_AREA_STYLE_COLOUR('',#11580);
#11525=FILL_AREA_STYLE_COLOUR('',#11580);
#11526=FILL_AREA_STYLE_COLOUR('',#11580);
#11527=FILL_AREA_STYLE_COLOUR('',#11580);
#11528=FILL_AREA_STYLE_COLOUR('',#11580);
#11529=FILL_AREA_STYLE_COLOUR('',#11580);
#11530=FILL_AREA_STYLE_COLOUR('',#11580);
#11531=FILL_AREA_STYLE_COLOUR('',#11580);
#11532=FILL_AREA_STYLE_COLOUR('',#11580);
#11533=FILL_AREA_STYLE_COLOUR('',#11580);
#11534=FILL_AREA_STYLE_COLOUR('',#11580);
#11535=FILL_AREA_STYLE_COLOUR('',#11580);
#11536=FILL_AREA_STYLE_COLOUR('',#11580);
#11537=FILL_AREA_STYLE_COLOUR('',#11580);
#11538=FILL_AREA_STYLE_COLOUR('',#11580);
#11539=FILL_AREA_STYLE_COLOUR('',#11580);
#11540=FILL_AREA_STYLE_COLOUR('',#11580);
#11541=FILL_AREA_STYLE_COLOUR('',#11580);
#11542=FILL_AREA_STYLE_COLOUR('',#11580);
#11543=FILL_AREA_STYLE_COLOUR('',#11580);
#11544=FILL_AREA_STYLE_COLOUR('',#11580);
#11545=FILL_AREA_STYLE_COLOUR('',#11580);
#11546=FILL_AREA_STYLE_COLOUR('',#11580);
#11547=FILL_AREA_STYLE_COLOUR('',#11580);
#11548=FILL_AREA_STYLE_COLOUR('',#11580);
#11549=FILL_AREA_STYLE_COLOUR('',#11580);
#11550=FILL_AREA_STYLE_COLOUR('',#11580);
#11551=FILL_AREA_STYLE_COLOUR('',#11580);
#11552=FILL_AREA_STYLE_COLOUR('',#11580);
#11553=FILL_AREA_STYLE_COLOUR('',#11580);
#11554=FILL_AREA_STYLE_COLOUR('',#11580);
#11555=FILL_AREA_STYLE_COLOUR('',#11580);
#11556=FILL_AREA_STYLE_COLOUR('',#11580);
#11557=FILL_AREA_STYLE_COLOUR('',#11580);
#11558=FILL_AREA_STYLE_COLOUR('',#11580);
#11559=FILL_AREA_STYLE_COLOUR('',#11580);
#11560=FILL_AREA_STYLE_COLOUR('',#11580);
#11561=FILL_AREA_STYLE_COLOUR('',#11580);
#11562=FILL_AREA_STYLE_COLOUR('',#11580);
#11563=FILL_AREA_STYLE_COLOUR('',#11580);
#11564=FILL_AREA_STYLE_COLOUR('',#11580);
#11565=FILL_AREA_STYLE_COLOUR('',#11580);
#11566=FILL_AREA_STYLE_COLOUR('',#11580);
#11567=FILL_AREA_STYLE_COLOUR('',#11580);
#11568=FILL_AREA_STYLE_COLOUR('',#11580);
#11569=FILL_AREA_STYLE_COLOUR('',#11580);
#11570=FILL_AREA_STYLE_COLOUR('',#11580);
#11571=FILL_AREA_STYLE_COLOUR('',#11580);
#11572=COLOUR_RGB('',0.0274509806185961,0.454901963472366,0.172549024224281);
#11573=COLOUR_RGB('',0.200000002980232,0.200000002980232,0.200000002980232);
#11574=COLOUR_RGB('',0.800000011920929,0.666434764862061,0.319999992847443);
#11575=COLOUR_RGB('',0.506983280181885,0.531564235687256,0.550000011920929);
#11576=COLOUR_RGB('',1.,0.800000011920929,0.466666668653488);
#11577=COLOUR_RGB('',0.749019622802734,0.665650486946106,0.449411779642105);
#11578=COLOUR_RGB('',0.819999992847443,0.819999992847443,0.819999992847443);
#11579=COLOUR_RGB('',0.733333349227905,0.800000011920929,0.933333337306976);
#11580=COLOUR_RGB('',0.699999988079071,0.699999988079071,0.699999988079071);
#11581=ADVANCED_FACE('',(#7389,#7390,#7391,#7392,#7393,#7394,#7395,#7396,
#7397,#7398,#7399,#7400,#7401,#7402,#7403,#7404,#7405,#7406,#7407,#7408,
#7409,#7410,#7411,#7412,#7413,#7414,#7415,#7416,#7417),#7952,.T.);
#11582=ADVANCED_FACE('',(#7418),#7953,.F.);
#11583=ADVANCED_FACE('',(#7419),#7954,.F.);
#11584=ADVANCED_FACE('',(#7420),#7955,.F.);
#11585=ADVANCED_FACE('',(#7421),#7956,.F.);
#11586=ADVANCED_FACE('',(#7422,#7423,#7424,#7425,#7426),#7957,.F.);
#11587=ADVANCED_FACE('',(#7427,#7428),#7958,.T.);
#11588=ADVANCED_FACE('',(#7429),#224,.T.);
#11589=ADVANCED_FACE('',(#7430),#7959,.T.);
#11590=ADVANCED_FACE('',(#7431),#225,.T.);
#11591=ADVANCED_FACE('',(#7432),#7960,.T.);
#11592=ADVANCED_FACE('',(#7433),#7961,.T.);
#11593=ADVANCED_FACE('',(#7434),#7962,.T.);
#11594=ADVANCED_FACE('',(#7435),#7963,.T.);
#11595=ADVANCED_FACE('',(#7436),#7964,.T.);
#11596=ADVANCED_FACE('',(#7437),#7965,.T.);
#11597=ADVANCED_FACE('',(#7438),#7966,.T.);
#11598=ADVANCED_FACE('',(#7439),#7967,.T.);
#11599=ADVANCED_FACE('',(#7440),#226,.T.);
#11600=ADVANCED_FACE('',(#7441),#7968,.T.);
#11601=ADVANCED_FACE('',(#7442),#227,.T.);
#11602=ADVANCED_FACE('',(#7443),#7969,.F.);
#11603=ADVANCED_FACE('',(#7444),#7970,.T.);
#11604=ADVANCED_FACE('',(#7445),#7971,.T.);
#11605=ADVANCED_FACE('',(#7446),#7972,.T.);
#11606=ADVANCED_FACE('',(#7447),#7973,.T.);
#11607=ADVANCED_FACE('',(#7448),#7974,.T.);
#11608=ADVANCED_FACE('',(#7449),#7975,.T.);
#11609=ADVANCED_FACE('',(#7450),#7976,.T.);
#11610=ADVANCED_FACE('',(#7451),#7977,.T.);
#11611=ADVANCED_FACE('',(#7452),#7978,.T.);
#11612=ADVANCED_FACE('',(#7453),#7979,.T.);
#11613=ADVANCED_FACE('',(#7454),#7980,.T.);
#11614=ADVANCED_FACE('',(#7455),#7981,.T.);
#11615=ADVANCED_FACE('',(#7456),#7982,.T.);
#11616=ADVANCED_FACE('',(#7457),#7983,.T.);
#11617=ADVANCED_FACE('',(#7458),#7984,.T.);
#11618=ADVANCED_FACE('',(#7459),#228,.T.);
#11619=ADVANCED_FACE('',(#7460),#229,.T.);
#11620=ADVANCED_FACE('',(#7461),#7985,.T.);
#11621=ADVANCED_FACE('',(#7462),#7986,.F.);
#11622=ADVANCED_FACE('',(#7463),#7987,.T.);
#11623=ADVANCED_FACE('',(#7464),#7988,.T.);
#11624=ADVANCED_FACE('',(#7465),#7989,.T.);
#11625=ADVANCED_FACE('',(#7466),#7990,.T.);
#11626=ADVANCED_FACE('',(#7467),#7991,.T.);
#11627=ADVANCED_FACE('',(#7468),#7992,.T.);
#11628=ADVANCED_FACE('',(#7469),#7993,.T.);
#11629=ADVANCED_FACE('',(#7470),#7994,.T.);
#11630=ADVANCED_FACE('',(#7471),#7995,.T.);
#11631=ADVANCED_FACE('',(#7472),#7996,.T.);
#11632=ADVANCED_FACE('',(#7473),#7997,.T.);
#11633=ADVANCED_FACE('',(#7474),#7998,.T.);
#11634=ADVANCED_FACE('',(#7475),#7999,.F.);
#11635=ADVANCED_FACE('',(#7476),#8000,.T.);
#11636=ADVANCED_FACE('',(#7477),#8001,.T.);
#11637=ADVANCED_FACE('',(#7478),#8002,.T.);
#11638=ADVANCED_FACE('',(#7479),#8003,.T.);
#11639=ADVANCED_FACE('',(#7480),#8004,.T.);
#11640=ADVANCED_FACE('',(#7481),#8005,.T.);
#11641=ADVANCED_FACE('',(#7482),#8006,.T.);
#11642=ADVANCED_FACE('',(#7483),#8007,.T.);
#11643=ADVANCED_FACE('',(#7484),#8008,.T.);
#11644=ADVANCED_FACE('',(#7485),#8009,.T.);
#11645=ADVANCED_FACE('',(#7486),#8010,.T.);
#11646=ADVANCED_FACE('',(#7487),#8011,.T.);
#11647=ADVANCED_FACE('',(#7488),#8012,.T.);
#11648=ADVANCED_FACE('',(#7489),#8013,.T.);
#11649=ADVANCED_FACE('',(#7490),#8014,.T.);
#11650=ADVANCED_FACE('',(#7491),#8015,.T.);
#11651=ADVANCED_FACE('',(#7492),#230,.T.);
#11652=ADVANCED_FACE('',(#7493),#8016,.T.);
#11653=ADVANCED_FACE('',(#7494),#231,.T.);
#11654=ADVANCED_FACE('',(#7495),#8017,.F.);
#11655=ADVANCED_FACE('',(#7496),#8018,.T.);
#11656=ADVANCED_FACE('',(#7497),#8019,.T.);
#11657=ADVANCED_FACE('',(#7498),#8020,.T.);
#11658=ADVANCED_FACE('',(#7499),#8021,.T.);
#11659=ADVANCED_FACE('',(#7500),#8022,.F.);
#11660=ADVANCED_FACE('',(#7501),#8023,.T.);
#11661=ADVANCED_FACE('',(#7502),#8024,.T.);
#11662=ADVANCED_FACE('',(#7503),#8025,.T.);
#11663=ADVANCED_FACE('',(#7504),#8026,.T.);
#11664=ADVANCED_FACE('',(#7505),#8027,.T.);
#11665=ADVANCED_FACE('',(#7506),#8028,.T.);
#11666=ADVANCED_FACE('',(#7507),#8029,.T.);
#11667=ADVANCED_FACE('',(#7508),#8030,.T.);
#11668=ADVANCED_FACE('',(#7509,#7510),#8031,.T.);
#11669=ADVANCED_FACE('',(#7511,#7512),#232,.T.);
#11670=ADVANCED_FACE('',(#7513,#7514),#233,.T.);
#11671=ADVANCED_FACE('',(#7515),#8032,.T.);
#11672=ADVANCED_FACE('',(#7516),#8033,.T.);
#11673=ADVANCED_FACE('',(#7517),#8034,.T.);
#11674=ADVANCED_FACE('',(#7518),#8035,.T.);
#11675=ADVANCED_FACE('',(#7519),#8036,.T.);
#11676=ADVANCED_FACE('',(#7520),#8037,.T.);
#11677=ADVANCED_FACE('',(#7521),#234,.T.);
#11678=ADVANCED_FACE('',(#7522),#235,.T.);
#11679=ADVANCED_FACE('',(#7523),#8038,.T.);
#11680=ADVANCED_FACE('',(#7524),#8039,.F.);
#11681=ADVANCED_FACE('',(#7525),#8040,.T.);
#11682=ADVANCED_FACE('',(#7526),#8041,.T.);
#11683=ADVANCED_FACE('',(#7527),#8042,.T.);
#11684=ADVANCED_FACE('',(#7528),#8043,.T.);
#11685=ADVANCED_FACE('',(#7529),#8044,.T.);
#11686=ADVANCED_FACE('',(#7530),#8045,.T.);
#11687=ADVANCED_FACE('',(#7531),#8046,.T.);
#11688=ADVANCED_FACE('',(#7532),#8047,.T.);
#11689=ADVANCED_FACE('',(#7533),#8048,.T.);
#11690=ADVANCED_FACE('',(#7534),#8049,.T.);
#11691=ADVANCED_FACE('',(#7535),#8050,.T.);
#11692=ADVANCED_FACE('',(#7536),#8051,.T.);
#11693=ADVANCED_FACE('',(#7537),#8052,.F.);
#11694=ADVANCED_FACE('',(#7538),#8053,.T.);
#11695=ADVANCED_FACE('',(#7539),#236,.T.);
#11696=ADVANCED_FACE('',(#7540),#8054,.T.);
#11697=ADVANCED_FACE('',(#7541),#237,.T.);
#11698=ADVANCED_FACE('',(#7542,#7543),#8055,.T.);
#11699=ADVANCED_FACE('',(#7544),#8056,.T.);
#11700=ADVANCED_FACE('',(#7545),#238,.T.);
#11701=ADVANCED_FACE('',(#7546),#8057,.T.);
#11702=ADVANCED_FACE('',(#7547),#239,.T.);
#11703=ADVANCED_FACE('',(#7548),#8058,.T.);
#11704=ADVANCED_FACE('',(#7549),#8059,.F.);
#11705=ADVANCED_FACE('',(#7550),#8060,.T.);
#11706=ADVANCED_FACE('',(#7551),#8061,.T.);
#11707=ADVANCED_FACE('',(#7552),#8062,.T.);
#11708=ADVANCED_FACE('',(#7553),#8063,.T.);
#11709=ADVANCED_FACE('',(#7554),#8064,.F.);
#11710=ADVANCED_FACE('',(#7555),#8065,.T.);
#11711=ADVANCED_FACE('',(#7556),#8066,.T.);
#11712=ADVANCED_FACE('',(#7557),#8067,.T.);
#11713=ADVANCED_FACE('',(#7558),#8068,.T.);
#11714=ADVANCED_FACE('',(#7559),#8069,.F.);
#11715=ADVANCED_FACE('',(#7560),#8070,.T.);
#11716=ADVANCED_FACE('',(#7561),#8071,.T.);
#11717=ADVANCED_FACE('',(#7562),#8072,.T.);
#11718=ADVANCED_FACE('',(#7563),#8073,.T.);
#11719=ADVANCED_FACE('',(#7564),#8074,.T.);
#11720=ADVANCED_FACE('',(#7565),#8075,.T.);
#11721=ADVANCED_FACE('',(#7566),#8076,.T.);
#11722=ADVANCED_FACE('',(#7567),#8077,.T.);
#11723=ADVANCED_FACE('',(#7568),#8078,.T.);
#11724=ADVANCED_FACE('',(#7569),#8079,.T.);
#11725=ADVANCED_FACE('',(#7570,#7571),#122,.F.);
#11726=ADVANCED_FACE('',(#7572,#7573),#123,.F.);
#11727=ADVANCED_FACE('',(#7574,#7575),#124,.F.);
#11728=ADVANCED_FACE('',(#7576,#7577),#125,.F.);
#11729=ADVANCED_FACE('',(#7578,#7579,#7580),#8080,.T.);
#11730=ADVANCED_FACE('',(#7581),#240,.T.);
#11731=ADVANCED_FACE('',(#7582),#241,.T.);
#11732=ADVANCED_FACE('',(#7583,#7584),#242,.T.);
#11733=ADVANCED_FACE('',(#7585,#7586),#243,.T.);
#11734=ADVANCED_FACE('',(#7587,#7588),#8081,.T.);
#11735=ADVANCED_FACE('',(#7589),#8082,.T.);
#11736=ADVANCED_FACE('',(#7590),#8083,.T.);
#11737=ADVANCED_FACE('',(#7591),#8084,.T.);
#11738=ADVANCED_FACE('',(#7592),#244,.T.);
#11739=ADVANCED_FACE('',(#7593),#8085,.T.);
#11740=ADVANCED_FACE('',(#7594),#245,.T.);
#11741=ADVANCED_FACE('',(#7595),#8086,.T.);
#11742=ADVANCED_FACE('',(#7596),#8087,.T.);
#11743=ADVANCED_FACE('',(#7597),#8088,.T.);
#11744=ADVANCED_FACE('',(#7598),#8089,.T.);
#11745=ADVANCED_FACE('',(#7599),#8090,.T.);
#11746=ADVANCED_FACE('',(#7600),#8091,.T.);
#11747=ADVANCED_FACE('',(#7601),#8092,.T.);
#11748=ADVANCED_FACE('',(#7602),#246,.T.);
#11749=ADVANCED_FACE('',(#7603),#247,.T.);
#11750=ADVANCED_FACE('',(#7604),#8093,.T.);
#11751=ADVANCED_FACE('',(#7605),#8094,.T.);
#11752=ADVANCED_FACE('',(#7606,#7607),#8095,.T.);
#11753=ADVANCED_FACE('',(#7608),#8096,.T.);
#11754=ADVANCED_FACE('',(#7609),#248,.T.);
#11755=ADVANCED_FACE('',(#7610),#8097,.T.);
#11756=ADVANCED_FACE('',(#7611),#249,.T.);
#11757=ADVANCED_FACE('',(#7612),#8098,.T.);
#11758=ADVANCED_FACE('',(#7613),#8099,.F.);
#11759=ADVANCED_FACE('',(#7614),#8100,.T.);
#11760=ADVANCED_FACE('',(#7615),#8101,.T.);
#11761=ADVANCED_FACE('',(#7616),#8102,.T.);
#11762=ADVANCED_FACE('',(#7617),#8103,.T.);
#11763=ADVANCED_FACE('',(#7618),#8104,.T.);
#11764=ADVANCED_FACE('',(#7619),#8105,.T.);
#11765=ADVANCED_FACE('',(#7620),#8106,.T.);
#11766=ADVANCED_FACE('',(#7621),#8107,.T.);
#11767=ADVANCED_FACE('',(#7622),#8108,.T.);
#11768=ADVANCED_FACE('',(#7623),#8109,.T.);
#11769=ADVANCED_FACE('',(#7624),#8110,.T.);
#11770=ADVANCED_FACE('',(#7625),#8111,.T.);
#11771=ADVANCED_FACE('',(#7626),#8112,.F.);
#11772=ADVANCED_FACE('',(#7627),#8113,.T.);
#11773=ADVANCED_FACE('',(#7628),#8114,.T.);
#11774=ADVANCED_FACE('',(#7629),#8115,.T.);
#11775=ADVANCED_FACE('',(#7630),#8116,.T.);
#11776=ADVANCED_FACE('',(#7631),#8117,.T.);
#11777=ADVANCED_FACE('',(#7632),#8118,.T.);
#11778=ADVANCED_FACE('',(#7633),#8119,.F.);
#11779=ADVANCED_FACE('',(#7634),#8120,.T.);
#11780=ADVANCED_FACE('',(#7635),#8121,.T.);
#11781=ADVANCED_FACE('',(#7636),#8122,.T.);
#11782=ADVANCED_FACE('',(#7637),#8123,.T.);
#11783=ADVANCED_FACE('',(#7638),#8124,.T.);
#11784=ADVANCED_FACE('',(#7639),#8125,.T.);
#11785=ADVANCED_FACE('',(#7640),#8126,.T.);
#11786=ADVANCED_FACE('',(#7641),#8127,.T.);
#11787=ADVANCED_FACE('',(#7642),#8128,.T.);
#11788=ADVANCED_FACE('',(#7643),#8129,.T.);
#11789=ADVANCED_FACE('',(#7644),#8130,.T.);
#11790=ADVANCED_FACE('',(#7645),#8131,.T.);
#11791=ADVANCED_FACE('',(#7646),#8132,.T.);
#11792=ADVANCED_FACE('',(#7647),#8133,.T.);
#11793=ADVANCED_FACE('',(#7648),#8134,.T.);
#11794=ADVANCED_FACE('',(#7649),#8135,.T.);
#11795=ADVANCED_FACE('',(#7650),#8136,.T.);
#11796=ADVANCED_FACE('',(#7651),#8137,.T.);
#11797=ADVANCED_FACE('',(#7652),#8138,.T.);
#11798=ADVANCED_FACE('',(#7653),#8139,.T.);
#11799=ADVANCED_FACE('',(#7654),#8140,.T.);
#11800=ADVANCED_FACE('',(#7655),#8141,.T.);
#11801=ADVANCED_FACE('',(#7656),#8142,.F.);
#11802=ADVANCED_FACE('',(#7657),#8143,.F.);
#11803=ADVANCED_FACE('',(#7658),#8144,.F.);
#11804=ADVANCED_FACE('',(#7659),#8145,.T.);
#11805=ADVANCED_FACE('',(#7660),#8146,.F.);
#11806=ADVANCED_FACE('',(#7661),#8147,.T.);
#11807=ADVANCED_FACE('',(#7662,#7663,#7664),#8148,.F.);
#11808=ADVANCED_FACE('',(#7665,#7666,#7667),#8149,.T.);
#11809=ADVANCED_FACE('',(#7668),#8150,.F.);
#11810=ADVANCED_FACE('',(#7669),#8151,.F.);
#11811=ADVANCED_FACE('',(#7670),#8152,.F.);
#11812=ADVANCED_FACE('',(#7671),#8153,.F.);
#11813=ADVANCED_FACE('',(#7672),#8154,.T.);
#11814=ADVANCED_FACE('',(#7673),#8155,.F.);
#11815=ADVANCED_FACE('',(#7674),#8156,.F.);
#11816=ADVANCED_FACE('',(#7675),#8157,.F.);
#11817=ADVANCED_FACE('',(#7676),#8158,.F.);
#11818=ADVANCED_FACE('',(#7677),#8159,.T.);
#11819=ADVANCED_FACE('',(#7678),#8160,.T.);
#11820=ADVANCED_FACE('',(#7679),#8161,.T.);
#11821=ADVANCED_FACE('',(#7680),#8162,.T.);
#11822=ADVANCED_FACE('',(#7681),#8163,.F.);
#11823=ADVANCED_FACE('',(#7682),#8164,.F.);
#11824=ADVANCED_FACE('',(#7683),#8165,.F.);
#11825=ADVANCED_FACE('',(#7684),#8166,.F.);
#11826=ADVANCED_FACE('',(#7685),#8167,.F.);
#11827=ADVANCED_FACE('',(#7686),#8168,.F.);
#11828=ADVANCED_FACE('',(#7687),#8169,.T.);
#11829=ADVANCED_FACE('',(#7688),#126,.F.);
#11830=ADVANCED_FACE('',(#7689),#8170,.T.);
#11831=ADVANCED_FACE('',(#7690),#8171,.T.);
#11832=ADVANCED_FACE('',(#7691),#127,.F.);
#11833=ADVANCED_FACE('',(#7692),#8172,.F.);
#11834=ADVANCED_FACE('',(#7693),#8173,.F.);
#11835=ADVANCED_FACE('',(#7694),#8174,.F.);
#11836=ADVANCED_FACE('',(#7695),#8175,.F.);
#11837=ADVANCED_FACE('',(#7696),#8176,.T.);
#11838=ADVANCED_FACE('',(#7697),#8177,.F.);
#11839=ADVANCED_FACE('',(#7698),#8178,.F.);
#11840=ADVANCED_FACE('',(#7699),#8179,.F.);
#11841=ADVANCED_FACE('',(#7700),#8180,.F.);
#11842=ADVANCED_FACE('',(#7701),#8181,.F.);
#11843=ADVANCED_FACE('',(#7702),#8182,.T.);
#11844=ADVANCED_FACE('',(#7703),#8183,.F.);
#11845=ADVANCED_FACE('',(#7704),#8184,.F.);
#11846=ADVANCED_FACE('',(#7705),#8185,.F.);
#11847=ADVANCED_FACE('',(#7706,#7707),#8186,.F.);
#11848=ADVANCED_FACE('',(#7708),#128,.T.);
#11849=ADVANCED_FACE('',(#7709),#18,.T.);
#11850=ADVANCED_FACE('',(#7710),#19,.T.);
#11851=ADVANCED_FACE('',(#7711),#129,.T.);
#11852=ADVANCED_FACE('',(#7712),#130,.T.);
#11853=ADVANCED_FACE('',(#7713),#131,.T.);
#11854=ADVANCED_FACE('',(#7714),#132,.T.);
#11855=ADVANCED_FACE('',(#7715),#20,.T.);
#11856=ADVANCED_FACE('',(#7716),#21,.T.);
#11857=ADVANCED_FACE('',(#7717),#133,.T.);
#11858=ADVANCED_FACE('',(#7718),#134,.T.);
#11859=ADVANCED_FACE('',(#7719),#135,.T.);
#11860=ADVANCED_FACE('',(#7720),#8187,.F.);
#11861=ADVANCED_FACE('',(#7721),#8188,.T.);
#11862=ADVANCED_FACE('',(#7722),#8189,.F.);
#11863=ADVANCED_FACE('',(#7723),#8190,.F.);
#11864=ADVANCED_FACE('',(#7724),#8191,.F.);
#11865=ADVANCED_FACE('',(#7725),#136,.T.);
#11866=ADVANCED_FACE('',(#7726),#22,.T.);
#11867=ADVANCED_FACE('',(#7727),#23,.T.);
#11868=ADVANCED_FACE('',(#7728),#137,.T.);
#11869=ADVANCED_FACE('',(#7729),#138,.T.);
#11870=ADVANCED_FACE('',(#7730),#139,.T.);
#11871=ADVANCED_FACE('',(#7731),#140,.T.);
#11872=ADVANCED_FACE('',(#7732),#24,.T.);
#11873=ADVANCED_FACE('',(#7733),#25,.T.);
#11874=ADVANCED_FACE('',(#7734),#141,.T.);
#11875=ADVANCED_FACE('',(#7735),#142,.T.);
#11876=ADVANCED_FACE('',(#7736),#143,.T.);
#11877=ADVANCED_FACE('',(#7737),#8192,.F.);
#11878=ADVANCED_FACE('',(#7738),#8193,.T.);
#11879=ADVANCED_FACE('',(#7739),#8194,.F.);
#11880=ADVANCED_FACE('',(#7740,#7741),#8195,.F.);
#11881=ADVANCED_FACE('',(#7742),#8196,.F.);
#11882=ADVANCED_FACE('',(#7743),#8197,.F.);
#11883=ADVANCED_FACE('',(#7744),#144,.T.);
#11884=ADVANCED_FACE('',(#7745),#8198,.F.);
#11885=ADVANCED_FACE('',(#7746),#145,.T.);
#11886=ADVANCED_FACE('',(#7747),#8199,.F.);
#11887=ADVANCED_FACE('',(#7748),#146,.T.);
#11888=ADVANCED_FACE('',(#7749),#8200,.F.);
#11889=ADVANCED_FACE('',(#7750),#147,.T.);
#11890=ADVANCED_FACE('',(#7751),#8201,.F.);
#11891=ADVANCED_FACE('',(#7752,#7753),#8202,.F.);
#11892=ADVANCED_FACE('',(#7754),#148,.T.);
#11893=ADVANCED_FACE('',(#7755),#26,.T.);
#11894=ADVANCED_FACE('',(#7756),#27,.T.);
#11895=ADVANCED_FACE('',(#7757),#149,.T.);
#11896=ADVANCED_FACE('',(#7758),#150,.T.);
#11897=ADVANCED_FACE('',(#7759),#151,.T.);
#11898=ADVANCED_FACE('',(#7760),#152,.T.);
#11899=ADVANCED_FACE('',(#7761),#28,.T.);
#11900=ADVANCED_FACE('',(#7762),#29,.T.);
#11901=ADVANCED_FACE('',(#7763),#153,.T.);
#11902=ADVANCED_FACE('',(#7764),#154,.T.);
#11903=ADVANCED_FACE('',(#7765),#155,.T.);
#11904=ADVANCED_FACE('',(#7766),#8203,.F.);
#11905=ADVANCED_FACE('',(#7767),#8204,.T.);
#11906=ADVANCED_FACE('',(#7768),#8205,.F.);
#11907=ADVANCED_FACE('',(#7769),#8206,.F.);
#11908=ADVANCED_FACE('',(#7770),#8207,.F.);
#11909=ADVANCED_FACE('',(#7771),#156,.T.);
#11910=ADVANCED_FACE('',(#7772),#30,.T.);
#11911=ADVANCED_FACE('',(#7773),#31,.T.);
#11912=ADVANCED_FACE('',(#7774),#157,.T.);
#11913=ADVANCED_FACE('',(#7775),#158,.T.);
#11914=ADVANCED_FACE('',(#7776),#159,.T.);
#11915=ADVANCED_FACE('',(#7777),#160,.T.);
#11916=ADVANCED_FACE('',(#7778),#32,.T.);
#11917=ADVANCED_FACE('',(#7779),#33,.T.);
#11918=ADVANCED_FACE('',(#7780),#161,.T.);
#11919=ADVANCED_FACE('',(#7781),#162,.T.);
#11920=ADVANCED_FACE('',(#7782),#163,.T.);
#11921=ADVANCED_FACE('',(#7783),#8208,.F.);
#11922=ADVANCED_FACE('',(#7784),#8209,.T.);
#11923=ADVANCED_FACE('',(#7785),#8210,.F.);
#11924=ADVANCED_FACE('',(#7786,#7787),#8211,.F.);
#11925=ADVANCED_FACE('',(#7788),#8212,.F.);
#11926=ADVANCED_FACE('',(#7789),#8213,.F.);
#11927=ADVANCED_FACE('',(#7790),#164,.T.);
#11928=ADVANCED_FACE('',(#7791),#8214,.F.);
#11929=ADVANCED_FACE('',(#7792),#165,.T.);
#11930=ADVANCED_FACE('',(#7793),#8215,.F.);
#11931=ADVANCED_FACE('',(#7794),#166,.T.);
#11932=ADVANCED_FACE('',(#7795),#8216,.F.);
#11933=ADVANCED_FACE('',(#7796),#167,.T.);
#11934=ADVANCED_FACE('',(#7797),#8217,.F.);
#11935=ADVANCED_FACE('',(#7798,#7799),#8218,.F.);
#11936=ADVANCED_FACE('',(#7800),#168,.T.);
#11937=ADVANCED_FACE('',(#7801),#34,.T.);
#11938=ADVANCED_FACE('',(#7802),#35,.T.);
#11939=ADVANCED_FACE('',(#7803),#169,.T.);
#11940=ADVANCED_FACE('',(#7804),#170,.T.);
#11941=ADVANCED_FACE('',(#7805),#171,.T.);
#11942=ADVANCED_FACE('',(#7806),#172,.T.);
#11943=ADVANCED_FACE('',(#7807),#36,.T.);
#11944=ADVANCED_FACE('',(#7808),#37,.T.);
#11945=ADVANCED_FACE('',(#7809),#173,.T.);
#11946=ADVANCED_FACE('',(#7810),#174,.T.);
#11947=ADVANCED_FACE('',(#7811),#175,.T.);
#11948=ADVANCED_FACE('',(#7812),#8219,.F.);
#11949=ADVANCED_FACE('',(#7813),#8220,.T.);
#11950=ADVANCED_FACE('',(#7814),#8221,.F.);
#11951=ADVANCED_FACE('',(#7815),#8222,.F.);
#11952=ADVANCED_FACE('',(#7816),#8223,.F.);
#11953=ADVANCED_FACE('',(#7817),#176,.T.);
#11954=ADVANCED_FACE('',(#7818),#38,.T.);
#11955=ADVANCED_FACE('',(#7819),#39,.T.);
#11956=ADVANCED_FACE('',(#7820),#177,.T.);
#11957=ADVANCED_FACE('',(#7821),#178,.T.);
#11958=ADVANCED_FACE('',(#7822),#179,.T.);
#11959=ADVANCED_FACE('',(#7823),#180,.T.);
#11960=ADVANCED_FACE('',(#7824),#40,.T.);
#11961=ADVANCED_FACE('',(#7825),#41,.T.);
#11962=ADVANCED_FACE('',(#7826),#181,.T.);
#11963=ADVANCED_FACE('',(#7827),#182,.T.);
#11964=ADVANCED_FACE('',(#7828),#183,.T.);
#11965=ADVANCED_FACE('',(#7829),#8224,.F.);
#11966=ADVANCED_FACE('',(#7830),#8225,.T.);
#11967=ADVANCED_FACE('',(#7831),#8226,.F.);
#11968=ADVANCED_FACE('',(#7832,#7833),#8227,.F.);
#11969=ADVANCED_FACE('',(#7834),#8228,.F.);
#11970=ADVANCED_FACE('',(#7835),#8229,.F.);
#11971=ADVANCED_FACE('',(#7836),#184,.T.);
#11972=ADVANCED_FACE('',(#7837),#8230,.F.);
#11973=ADVANCED_FACE('',(#7838),#185,.T.);
#11974=ADVANCED_FACE('',(#7839),#8231,.F.);
#11975=ADVANCED_FACE('',(#7840),#186,.T.);
#11976=ADVANCED_FACE('',(#7841),#8232,.F.);
#11977=ADVANCED_FACE('',(#7842),#187,.T.);
#11978=ADVANCED_FACE('',(#7843),#8233,.F.);
#11979=ADVANCED_FACE('',(#7844,#7845),#8234,.F.);
#11980=ADVANCED_FACE('',(#7846),#188,.T.);
#11981=ADVANCED_FACE('',(#7847),#42,.T.);
#11982=ADVANCED_FACE('',(#7848),#43,.T.);
#11983=ADVANCED_FACE('',(#7849),#189,.T.);
#11984=ADVANCED_FACE('',(#7850),#190,.T.);
#11985=ADVANCED_FACE('',(#7851),#191,.T.);
#11986=ADVANCED_FACE('',(#7852),#192,.T.);
#11987=ADVANCED_FACE('',(#7853),#44,.T.);
#11988=ADVANCED_FACE('',(#7854),#45,.T.);
#11989=ADVANCED_FACE('',(#7855),#193,.T.);
#11990=ADVANCED_FACE('',(#7856),#194,.T.);
#11991=ADVANCED_FACE('',(#7857),#195,.T.);
#11992=ADVANCED_FACE('',(#7858),#8235,.F.);
#11993=ADVANCED_FACE('',(#7859),#8236,.T.);
#11994=ADVANCED_FACE('',(#7860),#8237,.F.);
#11995=ADVANCED_FACE('',(#7861),#8238,.F.);
#11996=ADVANCED_FACE('',(#7862),#8239,.F.);
#11997=ADVANCED_FACE('',(#7863),#196,.T.);
#11998=ADVANCED_FACE('',(#7864),#46,.T.);
#11999=ADVANCED_FACE('',(#7865),#47,.T.);
#12000=ADVANCED_FACE('',(#7866),#197,.T.);
#12001=ADVANCED_FACE('',(#7867),#198,.T.);
#12002=ADVANCED_FACE('',(#7868),#199,.T.);
#12003=ADVANCED_FACE('',(#7869),#200,.T.);
#12004=ADVANCED_FACE('',(#7870),#48,.T.);
#12005=ADVANCED_FACE('',(#7871),#49,.T.);
#12006=ADVANCED_FACE('',(#7872),#201,.T.);
#12007=ADVANCED_FACE('',(#7873),#202,.T.);
#12008=ADVANCED_FACE('',(#7874),#203,.T.);
#12009=ADVANCED_FACE('',(#7875),#8240,.F.);
#12010=ADVANCED_FACE('',(#7876),#8241,.T.);
#12011=ADVANCED_FACE('',(#7877),#8242,.F.);
#12012=ADVANCED_FACE('',(#7878,#7879),#8243,.F.);
#12013=ADVANCED_FACE('',(#7880),#8244,.F.);
#12014=ADVANCED_FACE('',(#7881),#8245,.F.);
#12015=ADVANCED_FACE('',(#7882),#204,.T.);
#12016=ADVANCED_FACE('',(#7883),#8246,.F.);
#12017=ADVANCED_FACE('',(#7884),#205,.T.);
#12018=ADVANCED_FACE('',(#7885),#8247,.F.);
#12019=ADVANCED_FACE('',(#7886),#206,.T.);
#12020=ADVANCED_FACE('',(#7887),#8248,.F.);
#12021=ADVANCED_FACE('',(#7888),#207,.T.);
#12022=ADVANCED_FACE('',(#7889),#8249,.F.);
#12023=ADVANCED_FACE('',(#7890),#8250,.T.);
#12024=ADVANCED_FACE('',(#7891),#8251,.F.);
#12025=ADVANCED_FACE('',(#7892),#8252,.F.);
#12026=ADVANCED_FACE('',(#7893),#8253,.F.);
#12027=ADVANCED_FACE('',(#7894),#8254,.F.);
#12028=ADVANCED_FACE('',(#7895),#8255,.T.);
#12029=ADVANCED_FACE('',(#7896),#8256,.T.);
#12030=ADVANCED_FACE('',(#7897),#8257,.T.);
#12031=ADVANCED_FACE('',(#7898),#8258,.T.);
#12032=ADVANCED_FACE('',(#7899),#8259,.F.);
#12033=ADVANCED_FACE('',(#7900),#8260,.F.);
#12034=ADVANCED_FACE('',(#7901),#8261,.F.);
#12035=ADVANCED_FACE('',(#7902),#8262,.F.);
#12036=ADVANCED_FACE('',(#7903),#8263,.F.);
#12037=ADVANCED_FACE('',(#7904),#208,.T.);
#12038=ADVANCED_FACE('',(#7905),#8264,.F.);
#12039=ADVANCED_FACE('',(#7906),#209,.F.);
#12040=ADVANCED_FACE('',(#7907),#8265,.F.);
#12041=ADVANCED_FACE('',(#7908),#210,.F.);
#12042=ADVANCED_FACE('',(#7909),#8266,.F.);
#12043=ADVANCED_FACE('',(#7910),#211,.T.);
#12044=ADVANCED_FACE('',(#7911),#8267,.T.);
#12045=ADVANCED_FACE('',(#7912),#8268,.F.);
#12046=ADVANCED_FACE('',(#7913),#8269,.F.);
#12047=ADVANCED_FACE('',(#7914),#8270,.F.);
#12048=ADVANCED_FACE('',(#7915),#8271,.F.);
#12049=ADVANCED_FACE('',(#7916),#8272,.F.);
#12050=ADVANCED_FACE('',(#7917),#212,.T.);
#12051=ADVANCED_FACE('',(#7918),#8273,.F.);
#12052=ADVANCED_FACE('',(#7919),#213,.F.);
#12053=ADVANCED_FACE('',(#7920),#8274,.F.);
#12054=ADVANCED_FACE('',(#7921),#214,.F.);
#12055=ADVANCED_FACE('',(#7922),#8275,.F.);
#12056=ADVANCED_FACE('',(#7923),#215,.T.);
#12057=ADVANCED_FACE('',(#7924),#8276,.T.);
#12058=ADVANCED_FACE('',(#7925),#8277,.F.);
#12059=ADVANCED_FACE('',(#7926),#8278,.F.);
#12060=ADVANCED_FACE('',(#7927),#8279,.F.);
#12061=ADVANCED_FACE('',(#7928),#8280,.F.);
#12062=ADVANCED_FACE('',(#7929),#8281,.F.);
#12063=ADVANCED_FACE('',(#7930),#216,.T.);
#12064=ADVANCED_FACE('',(#7931),#8282,.F.);
#12065=ADVANCED_FACE('',(#7932),#217,.F.);
#12066=ADVANCED_FACE('',(#7933),#8283,.F.);
#12067=ADVANCED_FACE('',(#7934),#218,.F.);
#12068=ADVANCED_FACE('',(#7935),#8284,.F.);
#12069=ADVANCED_FACE('',(#7936),#219,.T.);
#12070=ADVANCED_FACE('',(#7937),#8285,.T.);
#12071=ADVANCED_FACE('',(#7938),#8286,.F.);
#12072=ADVANCED_FACE('',(#7939),#8287,.F.);
#12073=ADVANCED_FACE('',(#7940),#220,.F.);
#12074=ADVANCED_FACE('',(#7941),#221,.T.);
#12075=ADVANCED_FACE('',(#7942),#8288,.F.);
#12076=ADVANCED_FACE('',(#7943),#8289,.F.);
#12077=ADVANCED_FACE('',(#7944),#8290,.F.);
#12078=ADVANCED_FACE('',(#7945),#8291,.F.);
#12079=ADVANCED_FACE('',(#7946),#8292,.F.);
#12080=ADVANCED_FACE('',(#7947),#222,.T.);
#12081=ADVANCED_FACE('',(#7948),#8293,.F.);
#12082=ADVANCED_FACE('',(#7949),#223,.F.);
#12083=ADVANCED_FACE('',(#7950),#8294,.T.);
#12084=ADVANCED_FACE('',(#7951),#8295,.F.);
#12085=CLOSED_SHELL('',(#11581,#11582,#11583,#11584,#11585,#11586,#11587,
#11588,#11589,#11590,#11591,#11592,#11593,#11594,#11595,#11596,#11597,#11598,
#11599,#11600,#11601,#11602,#11603,#11604,#11605,#11606,#11607,#11608,#11609,
#11610,#11611,#11612,#11613,#11614,#11615,#11616,#11617,#11618,#11619,#11620,
#11621,#11622,#11623,#11624,#11625,#11626,#11627,#11628,#11629,#11630,#11631,
#11632,#11633,#11634,#11635,#11636,#11637,#11638,#11639,#11640,#11641,#11642,
#11643,#11644,#11645,#11646,#11647,#11648,#11649,#11650,#11651,#11652,#11653,
#11654,#11655,#11656,#11657,#11658,#11659,#11660,#11661,#11662,#11663,#11664,
#11665,#11666,#11667,#11668,#11669,#11670,#11671,#11672,#11673,#11674,#11675,
#11676,#11677,#11678,#11679,#11680,#11681,#11682,#11683,#11684,#11685,#11686,
#11687,#11688,#11689,#11690,#11691,#11692,#11693,#11694,#11695,#11696,#11697,
#11698,#11699,#11700,#11701,#11702,#11703,#11704,#11705,#11706,#11707,#11708,
#11709,#11710,#11711,#11712,#11713,#11714,#11715,#11716,#11717,#11718,#11719,
#11720,#11721,#11722,#11723,#11724,#11725,#11726,#11727,#11728,#11729,#11730,
#11731,#11732,#11733,#11734,#11735,#11736,#11737,#11738,#11739,#11740,#11741,
#11742,#11743,#11744,#11745,#11746,#11747,#11748,#11749,#11750,#11751,#11752,
#11753,#11754,#11755,#11756,#11757,#11758,#11759,#11760,#11761,#11762,#11763,
#11764,#11765,#11766,#11767,#11768,#11769,#11770,#11771,#11772,#11773,#11774,
#11775,#11776,#11777,#11778,#11779,#11780,#11781,#11782,#11783,#11784));
#12086=CLOSED_SHELL('',(#11785,#11786,#11787,#11788,#11789,#11790,#11791,
#11792,#11793,#11794,#11795,#11796,#11797,#11798,#11799,#11800,#11801,#11802,
#11803,#11804,#11805,#11806,#11807,#11808));
#12087=CLOSED_SHELL('',(#11809,#11810,#11811,#11812,#11813,#11814,#11815,
#11816,#11817,#11818,#11819,#11820,#11821,#11822));
#12088=CLOSED_SHELL('',(#11823,#11824,#11825,#11826,#11827,#11828,#11829,
#11830,#11831,#11832,#11833,#11834,#11835,#11836));
#12089=CLOSED_SHELL('',(#11837,#11838,#11839,#11840,#11841,#11842,#11843,
#11844,#11845,#11846));
#12090=CLOSED_SHELL('',(#11847,#11848,#11849,#11850,#11851,#11852,#11853,
#11854,#11855,#11856,#11857,#11858,#11859,#11860,#11861,#11862,#11863,#11864,
#11865,#11866,#11867,#11868,#11869,#11870,#11871,#11872,#11873,#11874,#11875,
#11876,#11877,#11878,#11879,#11880,#11881,#11882,#11883,#11884,#11885,#11886,
#11887,#11888,#11889,#11890));
#12091=CLOSED_SHELL('',(#11891,#11892,#11893,#11894,#11895,#11896,#11897,
#11898,#11899,#11900,#11901,#11902,#11903,#11904,#11905,#11906,#11907,#11908,
#11909,#11910,#11911,#11912,#11913,#11914,#11915,#11916,#11917,#11918,#11919,
#11920,#11921,#11922,#11923,#11924,#11925,#11926,#11927,#11928,#11929,#11930,
#11931,#11932,#11933,#11934));
#12092=CLOSED_SHELL('',(#11935,#11936,#11937,#11938,#11939,#11940,#11941,
#11942,#11943,#11944,#11945,#11946,#11947,#11948,#11949,#11950,#11951,#11952,
#11953,#11954,#11955,#11956,#11957,#11958,#11959,#11960,#11961,#11962,#11963,
#11964,#11965,#11966,#11967,#11968,#11969,#11970,#11971,#11972,#11973,#11974,
#11975,#11976,#11977,#11978));
#12093=CLOSED_SHELL('',(#11979,#11980,#11981,#11982,#11983,#11984,#11985,
#11986,#11987,#11988,#11989,#11990,#11991,#11992,#11993,#11994,#11995,#11996,
#11997,#11998,#11999,#12000,#12001,#12002,#12003,#12004,#12005,#12006,#12007,
#12008,#12009,#12010,#12011,#12012,#12013,#12014,#12015,#12016,#12017,#12018,
#12019,#12020,#12021,#12022));
#12094=CLOSED_SHELL('',(#12023,#12024,#12025,#12026,#12027,#12028,#12029,
#12030,#12031,#12032,#12033,#12034,#12035,#12036,#12037,#12038,#12039,#12040,
#12041,#12042,#12043,#12044,#12045,#12046,#12047,#12048,#12049,#12050,#12051,
#12052,#12053,#12054,#12055,#12056,#12057,#12058,#12059,#12060,#12061,#12062,
#12063,#12064,#12065,#12066,#12067,#12068,#12069,#12070,#12071,#12072,#12073,
#12074,#12075,#12076,#12077,#12078,#12079,#12080,#12081,#12082,#12083,#12084));
#12095=MANIFOLD_SOLID_BREP('',#12085);
#12096=MANIFOLD_SOLID_BREP('',#12086);
#12097=MANIFOLD_SOLID_BREP('',#12087);
#12098=MANIFOLD_SOLID_BREP('Boss-Extrude2',#12088);
#12099=MANIFOLD_SOLID_BREP('Boss-Extrude1',#12089);
#12100=MANIFOLD_SOLID_BREP('Fillet1',#12090);
#12101=MANIFOLD_SOLID_BREP('Fillet1',#12091);
#12102=MANIFOLD_SOLID_BREP('Fillet1',#12092);
#12103=MANIFOLD_SOLID_BREP('Fillet1',#12093);
#12104=MANIFOLD_SOLID_BREP('NONE',#12094);
#12105=SHAPE_DEFINITION_REPRESENTATION(#19120,#12117);
#12106=SHAPE_DEFINITION_REPRESENTATION(#19119,#12118);
#12107=SHAPE_DEFINITION_REPRESENTATION(#19123,#12119);
#12108=SHAPE_DEFINITION_REPRESENTATION(#19122,#12120);
#12109=SHAPE_DEFINITION_REPRESENTATION(#19125,#12121);
#12110=SHAPE_DEFINITION_REPRESENTATION(#19130,#12122);
#12111=SHAPE_DEFINITION_REPRESENTATION(#19132,#12123);
#12112=SHAPE_DEFINITION_REPRESENTATION(#19134,#12124);
#12113=SHAPE_DEFINITION_REPRESENTATION(#19136,#12125);
#12114=SHAPE_DEFINITION_REPRESENTATION(#19138,#12126);
#12115=SHAPE_DEFINITION_REPRESENTATION(#19140,#12127);
#12116=SHAPE_DEFINITION_REPRESENTATION(#19142,#12128);
#12117=SHAPE_REPRESENTATION('YP-8_PCB',(#12129),#19093);
#12118=SHAPE_REPRESENTATION('YP-8_L9110S_Module',(#12129,#12316,#12358,
#12359,#12378,#12389,#12474,#12559,#12644,#12729,#12824),#19092);
#12119=SHAPE_REPRESENTATION('1X2_Pin_Holder',(#12129),#19095);
#12120=SHAPE_REPRESENTATION('1X2_DuPont_Male_S',(#12129,#12341,#12356,#12357),
#19094);
#12121=SHAPE_REPRESENTATION('Straight_Pin_M',(#12129),#19096);
#12122=SHAPE_REPRESENTATION('LED_Package_3216',(#12129),#19097);
#12123=SHAPE_REPRESENTATION('Resistor_Package_3216',(#12129),#19098);
#12124=SHAPE_REPRESENTATION('Package_1005_Capacitor',(#12129),#19099);
#12125=SHAPE_REPRESENTATION('Package_1005_Resistor',(#12129),#19100);
#12126=SHAPE_REPRESENTATION('Package_1005_Resistor_mir',(#12129),#19101);
#12127=SHAPE_REPRESENTATION('Package_1005_Capacitor_mir',(#12129),#19102);
#12128=SHAPE_REPRESENTATION('SOT-223 CAD',(#12129),#19103);
#12129=AXIS2_PLACEMENT_3D('',#15172,#12825,#12826);
#12130=AXIS2_PLACEMENT_3D('',#15173,#12827,#12828);
#12131=AXIS2_PLACEMENT_3D('',#15355,#12862,#12863);
#12132=AXIS2_PLACEMENT_3D('',#15357,#12864,#12865);
#12133=AXIS2_PLACEMENT_3D('',#15359,#12866,#12867);
#12134=AXIS2_PLACEMENT_3D('',#15361,#12868,#12869);
#12135=AXIS2_PLACEMENT_3D('',#15863,#12974,#12975);
#12136=AXIS2_PLACEMENT_3D('',#15869,#12979,#12980);
#12137=AXIS2_PLACEMENT_3D('',#15873,#12983,#12984);
#12138=AXIS2_PLACEMENT_3D('',#15877,#12987,#12988);
#12139=AXIS2_PLACEMENT_3D('',#15879,#12990,#12991);
#12140=AXIS2_PLACEMENT_3D('',#15880,#12992,#12993);
#12141=AXIS2_PLACEMENT_3D('',#15882,#12994,#12995);
#12142=AXIS2_PLACEMENT_3D('',#15884,#12996,#12997);
#12143=AXIS2_PLACEMENT_3D('',#15886,#12998,#12999);
#12144=AXIS2_PLACEMENT_3D('',#15888,#13000,#13001);
#12145=AXIS2_PLACEMENT_3D('',#15967,#13006,#13007);
#12146=AXIS2_PLACEMENT_3D('',#16012,#13010,#13011);
#12147=AXIS2_PLACEMENT_3D('',#16014,#13013,#13014);
#12148=AXIS2_PLACEMENT_3D('',#16015,#13015,#13016);
#12149=AXIS2_PLACEMENT_3D('',#16090,#13023,#13024);
#12150=AXIS2_PLACEMENT_3D('',#16093,#13027,#13028);
#12151=AXIS2_PLACEMENT_3D('',#16095,#13030,#13031);
#12152=AXIS2_PLACEMENT_3D('',#16097,#13033,#13034);
#12153=AXIS2_PLACEMENT_3D('',#16099,#13036,#13037);
#12154=AXIS2_PLACEMENT_3D('',#16118,#13040,#13041);
#12155=AXIS2_PLACEMENT_3D('',#16136,#13043,#13044);
#12156=AXIS2_PLACEMENT_3D('',#16157,#13055,#13056);
#12157=AXIS2_PLACEMENT_3D('',#16160,#13059,#13060);
#12158=AXIS2_PLACEMENT_3D('',#16162,#13062,#13063);
#12159=AXIS2_PLACEMENT_3D('',#16164,#13065,#13066);
#12160=AXIS2_PLACEMENT_3D('',#16166,#13068,#13069);
#12161=AXIS2_PLACEMENT_3D('',#16168,#13071,#13072);
#12162=AXIS2_PLACEMENT_3D('',#16170,#13074,#13075);
#12163=AXIS2_PLACEMENT_3D('',#16172,#13077,#13078);
#12164=AXIS2_PLACEMENT_3D('',#16174,#13080,#13081);
#12165=AXIS2_PLACEMENT_3D('',#16176,#13083,#13084);
#12166=AXIS2_PLACEMENT_3D('',#16177,#13085,#13086);
#12167=AXIS2_PLACEMENT_3D('',#16204,#13092,#13093);
#12168=AXIS2_PLACEMENT_3D('',#16207,#13096,#13097);
#12169=AXIS2_PLACEMENT_3D('',#16209,#13099,#13100);
#12170=AXIS2_PLACEMENT_3D('',#16211,#13102,#13103);
#12171=AXIS2_PLACEMENT_3D('',#16231,#13107,#13108);
#12172=AXIS2_PLACEMENT_3D('',#16232,#13109,#13110);
#12173=AXIS2_PLACEMENT_3D('',#16257,#13123,#13124);
#12174=AXIS2_PLACEMENT_3D('',#16260,#13127,#13128);
#12175=AXIS2_PLACEMENT_3D('',#16262,#13130,#13131);
#12176=AXIS2_PLACEMENT_3D('',#16264,#13133,#13134);
#12177=AXIS2_PLACEMENT_3D('',#16266,#13136,#13137);
#12178=AXIS2_PLACEMENT_3D('',#16268,#13139,#13140);
#12179=AXIS2_PLACEMENT_3D('',#16270,#13142,#13143);
#12180=AXIS2_PLACEMENT_3D('',#16272,#13145,#13146);
#12181=AXIS2_PLACEMENT_3D('',#16274,#13148,#13149);
#12182=AXIS2_PLACEMENT_3D('',#16276,#13151,#13152);
#12183=AXIS2_PLACEMENT_3D('',#16278,#13154,#13155);
#12184=AXIS2_PLACEMENT_3D('',#16280,#13157,#13158);
#12185=AXIS2_PLACEMENT_3D('',#16281,#13159,#13160);
#12186=AXIS2_PLACEMENT_3D('',#16302,#13171,#13172);
#12187=AXIS2_PLACEMENT_3D('',#16305,#13175,#13176);
#12188=AXIS2_PLACEMENT_3D('',#16307,#13178,#13179);
#12189=AXIS2_PLACEMENT_3D('',#16309,#13181,#13182);
#12190=AXIS2_PLACEMENT_3D('',#16311,#13184,#13185);
#12191=AXIS2_PLACEMENT_3D('',#16313,#13187,#13188);
#12192=AXIS2_PLACEMENT_3D('',#16315,#13190,#13191);
#12193=AXIS2_PLACEMENT_3D('',#16317,#13193,#13194);
#12194=AXIS2_PLACEMENT_3D('',#16319,#13196,#13197);
#12195=AXIS2_PLACEMENT_3D('',#16321,#13199,#13200);
#12196=AXIS2_PLACEMENT_3D('',#16322,#13201,#13202);
#12197=AXIS2_PLACEMENT_3D('',#16397,#13209,#13210);
#12198=AXIS2_PLACEMENT_3D('',#16400,#13213,#13214);
#12199=AXIS2_PLACEMENT_3D('',#16402,#13216,#13217);
#12200=AXIS2_PLACEMENT_3D('',#16404,#13219,#13220);
#12201=AXIS2_PLACEMENT_3D('',#16406,#13222,#13223);
#12202=AXIS2_PLACEMENT_3D('',#16425,#13226,#13227);
#12203=AXIS2_PLACEMENT_3D('',#16443,#13229,#13230);
#12204=AXIS2_PLACEMENT_3D('',#16452,#13235,#13236);
#12205=AXIS2_PLACEMENT_3D('',#16455,#13239,#13240);
#12206=AXIS2_PLACEMENT_3D('',#16457,#13242,#13243);
#12207=AXIS2_PLACEMENT_3D('',#16459,#13245,#13246);
#12208=AXIS2_PLACEMENT_3D('',#16460,#13247,#13248);
#12209=AXIS2_PLACEMENT_3D('',#16477,#13257,#13258);
#12210=AXIS2_PLACEMENT_3D('',#16480,#13261,#13262);
#12211=AXIS2_PLACEMENT_3D('',#16482,#13264,#13265);
#12212=AXIS2_PLACEMENT_3D('',#16484,#13267,#13268);
#12213=AXIS2_PLACEMENT_3D('',#16486,#13270,#13271);
#12214=AXIS2_PLACEMENT_3D('',#16488,#13273,#13274);
#12215=AXIS2_PLACEMENT_3D('',#16490,#13276,#13277);
#12216=AXIS2_PLACEMENT_3D('',#16492,#13279,#13280);
#12217=AXIS2_PLACEMENT_3D('',#16493,#13281,#13282);
#12218=AXIS2_PLACEMENT_3D('',#16612,#13283,#13284);
#12219=AXIS2_PLACEMENT_3D('',#16613,#13285,#13286);
#12220=AXIS2_PLACEMENT_3D('',#16640,#13292,#13293);
#12221=AXIS2_PLACEMENT_3D('',#16643,#13296,#13297);
#12222=AXIS2_PLACEMENT_3D('',#16645,#13299,#13300);
#12223=AXIS2_PLACEMENT_3D('',#16647,#13302,#13303);
#12224=AXIS2_PLACEMENT_3D('',#16667,#13307,#13308);
#12225=AXIS2_PLACEMENT_3D('',#16668,#13309,#13310);
#12226=AXIS2_PLACEMENT_3D('',#16693,#13323,#13324);
#12227=AXIS2_PLACEMENT_3D('',#16696,#13327,#13328);
#12228=AXIS2_PLACEMENT_3D('',#16698,#13330,#13331);
#12229=AXIS2_PLACEMENT_3D('',#16700,#13333,#13334);
#12230=AXIS2_PLACEMENT_3D('',#16702,#13336,#13337);
#12231=AXIS2_PLACEMENT_3D('',#16704,#13339,#13340);
#12232=AXIS2_PLACEMENT_3D('',#16706,#13342,#13343);
#12233=AXIS2_PLACEMENT_3D('',#16708,#13345,#13346);
#12234=AXIS2_PLACEMENT_3D('',#16710,#13348,#13349);
#12235=AXIS2_PLACEMENT_3D('',#16712,#13351,#13352);
#12236=AXIS2_PLACEMENT_3D('',#16714,#13354,#13355);
#12237=AXIS2_PLACEMENT_3D('',#16716,#13357,#13358);
#12238=AXIS2_PLACEMENT_3D('',#16717,#13359,#13360);
#12239=AXIS2_PLACEMENT_3D('',#16766,#13363,#13364);
#12240=AXIS2_PLACEMENT_3D('',#16788,#13368,#13369);
#12241=AXIS2_PLACEMENT_3D('',#16812,#13371,#13372);
#12242=AXIS2_PLACEMENT_3D('',#16875,#13375,#13376);
#12243=AXIS2_PLACEMENT_3D('',#16892,#13379,#13380);
#12244=AXIS2_PLACEMENT_3D('',#16938,#13384,#13385);
#12245=AXIS2_PLACEMENT_3D('',#16939,#13386,#13387);
#12246=AXIS2_PLACEMENT_3D('',#16948,#13392,#13393);
#12247=AXIS2_PLACEMENT_3D('',#16951,#13396,#13397);
#12248=AXIS2_PLACEMENT_3D('',#16953,#13399,#13400);
#12249=AXIS2_PLACEMENT_3D('',#16955,#13402,#13403);
#12250=AXIS2_PLACEMENT_3D('',#16956,#13404,#13405);
#12251=AXIS2_PLACEMENT_3D('',#16965,#13410,#13411);
#12252=AXIS2_PLACEMENT_3D('',#16968,#13414,#13415);
#12253=AXIS2_PLACEMENT_3D('',#16970,#13417,#13418);
#12254=AXIS2_PLACEMENT_3D('',#16972,#13420,#13421);
#12255=AXIS2_PLACEMENT_3D('',#16973,#13422,#13423);
#12256=AXIS2_PLACEMENT_3D('',#16994,#13434,#13435);
#12257=AXIS2_PLACEMENT_3D('',#16997,#13438,#13439);
#12258=AXIS2_PLACEMENT_3D('',#16999,#13441,#13442);
#12259=AXIS2_PLACEMENT_3D('',#17001,#13444,#13445);
#12260=AXIS2_PLACEMENT_3D('',#17003,#13447,#13448);
#12261=AXIS2_PLACEMENT_3D('',#17005,#13450,#13451);
#12262=AXIS2_PLACEMENT_3D('',#17007,#13453,#13454);
#12263=AXIS2_PLACEMENT_3D('',#17009,#13456,#13457);
#12264=AXIS2_PLACEMENT_3D('',#17011,#13459,#13460);
#12265=AXIS2_PLACEMENT_3D('',#17013,#13462,#13463);
#12266=AXIS2_PLACEMENT_3D('',#17014,#13464,#13465);
#12267=AXIS2_PLACEMENT_3D('',#17015,#13466,#13467);
#12268=AXIS2_PLACEMENT_3D('',#17016,#13468,#13469);
#12269=AXIS2_PLACEMENT_3D('',#17017,#13470,#13471);
#12270=AXIS2_PLACEMENT_3D('',#17018,#13472,#13473);
#12271=AXIS2_PLACEMENT_3D('',#17224,#13476,#13477);
#12272=AXIS2_PLACEMENT_3D('',#17278,#13482,#13483);
#12273=AXIS2_PLACEMENT_3D('',#17281,#13486,#13487);
#12274=AXIS2_PLACEMENT_3D('',#17283,#13489,#13490);
#12275=AXIS2_PLACEMENT_3D('',#17305,#13492,#13493);
#12276=AXIS2_PLACEMENT_3D('',#17351,#13497,#13498);
#12277=AXIS2_PLACEMENT_3D('',#17352,#13499,#13500);
#12278=AXIS2_PLACEMENT_3D('',#17383,#13508,#13509);
#12279=AXIS2_PLACEMENT_3D('',#17386,#13512,#13513);
#12280=AXIS2_PLACEMENT_3D('',#17388,#13515,#13516);
#12281=AXIS2_PLACEMENT_3D('',#17390,#13518,#13519);
#12282=AXIS2_PLACEMENT_3D('',#17392,#13521,#13522);
#12283=AXIS2_PLACEMENT_3D('',#17412,#13526,#13527);
#12284=AXIS2_PLACEMENT_3D('',#17414,#13529,#13530);
#12285=AXIS2_PLACEMENT_3D('',#17415,#13531,#13532);
#12286=AXIS2_PLACEMENT_3D('',#17480,#13535,#13536);
#12287=AXIS2_PLACEMENT_3D('',#17499,#13539,#13540);
#12288=AXIS2_PLACEMENT_3D('',#17546,#13544,#13545);
#12289=AXIS2_PLACEMENT_3D('',#17547,#13546,#13547);
#12290=AXIS2_PLACEMENT_3D('',#17572,#13560,#13561);
#12291=AXIS2_PLACEMENT_3D('',#17575,#13564,#13565);
#12292=AXIS2_PLACEMENT_3D('',#17577,#13567,#13568);
#12293=AXIS2_PLACEMENT_3D('',#17579,#13570,#13571);
#12294=AXIS2_PLACEMENT_3D('',#17581,#13573,#13574);
#12295=AXIS2_PLACEMENT_3D('',#17583,#13576,#13577);
#12296=AXIS2_PLACEMENT_3D('',#17585,#13579,#13580);
#12297=AXIS2_PLACEMENT_3D('',#17587,#13582,#13583);
#12298=AXIS2_PLACEMENT_3D('',#17589,#13585,#13586);
#12299=AXIS2_PLACEMENT_3D('',#17591,#13588,#13589);
#12300=AXIS2_PLACEMENT_3D('',#17593,#13591,#13592);
#12301=AXIS2_PLACEMENT_3D('',#17595,#13594,#13595);
#12302=AXIS2_PLACEMENT_3D('',#17596,#13596,#13597);
#12303=AXIS2_PLACEMENT_3D('',#17609,#13604,#13605);
#12304=AXIS2_PLACEMENT_3D('',#17612,#13608,#13609);
#12305=AXIS2_PLACEMENT_3D('',#17614,#13611,#13612);
#12306=AXIS2_PLACEMENT_3D('',#17616,#13614,#13615);
#12307=AXIS2_PLACEMENT_3D('',#17618,#13617,#13618);
#12308=AXIS2_PLACEMENT_3D('',#17620,#13620,#13621);
#12309=AXIS2_PLACEMENT_3D('',#17621,#13622,#13623);
#12310=AXIS2_PLACEMENT_3D('',#17630,#13628,#13629);
#12311=AXIS2_PLACEMENT_3D('',#17633,#13632,#13633);
#12312=AXIS2_PLACEMENT_3D('',#17635,#13635,#13636);
#12313=AXIS2_PLACEMENT_3D('',#17637,#13638,#13639);
#12314=AXIS2_PLACEMENT_3D('',#17638,#13640,#13641);
#12315=AXIS2_PLACEMENT_3D('',#17639,#13642,#13643);
#12316=AXIS2_PLACEMENT_3D('',#17640,#13644,#13645);
#12317=AXIS2_PLACEMENT_3D('',#17641,#13646,#13647);
#12318=AXIS2_PLACEMENT_3D('',#17650,#13652,#13653);
#12319=AXIS2_PLACEMENT_3D('',#17656,#13657,#13658);
#12320=AXIS2_PLACEMENT_3D('',#17662,#13662,#13663);
#12321=AXIS2_PLACEMENT_3D('',#17671,#13668,#13669);
#12322=AXIS2_PLACEMENT_3D('',#17677,#13673,#13674);
#12323=AXIS2_PLACEMENT_3D('',#17683,#13678,#13679);
#12324=AXIS2_PLACEMENT_3D('',#17689,#13683,#13684);
#12325=AXIS2_PLACEMENT_3D('',#17695,#13688,#13689);
#12326=AXIS2_PLACEMENT_3D('',#17701,#13693,#13694);
#12327=AXIS2_PLACEMENT_3D('',#17707,#13698,#13699);
#12328=AXIS2_PLACEMENT_3D('',#17713,#13703,#13704);
#12329=AXIS2_PLACEMENT_3D('',#17719,#13708,#13709);
#12330=AXIS2_PLACEMENT_3D('',#17725,#13713,#13714);
#12331=AXIS2_PLACEMENT_3D('',#17731,#13718,#13719);
#12332=AXIS2_PLACEMENT_3D('',#17737,#13723,#13724);
#12333=AXIS2_PLACEMENT_3D('',#17743,#13728,#13729);
#12334=AXIS2_PLACEMENT_3D('',#17752,#13734,#13735);
#12335=AXIS2_PLACEMENT_3D('',#17758,#13739,#13740);
#12336=AXIS2_PLACEMENT_3D('',#17764,#13744,#13745);
#12337=AXIS2_PLACEMENT_3D('',#17767,#13748,#13749);
#12338=AXIS2_PLACEMENT_3D('',#17770,#13752,#13753);
#12339=AXIS2_PLACEMENT_3D('',#17773,#13756,#13757);
#12340=AXIS2_PLACEMENT_3D('',#17774,#13758,#13759);
#12341=AXIS2_PLACEMENT_3D('',#17775,#13760,#13761);
#12342=AXIS2_PLACEMENT_3D('',#17776,#13762,#13763);
#12343=AXIS2_PLACEMENT_3D('',#17785,#13768,#13769);
#12344=AXIS2_PLACEMENT_3D('',#17791,#13773,#13774);
#12345=AXIS2_PLACEMENT_3D('',#17797,#13778,#13779);
#12346=AXIS2_PLACEMENT_3D('',#17800,#13782,#13783);
#12347=AXIS2_PLACEMENT_3D('',#17809,#13788,#13789);
#12348=AXIS2_PLACEMENT_3D('',#17818,#13794,#13795);
#12349=AXIS2_PLACEMENT_3D('',#17821,#13798,#13799);
#12350=AXIS2_PLACEMENT_3D('',#17823,#13801,#13802);
#12351=AXIS2_PLACEMENT_3D('',#17825,#13804,#13805);
#12352=AXIS2_PLACEMENT_3D('',#17828,#13808,#13809);
#12353=AXIS2_PLACEMENT_3D('',#17830,#13811,#13812);
#12354=AXIS2_PLACEMENT_3D('',#17832,#13814,#13815);
#12355=AXIS2_PLACEMENT_3D('',#17833,#13816,#13817);
#12356=AXIS2_PLACEMENT_3D('',#17834,#13818,#13819);
#12357=AXIS2_PLACEMENT_3D('',#17835,#13820,#13821);
#12358=AXIS2_PLACEMENT_3D('',#17836,#13822,#13823);
#12359=AXIS2_PLACEMENT_3D('',#17837,#13824,#13825);
#12360=AXIS2_PLACEMENT_3D('',#17838,#13826,#13827);
#12361=AXIS2_PLACEMENT_3D('',#17855,#13836,#13837);
#12362=AXIS2_PLACEMENT_3D('',#17872,#13846,#13847);
#12363=AXIS2_PLACEMENT_3D('',#17875,#13850,#13851);
#12364=AXIS2_PLACEMENT_3D('',#17877,#13853,#13854);
#12365=AXIS2_PLACEMENT_3D('',#17879,#13856,#13857);
#12366=AXIS2_PLACEMENT_3D('',#17882,#13859,#13860);
#12367=AXIS2_PLACEMENT_3D('',#17885,#13862,#13863);
#12368=AXIS2_PLACEMENT_3D('',#17890,#13866,#13867);
#12369=AXIS2_PLACEMENT_3D('',#17891,#13868,#13869);
#12370=AXIS2_PLACEMENT_3D('',#17896,#13873,#13874);
#12371=AXIS2_PLACEMENT_3D('',#17899,#13876,#13877);
#12372=AXIS2_PLACEMENT_3D('',#17902,#13879,#13880);
#12373=AXIS2_PLACEMENT_3D('',#17905,#13882,#13883);
#12374=AXIS2_PLACEMENT_3D('',#17908,#13886,#13887);
#12375=AXIS2_PLACEMENT_3D('',#17909,#13888,#13889);
#12376=AXIS2_PLACEMENT_3D('',#17910,#13890,#13891);
#12377=AXIS2_PLACEMENT_3D('',#17911,#13892,#13893);
#12378=AXIS2_PLACEMENT_3D('',#17912,#13894,#13895);
#12379=AXIS2_PLACEMENT_3D('',#17913,#13896,#13897);
#12380=AXIS2_PLACEMENT_3D('',#17930,#13906,#13907);
#12381=AXIS2_PLACEMENT_3D('',#17947,#13916,#13917);
#12382=AXIS2_PLACEMENT_3D('',#17950,#13920,#13921);
#12383=AXIS2_PLACEMENT_3D('',#17952,#13923,#13924);
#12384=AXIS2_PLACEMENT_3D('',#17954,#13926,#13927);
#12385=AXIS2_PLACEMENT_3D('',#17956,#13929,#13930);
#12386=AXIS2_PLACEMENT_3D('',#17958,#13932,#13933);
#12387=AXIS2_PLACEMENT_3D('',#17961,#13936,#13937);
#12388=AXIS2_PLACEMENT_3D('',#17962,#13938,#13939);
#12389=AXIS2_PLACEMENT_3D('',#17963,#13940,#13941);
#12390=AXIS2_PLACEMENT_3D('',#17964,#13942,#13943);
#12391=AXIS2_PLACEMENT_3D('',#17968,#13945,#13946);
#12392=AXIS2_PLACEMENT_3D('',#17972,#13948,#13949);
#12393=AXIS2_PLACEMENT_3D('',#17976,#13951,#13952);
#12394=AXIS2_PLACEMENT_3D('',#17980,#13954,#13955);
#12395=AXIS2_PLACEMENT_3D('',#17981,#13956,#13957);
#12396=AXIS2_PLACEMENT_3D('',#17986,#13959,#13960);
#12397=AXIS2_PLACEMENT_3D('',#17990,#13962,#13963);
#12398=AXIS2_PLACEMENT_3D('',#17994,#13965,#13966);
#12399=AXIS2_PLACEMENT_3D('',#17997,#13968,#13969);
#12400=AXIS2_PLACEMENT_3D('',#17998,#13970,#13971);
#12401=AXIS2_PLACEMENT_3D('',#18003,#13973,#13974);
#12402=AXIS2_PLACEMENT_3D('',#18006,#13976,#13977);
#12403=AXIS2_PLACEMENT_3D('',#18007,#13978,#13979);
#12404=AXIS2_PLACEMENT_3D('',#18009,#13980,#13981);
#12405=AXIS2_PLACEMENT_3D('',#18010,#13982,#13983);
#12406=AXIS2_PLACEMENT_3D('',#18011,#13984,#13985);
#12407=AXIS2_PLACEMENT_3D('',#18013,#13986,#13987);
#12408=AXIS2_PLACEMENT_3D('',#18014,#13988,#13989);
#12409=AXIS2_PLACEMENT_3D('',#18017,#13992,#13993);
#12410=AXIS2_PLACEMENT_3D('',#18018,#13994,#13995);
#12411=AXIS2_PLACEMENT_3D('',#18023,#13998,#13999);
#12412=AXIS2_PLACEMENT_3D('',#18024,#14000,#14001);
#12413=AXIS2_PLACEMENT_3D('',#18029,#14004,#14005);
#12414=AXIS2_PLACEMENT_3D('',#18032,#14008,#14009);
#12415=AXIS2_PLACEMENT_3D('',#18033,#14010,#14011);
#12416=AXIS2_PLACEMENT_3D('',#18035,#14012,#14013);
#12417=AXIS2_PLACEMENT_3D('',#18036,#14014,#14015);
#12418=AXIS2_PLACEMENT_3D('',#18037,#14016,#14017);
#12419=AXIS2_PLACEMENT_3D('',#18039,#14018,#14019);
#12420=AXIS2_PLACEMENT_3D('',#18040,#14020,#14021);
#12421=AXIS2_PLACEMENT_3D('',#18043,#14024,#14025);
#12422=AXIS2_PLACEMENT_3D('',#18046,#14028,#14029);
#12423=AXIS2_PLACEMENT_3D('',#18049,#14032,#14033);
#12424=AXIS2_PLACEMENT_3D('',#18050,#14034,#14035);
#12425=AXIS2_PLACEMENT_3D('',#18051,#14036,#14037);
#12426=AXIS2_PLACEMENT_3D('',#18052,#14038,#14039);
#12427=AXIS2_PLACEMENT_3D('',#18053,#14040,#14041);
#12428=AXIS2_PLACEMENT_3D('',#18054,#14042,#14043);
#12429=AXIS2_PLACEMENT_3D('',#18055,#14044,#14045);
#12430=AXIS2_PLACEMENT_3D('',#18060,#14047,#14048);
#12431=AXIS2_PLACEMENT_3D('',#18063,#14050,#14051);
#12432=AXIS2_PLACEMENT_3D('',#18064,#14052,#14053);
#12433=AXIS2_PLACEMENT_3D('',#18066,#14054,#14055);
#12434=AXIS2_PLACEMENT_3D('',#18067,#14056,#14057);
#12435=AXIS2_PLACEMENT_3D('',#18068,#14058,#14059);
#12436=AXIS2_PLACEMENT_3D('',#18070,#14060,#14061);
#12437=AXIS2_PLACEMENT_3D('',#18071,#14062,#14063);
#12438=AXIS2_PLACEMENT_3D('',#18072,#14064,#14065);
#12439=AXIS2_PLACEMENT_3D('',#18077,#14068,#14069);
#12440=AXIS2_PLACEMENT_3D('',#18078,#14070,#14071);
#12441=AXIS2_PLACEMENT_3D('',#18083,#14074,#14075);
#12442=AXIS2_PLACEMENT_3D('',#18084,#14076,#14077);
#12443=AXIS2_PLACEMENT_3D('',#18089,#14080,#14081);
#12444=AXIS2_PLACEMENT_3D('',#18090,#14082,#14083);
#12445=AXIS2_PLACEMENT_3D('',#18095,#14086,#14087);
#12446=AXIS2_PLACEMENT_3D('',#18096,#14088,#14089);
#12447=AXIS2_PLACEMENT_3D('',#18098,#14090,#14091);
#12448=AXIS2_PLACEMENT_3D('',#18099,#14092,#14093);
#12449=AXIS2_PLACEMENT_3D('',#18100,#14094,#14095);
#12450=AXIS2_PLACEMENT_3D('',#18102,#14096,#14097);
#12451=AXIS2_PLACEMENT_3D('',#18103,#14098,#14099);
#12452=AXIS2_PLACEMENT_3D('',#18104,#14100,#14101);
#12453=AXIS2_PLACEMENT_3D('',#18109,#14104,#14105);
#12454=AXIS2_PLACEMENT_3D('',#18112,#14108,#14109);
#12455=AXIS2_PLACEMENT_3D('',#18113,#14110,#14111);
#12456=AXIS2_PLACEMENT_3D('',#18118,#14114,#14115);
#12457=AXIS2_PLACEMENT_3D('',#18120,#14117,#14118);
#12458=AXIS2_PLACEMENT_3D('',#18122,#14120,#14121);
#12459=AXIS2_PLACEMENT_3D('',#18124,#14123,#14124);
#12460=AXIS2_PLACEMENT_3D('',#18128,#14126,#14127);
#12461=AXIS2_PLACEMENT_3D('',#18132,#14129,#14130);
#12462=AXIS2_PLACEMENT_3D('',#18136,#14132,#14133);
#12463=AXIS2_PLACEMENT_3D('',#18140,#14135,#14136);
#12464=AXIS2_PLACEMENT_3D('',#18142,#14138,#14139);
#12465=AXIS2_PLACEMENT_3D('',#18143,#14140,#14141);
#12466=AXIS2_PLACEMENT_3D('',#18144,#14142,#14143);
#12467=AXIS2_PLACEMENT_3D('',#18147,#14146,#14147);
#12468=AXIS2_PLACEMENT_3D('',#18149,#14149,#14150);
#12469=AXIS2_PLACEMENT_3D('',#18151,#14152,#14153);
#12470=AXIS2_PLACEMENT_3D('',#18153,#14155,#14156);
#12471=AXIS2_PLACEMENT_3D('',#18155,#14158,#14159);
#12472=AXIS2_PLACEMENT_3D('',#18157,#14161,#14162);
#12473=AXIS2_PLACEMENT_3D('',#18159,#14164,#14165);
#12474=AXIS2_PLACEMENT_3D('',#18160,#14166,#14167);
#12475=AXIS2_PLACEMENT_3D('',#18161,#14168,#14169);
#12476=AXIS2_PLACEMENT_3D('',#18165,#14171,#14172);
#12477=AXIS2_PLACEMENT_3D('',#18169,#14174,#14175);
#12478=AXIS2_PLACEMENT_3D('',#18173,#14177,#14178);
#12479=AXIS2_PLACEMENT_3D('',#18177,#14180,#14181);
#12480=AXIS2_PLACEMENT_3D('',#18178,#14182,#14183);
#12481=AXIS2_PLACEMENT_3D('',#18183,#14185,#14186);
#12482=AXIS2_PLACEMENT_3D('',#18187,#14188,#14189);
#12483=AXIS2_PLACEMENT_3D('',#18191,#14191,#14192);
#12484=AXIS2_PLACEMENT_3D('',#18194,#14194,#14195);
#12485=AXIS2_PLACEMENT_3D('',#18195,#14196,#14197);
#12486=AXIS2_PLACEMENT_3D('',#18200,#14199,#14200);
#12487=AXIS2_PLACEMENT_3D('',#18203,#14202,#14203);
#12488=AXIS2_PLACEMENT_3D('',#18204,#14204,#14205);
#12489=AXIS2_PLACEMENT_3D('',#18206,#14206,#14207);
#12490=AXIS2_PLACEMENT_3D('',#18207,#14208,#14209);
#12491=AXIS2_PLACEMENT_3D('',#18208,#14210,#14211);
#12492=AXIS2_PLACEMENT_3D('',#18210,#14212,#14213);
#12493=AXIS2_PLACEMENT_3D('',#18211,#14214,#14215);
#12494=AXIS2_PLACEMENT_3D('',#18214,#14218,#14219);
#12495=AXIS2_PLACEMENT_3D('',#18215,#14220,#14221);
#12496=AXIS2_PLACEMENT_3D('',#18220,#14224,#14225);
#12497=AXIS2_PLACEMENT_3D('',#18221,#14226,#14227);
#12498=AXIS2_PLACEMENT_3D('',#18226,#14230,#14231);
#12499=AXIS2_PLACEMENT_3D('',#18229,#14234,#14235);
#12500=AXIS2_PLACEMENT_3D('',#18230,#14236,#14237);
#12501=AXIS2_PLACEMENT_3D('',#18232,#14238,#14239);
#12502=AXIS2_PLACEMENT_3D('',#18233,#14240,#14241);
#12503=AXIS2_PLACEMENT_3D('',#18234,#14242,#14243);
#12504=AXIS2_PLACEMENT_3D('',#18236,#14244,#14245);
#12505=AXIS2_PLACEMENT_3D('',#18237,#14246,#14247);
#12506=AXIS2_PLACEMENT_3D('',#18240,#14250,#14251);
#12507=AXIS2_PLACEMENT_3D('',#18243,#14254,#14255);
#12508=AXIS2_PLACEMENT_3D('',#18246,#14258,#14259);
#12509=AXIS2_PLACEMENT_3D('',#18247,#14260,#14261);
#12510=AXIS2_PLACEMENT_3D('',#18248,#14262,#14263);
#12511=AXIS2_PLACEMENT_3D('',#18249,#14264,#14265);
#12512=AXIS2_PLACEMENT_3D('',#18250,#14266,#14267);
#12513=AXIS2_PLACEMENT_3D('',#18251,#14268,#14269);
#12514=AXIS2_PLACEMENT_3D('',#18252,#14270,#14271);
#12515=AXIS2_PLACEMENT_3D('',#18257,#14273,#14274);
#12516=AXIS2_PLACEMENT_3D('',#18260,#14276,#14277);
#12517=AXIS2_PLACEMENT_3D('',#18261,#14278,#14279);
#12518=AXIS2_PLACEMENT_3D('',#18263,#14280,#14281);
#12519=AXIS2_PLACEMENT_3D('',#18264,#14282,#14283);
#12520=AXIS2_PLACEMENT_3D('',#18265,#14284,#14285);
#12521=AXIS2_PLACEMENT_3D('',#18267,#14286,#14287);
#12522=AXIS2_PLACEMENT_3D('',#18268,#14288,#14289);
#12523=AXIS2_PLACEMENT_3D('',#18269,#14290,#14291);
#12524=AXIS2_PLACEMENT_3D('',#18274,#14294,#14295);
#12525=AXIS2_PLACEMENT_3D('',#18275,#14296,#14297);
#12526=AXIS2_PLACEMENT_3D('',#18280,#14300,#14301);
#12527=AXIS2_PLACEMENT_3D('',#18281,#14302,#14303);
#12528=AXIS2_PLACEMENT_3D('',#18286,#14306,#14307);
#12529=AXIS2_PLACEMENT_3D('',#18287,#14308,#14309);
#12530=AXIS2_PLACEMENT_3D('',#18292,#14312,#14313);
#12531=AXIS2_PLACEMENT_3D('',#18293,#14314,#14315);
#12532=AXIS2_PLACEMENT_3D('',#18295,#14316,#14317);
#12533=AXIS2_PLACEMENT_3D('',#18296,#14318,#14319);
#12534=AXIS2_PLACEMENT_3D('',#18297,#14320,#14321);
#12535=AXIS2_PLACEMENT_3D('',#18299,#14322,#14323);
#12536=AXIS2_PLACEMENT_3D('',#18300,#14324,#14325);
#12537=AXIS2_PLACEMENT_3D('',#18301,#14326,#14327);
#12538=AXIS2_PLACEMENT_3D('',#18306,#14330,#14331);
#12539=AXIS2_PLACEMENT_3D('',#18309,#14334,#14335);
#12540=AXIS2_PLACEMENT_3D('',#18310,#14336,#14337);
#12541=AXIS2_PLACEMENT_3D('',#18315,#14340,#14341);
#12542=AXIS2_PLACEMENT_3D('',#18317,#14343,#14344);
#12543=AXIS2_PLACEMENT_3D('',#18319,#14346,#14347);
#12544=AXIS2_PLACEMENT_3D('',#18321,#14349,#14350);
#12545=AXIS2_PLACEMENT_3D('',#18325,#14352,#14353);
#12546=AXIS2_PLACEMENT_3D('',#18329,#14355,#14356);
#12547=AXIS2_PLACEMENT_3D('',#18333,#14358,#14359);
#12548=AXIS2_PLACEMENT_3D('',#18337,#14361,#14362);
#12549=AXIS2_PLACEMENT_3D('',#18339,#14364,#14365);
#12550=AXIS2_PLACEMENT_3D('',#18340,#14366,#14367);
#12551=AXIS2_PLACEMENT_3D('',#18341,#14368,#14369);
#12552=AXIS2_PLACEMENT_3D('',#18344,#14372,#14373);
#12553=AXIS2_PLACEMENT_3D('',#18346,#14375,#14376);
#12554=AXIS2_PLACEMENT_3D('',#18348,#14378,#14379);
#12555=AXIS2_PLACEMENT_3D('',#18350,#14381,#14382);
#12556=AXIS2_PLACEMENT_3D('',#18352,#14384,#14385);
#12557=AXIS2_PLACEMENT_3D('',#18354,#14387,#14388);
#12558=AXIS2_PLACEMENT_3D('',#18356,#14390,#14391);
#12559=AXIS2_PLACEMENT_3D('',#18357,#14392,#14393);
#12560=AXIS2_PLACEMENT_3D('',#18358,#14394,#14395);
#12561=AXIS2_PLACEMENT_3D('',#18362,#14397,#14398);
#12562=AXIS2_PLACEMENT_3D('',#18366,#14400,#14401);
#12563=AXIS2_PLACEMENT_3D('',#18370,#14403,#14404);
#12564=AXIS2_PLACEMENT_3D('',#18374,#14406,#14407);
#12565=AXIS2_PLACEMENT_3D('',#18375,#14408,#14409);
#12566=AXIS2_PLACEMENT_3D('',#18380,#14411,#14412);
#12567=AXIS2_PLACEMENT_3D('',#18384,#14414,#14415);
#12568=AXIS2_PLACEMENT_3D('',#18388,#14417,#14418);
#12569=AXIS2_PLACEMENT_3D('',#18391,#14420,#14421);
#12570=AXIS2_PLACEMENT_3D('',#18392,#14422,#14423);
#12571=AXIS2_PLACEMENT_3D('',#18397,#14425,#14426);
#12572=AXIS2_PLACEMENT_3D('',#18400,#14428,#14429);
#12573=AXIS2_PLACEMENT_3D('',#18401,#14430,#14431);
#12574=AXIS2_PLACEMENT_3D('',#18403,#14432,#14433);
#12575=AXIS2_PLACEMENT_3D('',#18404,#14434,#14435);
#12576=AXIS2_PLACEMENT_3D('',#18405,#14436,#14437);
#12577=AXIS2_PLACEMENT_3D('',#18407,#14438,#14439);
#12578=AXIS2_PLACEMENT_3D('',#18408,#14440,#14441);
#12579=AXIS2_PLACEMENT_3D('',#18411,#14444,#14445);
#12580=AXIS2_PLACEMENT_3D('',#18412,#14446,#14447);
#12581=AXIS2_PLACEMENT_3D('',#18417,#14450,#14451);
#12582=AXIS2_PLACEMENT_3D('',#18418,#14452,#14453);
#12583=AXIS2_PLACEMENT_3D('',#18423,#14456,#14457);
#12584=AXIS2_PLACEMENT_3D('',#18426,#14460,#14461);
#12585=AXIS2_PLACEMENT_3D('',#18427,#14462,#14463);
#12586=AXIS2_PLACEMENT_3D('',#18429,#14464,#14465);
#12587=AXIS2_PLACEMENT_3D('',#18430,#14466,#14467);
#12588=AXIS2_PLACEMENT_3D('',#18431,#14468,#14469);
#12589=AXIS2_PLACEMENT_3D('',#18433,#14470,#14471);
#12590=AXIS2_PLACEMENT_3D('',#18434,#14472,#14473);
#12591=AXIS2_PLACEMENT_3D('',#18437,#14476,#14477);
#12592=AXIS2_PLACEMENT_3D('',#18440,#14480,#14481);
#12593=AXIS2_PLACEMENT_3D('',#18443,#14484,#14485);
#12594=AXIS2_PLACEMENT_3D('',#18444,#14486,#14487);
#12595=AXIS2_PLACEMENT_3D('',#18445,#14488,#14489);
#12596=AXIS2_PLACEMENT_3D('',#18446,#14490,#14491);
#12597=AXIS2_PLACEMENT_3D('',#18447,#14492,#14493);
#12598=AXIS2_PLACEMENT_3D('',#18448,#14494,#14495);
#12599=AXIS2_PLACEMENT_3D('',#18449,#14496,#14497);
#12600=AXIS2_PLACEMENT_3D('',#18454,#14499,#14500);
#12601=AXIS2_PLACEMENT_3D('',#18457,#14502,#14503);
#12602=AXIS2_PLACEMENT_3D('',#18458,#14504,#14505);
#12603=AXIS2_PLACEMENT_3D('',#18460,#14506,#14507);
#12604=AXIS2_PLACEMENT_3D('',#18461,#14508,#14509);
#12605=AXIS2_PLACEMENT_3D('',#18462,#14510,#14511);
#12606=AXIS2_PLACEMENT_3D('',#18464,#14512,#14513);
#12607=AXIS2_PLACEMENT_3D('',#18465,#14514,#14515);
#12608=AXIS2_PLACEMENT_3D('',#18466,#14516,#14517);
#12609=AXIS2_PLACEMENT_3D('',#18471,#14520,#14521);
#12610=AXIS2_PLACEMENT_3D('',#18472,#14522,#14523);
#12611=AXIS2_PLACEMENT_3D('',#18477,#14526,#14527);
#12612=AXIS2_PLACEMENT_3D('',#18478,#14528,#14529);
#12613=AXIS2_PLACEMENT_3D('',#18483,#14532,#14533);
#12614=AXIS2_PLACEMENT_3D('',#18484,#14534,#14535);
#12615=AXIS2_PLACEMENT_3D('',#18489,#14538,#14539);
#12616=AXIS2_PLACEMENT_3D('',#18490,#14540,#14541);
#12617=AXIS2_PLACEMENT_3D('',#18492,#14542,#14543);
#12618=AXIS2_PLACEMENT_3D('',#18493,#14544,#14545);
#12619=AXIS2_PLACEMENT_3D('',#18494,#14546,#14547);
#12620=AXIS2_PLACEMENT_3D('',#18496,#14548,#14549);
#12621=AXIS2_PLACEMENT_3D('',#18497,#14550,#14551);
#12622=AXIS2_PLACEMENT_3D('',#18498,#14552,#14553);
#12623=AXIS2_PLACEMENT_3D('',#18503,#14556,#14557);
#12624=AXIS2_PLACEMENT_3D('',#18506,#14560,#14561);
#12625=AXIS2_PLACEMENT_3D('',#18507,#14562,#14563);
#12626=AXIS2_PLACEMENT_3D('',#18512,#14566,#14567);
#12627=AXIS2_PLACEMENT_3D('',#18514,#14569,#14570);
#12628=AXIS2_PLACEMENT_3D('',#18516,#14572,#14573);
#12629=AXIS2_PLACEMENT_3D('',#18518,#14575,#14576);
#12630=AXIS2_PLACEMENT_3D('',#18522,#14578,#14579);
#12631=AXIS2_PLACEMENT_3D('',#18526,#14581,#14582);
#12632=AXIS2_PLACEMENT_3D('',#18530,#14584,#14585);
#12633=AXIS2_PLACEMENT_3D('',#18534,#14587,#14588);
#12634=AXIS2_PLACEMENT_3D('',#18536,#14590,#14591);
#12635=AXIS2_PLACEMENT_3D('',#18537,#14592,#14593);
#12636=AXIS2_PLACEMENT_3D('',#18538,#14594,#14595);
#12637=AXIS2_PLACEMENT_3D('',#18541,#14598,#14599);
#12638=AXIS2_PLACEMENT_3D('',#18543,#14601,#14602);
#12639=AXIS2_PLACEMENT_3D('',#18545,#14604,#14605);
#12640=AXIS2_PLACEMENT_3D('',#18547,#14607,#14608);
#12641=AXIS2_PLACEMENT_3D('',#18549,#14610,#14611);
#12642=AXIS2_PLACEMENT_3D('',#18551,#14613,#14614);
#12643=AXIS2_PLACEMENT_3D('',#18553,#14616,#14617);
#12644=AXIS2_PLACEMENT_3D('',#18554,#14618,#14619);
#12645=AXIS2_PLACEMENT_3D('',#18555,#14620,#14621);
#12646=AXIS2_PLACEMENT_3D('',#18559,#14623,#14624);
#12647=AXIS2_PLACEMENT_3D('',#18563,#14626,#14627);
#12648=AXIS2_PLACEMENT_3D('',#18567,#14629,#14630);
#12649=AXIS2_PLACEMENT_3D('',#18571,#14632,#14633);
#12650=AXIS2_PLACEMENT_3D('',#18572,#14634,#14635);
#12651=AXIS2_PLACEMENT_3D('',#18577,#14637,#14638);
#12652=AXIS2_PLACEMENT_3D('',#18581,#14640,#14641);
#12653=AXIS2_PLACEMENT_3D('',#18585,#14643,#14644);
#12654=AXIS2_PLACEMENT_3D('',#18588,#14646,#14647);
#12655=AXIS2_PLACEMENT_3D('',#18589,#14648,#14649);
#12656=AXIS2_PLACEMENT_3D('',#18594,#14651,#14652);
#12657=AXIS2_PLACEMENT_3D('',#18597,#14654,#14655);
#12658=AXIS2_PLACEMENT_3D('',#18598,#14656,#14657);
#12659=AXIS2_PLACEMENT_3D('',#18600,#14658,#14659);
#12660=AXIS2_PLACEMENT_3D('',#18601,#14660,#14661);
#12661=AXIS2_PLACEMENT_3D('',#18602,#14662,#14663);
#12662=AXIS2_PLACEMENT_3D('',#18604,#14664,#14665);
#12663=AXIS2_PLACEMENT_3D('',#18605,#14666,#14667);
#12664=AXIS2_PLACEMENT_3D('',#18608,#14670,#14671);
#12665=AXIS2_PLACEMENT_3D('',#18609,#14672,#14673);
#12666=AXIS2_PLACEMENT_3D('',#18614,#14676,#14677);
#12667=AXIS2_PLACEMENT_3D('',#18615,#14678,#14679);
#12668=AXIS2_PLACEMENT_3D('',#18620,#14682,#14683);
#12669=AXIS2_PLACEMENT_3D('',#18623,#14686,#14687);
#12670=AXIS2_PLACEMENT_3D('',#18624,#14688,#14689);
#12671=AXIS2_PLACEMENT_3D('',#18626,#14690,#14691);
#12672=AXIS2_PLACEMENT_3D('',#18627,#14692,#14693);
#12673=AXIS2_PLACEMENT_3D('',#18628,#14694,#14695);
#12674=AXIS2_PLACEMENT_3D('',#18630,#14696,#14697);
#12675=AXIS2_PLACEMENT_3D('',#18631,#14698,#14699);
#12676=AXIS2_PLACEMENT_3D('',#18634,#14702,#14703);
#12677=AXIS2_PLACEMENT_3D('',#18637,#14706,#14707);
#12678=AXIS2_PLACEMENT_3D('',#18640,#14710,#14711);
#12679=AXIS2_PLACEMENT_3D('',#18641,#14712,#14713);
#12680=AXIS2_PLACEMENT_3D('',#18642,#14714,#14715);
#12681=AXIS2_PLACEMENT_3D('',#18643,#14716,#14717);
#12682=AXIS2_PLACEMENT_3D('',#18644,#14718,#14719);
#12683=AXIS2_PLACEMENT_3D('',#18645,#14720,#14721);
#12684=AXIS2_PLACEMENT_3D('',#18646,#14722,#14723);
#12685=AXIS2_PLACEMENT_3D('',#18651,#14725,#14726);
#12686=AXIS2_PLACEMENT_3D('',#18654,#14728,#14729);
#12687=AXIS2_PLACEMENT_3D('',#18655,#14730,#14731);
#12688=AXIS2_PLACEMENT_3D('',#18657,#14732,#14733);
#12689=AXIS2_PLACEMENT_3D('',#18658,#14734,#14735);
#12690=AXIS2_PLACEMENT_3D('',#18659,#14736,#14737);
#12691=AXIS2_PLACEMENT_3D('',#18661,#14738,#14739);
#12692=AXIS2_PLACEMENT_3D('',#18662,#14740,#14741);
#12693=AXIS2_PLACEMENT_3D('',#18663,#14742,#14743);
#12694=AXIS2_PLACEMENT_3D('',#18668,#14746,#14747);
#12695=AXIS2_PLACEMENT_3D('',#18669,#14748,#14749);
#12696=AXIS2_PLACEMENT_3D('',#18674,#14752,#14753);
#12697=AXIS2_PLACEMENT_3D('',#18675,#14754,#14755);
#12698=AXIS2_PLACEMENT_3D('',#18680,#14758,#14759);
#12699=AXIS2_PLACEMENT_3D('',#18681,#14760,#14761);
#12700=AXIS2_PLACEMENT_3D('',#18686,#14764,#14765);
#12701=AXIS2_PLACEMENT_3D('',#18687,#14766,#14767);
#12702=AXIS2_PLACEMENT_3D('',#18689,#14768,#14769);
#12703=AXIS2_PLACEMENT_3D('',#18690,#14770,#14771);
#12704=AXIS2_PLACEMENT_3D('',#18691,#14772,#14773);
#12705=AXIS2_PLACEMENT_3D('',#18693,#14774,#14775);
#12706=AXIS2_PLACEMENT_3D('',#18694,#14776,#14777);
#12707=AXIS2_PLACEMENT_3D('',#18695,#14778,#14779);
#12708=AXIS2_PLACEMENT_3D('',#18700,#14782,#14783);
#12709=AXIS2_PLACEMENT_3D('',#18703,#14786,#14787);
#12710=AXIS2_PLACEMENT_3D('',#18704,#14788,#14789);
#12711=AXIS2_PLACEMENT_3D('',#18709,#14792,#14793);
#12712=AXIS2_PLACEMENT_3D('',#18711,#14795,#14796);
#12713=AXIS2_PLACEMENT_3D('',#18713,#14798,#14799);
#12714=AXIS2_PLACEMENT_3D('',#18715,#14801,#14802);
#12715=AXIS2_PLACEMENT_3D('',#18719,#14804,#14805);
#12716=AXIS2_PLACEMENT_3D('',#18723,#14807,#14808);
#12717=AXIS2_PLACEMENT_3D('',#18727,#14810,#14811);
#12718=AXIS2_PLACEMENT_3D('',#18731,#14813,#14814);
#12719=AXIS2_PLACEMENT_3D('',#18733,#14816,#14817);
#12720=AXIS2_PLACEMENT_3D('',#18734,#14818,#14819);
#12721=AXIS2_PLACEMENT_3D('',#18735,#14820,#14821);
#12722=AXIS2_PLACEMENT_3D('',#18738,#14824,#14825);
#12723=AXIS2_PLACEMENT_3D('',#18740,#14827,#14828);
#12724=AXIS2_PLACEMENT_3D('',#18742,#14830,#14831);
#12725=AXIS2_PLACEMENT_3D('',#18744,#14833,#14834);
#12726=AXIS2_PLACEMENT_3D('',#18746,#14836,#14837);
#12727=AXIS2_PLACEMENT_3D('',#18748,#14839,#14840);
#12728=AXIS2_PLACEMENT_3D('',#18750,#14842,#14843);
#12729=AXIS2_PLACEMENT_3D('',#18751,#14844,#14845);
#12730=AXIS2_PLACEMENT_3D('',#18752,#14846,#14847);
#12731=AXIS2_PLACEMENT_3D('',#18761,#14852,#14853);
#12732=AXIS2_PLACEMENT_3D('',#18775,#14861,#14862);
#12733=AXIS2_PLACEMENT_3D('',#18779,#14865,#14866);
#12734=AXIS2_PLACEMENT_3D('',#18807,#14881,#14882);
#12735=AXIS2_PLACEMENT_3D('',#18809,#14884,#14885);
#12736=AXIS2_PLACEMENT_3D('',#18816,#14890,#14891);
#12737=AXIS2_PLACEMENT_3D('',#18820,#14894,#14895);
#12738=AXIS2_PLACEMENT_3D('',#18827,#14901,#14902);
#12739=AXIS2_PLACEMENT_3D('',#18829,#14904,#14905);
#12740=AXIS2_PLACEMENT_3D('',#18830,#14906,#14907);
#12741=AXIS2_PLACEMENT_3D('',#18836,#14911,#14912);
#12742=AXIS2_PLACEMENT_3D('',#18845,#14917,#14918);
#12743=AXIS2_PLACEMENT_3D('',#18851,#14922,#14923);
#12744=AXIS2_PLACEMENT_3D('',#18857,#14927,#14928);
#12745=AXIS2_PLACEMENT_3D('',#18858,#14929,#14930);
#12746=AXIS2_PLACEMENT_3D('',#18860,#14931,#14932);
#12747=AXIS2_PLACEMENT_3D('',#18863,#14934,#14935);
#12748=AXIS2_PLACEMENT_3D('',#18869,#14939,#14940);
#12749=AXIS2_PLACEMENT_3D('',#18870,#14941,#14942);
#12750=AXIS2_PLACEMENT_3D('',#18874,#14944,#14945);
#12751=AXIS2_PLACEMENT_3D('',#18875,#14946,#14947);
#12752=AXIS2_PLACEMENT_3D('',#18878,#14950,#14951);
#12753=AXIS2_PLACEMENT_3D('',#18882,#14953,#14954);
#12754=AXIS2_PLACEMENT_3D('',#18883,#14955,#14956);
#12755=AXIS2_PLACEMENT_3D('',#18884,#14957,#14958);
#12756=AXIS2_PLACEMENT_3D('',#18885,#14959,#14960);
#12757=AXIS2_PLACEMENT_3D('',#18888,#14962,#14963);
#12758=AXIS2_PLACEMENT_3D('',#18889,#14964,#14965);
#12759=AXIS2_PLACEMENT_3D('',#18892,#14967,#14968);
#12760=AXIS2_PLACEMENT_3D('',#18894,#14970,#14971);
#12761=AXIS2_PLACEMENT_3D('',#18895,#14972,#14973);
#12762=AXIS2_PLACEMENT_3D('',#18901,#14977,#14978);
#12763=AXIS2_PLACEMENT_3D('',#18910,#14983,#14984);
#12764=AXIS2_PLACEMENT_3D('',#18916,#14988,#14989);
#12765=AXIS2_PLACEMENT_3D('',#18922,#14993,#14994);
#12766=AXIS2_PLACEMENT_3D('',#18923,#14995,#14996);
#12767=AXIS2_PLACEMENT_3D('',#18925,#14997,#14998);
#12768=AXIS2_PLACEMENT_3D('',#18928,#15000,#15001);
#12769=AXIS2_PLACEMENT_3D('',#18934,#15005,#15006);
#12770=AXIS2_PLACEMENT_3D('',#18935,#15007,#15008);
#12771=AXIS2_PLACEMENT_3D('',#18939,#15010,#15011);
#12772=AXIS2_PLACEMENT_3D('',#18940,#15012,#15013);
#12773=AXIS2_PLACEMENT_3D('',#18943,#15016,#15017);
#12774=AXIS2_PLACEMENT_3D('',#18947,#15019,#15020);
#12775=AXIS2_PLACEMENT_3D('',#18948,#15021,#15022);
#12776=AXIS2_PLACEMENT_3D('',#18949,#15023,#15024);
#12777=AXIS2_PLACEMENT_3D('',#18950,#15025,#15026);
#12778=AXIS2_PLACEMENT_3D('',#18953,#15028,#15029);
#12779=AXIS2_PLACEMENT_3D('',#18954,#15030,#15031);
#12780=AXIS2_PLACEMENT_3D('',#18957,#15033,#15034);
#12781=AXIS2_PLACEMENT_3D('',#18959,#15036,#15037);
#12782=AXIS2_PLACEMENT_3D('',#18960,#15038,#15039);
#12783=AXIS2_PLACEMENT_3D('',#18966,#15043,#15044);
#12784=AXIS2_PLACEMENT_3D('',#18975,#15049,#15050);
#12785=AXIS2_PLACEMENT_3D('',#18981,#15054,#15055);
#12786=AXIS2_PLACEMENT_3D('',#18987,#15059,#15060);
#12787=AXIS2_PLACEMENT_3D('',#18988,#15061,#15062);
#12788=AXIS2_PLACEMENT_3D('',#18990,#15063,#15064);
#12789=AXIS2_PLACEMENT_3D('',#18993,#15066,#15067);
#12790=AXIS2_PLACEMENT_3D('',#18999,#15071,#15072);
#12791=AXIS2_PLACEMENT_3D('',#19000,#15073,#15074);
#12792=AXIS2_PLACEMENT_3D('',#19004,#15076,#15077);
#12793=AXIS2_PLACEMENT_3D('',#19005,#15078,#15079);
#12794=AXIS2_PLACEMENT_3D('',#19008,#15082,#15083);
#12795=AXIS2_PLACEMENT_3D('',#19012,#15085,#15086);
#12796=AXIS2_PLACEMENT_3D('',#19013,#15087,#15088);
#12797=AXIS2_PLACEMENT_3D('',#19014,#15089,#15090);
#12798=AXIS2_PLACEMENT_3D('',#19015,#15091,#15092);
#12799=AXIS2_PLACEMENT_3D('',#19018,#15094,#15095);
#12800=AXIS2_PLACEMENT_3D('',#19019,#15096,#15097);
#12801=AXIS2_PLACEMENT_3D('',#19022,#15099,#15100);
#12802=AXIS2_PLACEMENT_3D('',#19024,#15102,#15103);
#12803=AXIS2_PLACEMENT_3D('',#19025,#15104,#15105);
#12804=AXIS2_PLACEMENT_3D('',#19034,#15110,#15111);
#12805=AXIS2_PLACEMENT_3D('',#19038,#15113,#15114);
#12806=AXIS2_PLACEMENT_3D('',#19039,#15115,#15116);
#12807=AXIS2_PLACEMENT_3D('',#19040,#15117,#15118);
#12808=AXIS2_PLACEMENT_3D('',#19041,#15119,#15120);
#12809=AXIS2_PLACEMENT_3D('',#19043,#15121,#15122);
#12810=AXIS2_PLACEMENT_3D('',#19046,#15124,#15125);
#12811=AXIS2_PLACEMENT_3D('',#19049,#15128,#15129);
#12812=AXIS2_PLACEMENT_3D('',#19055,#15133,#15134);
#12813=AXIS2_PLACEMENT_3D('',#19061,#15138,#15139);
#12814=AXIS2_PLACEMENT_3D('',#19067,#15143,#15144);
#12815=AXIS2_PLACEMENT_3D('',#19073,#15148,#15149);
#12816=AXIS2_PLACEMENT_3D('',#19074,#15150,#15151);
#12817=AXIS2_PLACEMENT_3D('',#19078,#15153,#15154);
#12818=AXIS2_PLACEMENT_3D('',#19079,#15155,#15156);
#12819=AXIS2_PLACEMENT_3D('',#19082,#15158,#15159);
#12820=AXIS2_PLACEMENT_3D('',#19083,#15160,#15161);
#12821=AXIS2_PLACEMENT_3D('',#19084,#15162,#15163);
#12822=AXIS2_PLACEMENT_3D('',#19087,#15165,#15166);
#12823=AXIS2_PLACEMENT_3D('',#19089,#15168,#15169);
#12824=AXIS2_PLACEMENT_3D('',#19090,#15170,#15171);
#12825=DIRECTION('',(0.,0.,1.));
#12826=DIRECTION('',(1.,0.,0.));
#12827=DIRECTION('',(0.,0.,1.));
#12828=DIRECTION('',(1.,0.,0.));
#12829=DIRECTION('',(-1.,-2.77555756156289E-17,0.));
#12830=DIRECTION('',(-2.77555756156289E-17,1.,0.));
#12831=DIRECTION('',(1.,2.77555756156289E-17,0.));
#12832=DIRECTION('',(2.77555756156289E-17,-1.,0.));
#12833=DIRECTION('',(-2.77555756156289E-17,1.,0.));
#12834=DIRECTION('',(1.,2.77555756156289E-17,0.));
#12835=DIRECTION('',(2.77555756156289E-17,-1.,0.));
#12836=DIRECTION('',(-1.,-2.77555756156289E-17,0.));
#12837=DIRECTION('',(-2.77555756156289E-17,1.,0.));
#12838=DIRECTION('',(-1.,-2.77555756156289E-17,0.));
#12839=DIRECTION('',(-2.77555756156289E-17,1.,0.));
#12840=DIRECTION('',(1.,2.77555756156289E-17,0.));
#12841=DIRECTION('',(2.77555756156289E-17,-1.,0.));
#12842=DIRECTION('',(-1.,-2.77555756156289E-17,0.));
#12843=DIRECTION('',(-2.77555756156289E-17,1.,0.));
#12844=DIRECTION('',(1.,2.77555756156289E-17,0.));
#12845=DIRECTION('',(-2.77555756156289E-17,1.,0.));
#12846=DIRECTION('',(-1.,-2.77555756156289E-17,0.));
#12847=DIRECTION('',(-2.77555756156289E-17,1.,0.));
#12848=DIRECTION('',(1.,2.77555756156289E-17,0.));
#12849=DIRECTION('',(-2.77555756156289E-17,1.,0.));
#12850=DIRECTION('',(-1.,-2.77555756156289E-17,0.));
#12851=DIRECTION('',(2.77555756156289E-17,-1.,0.));
#12852=DIRECTION('',(-1.,-2.77555756156289E-17,0.));
#12853=DIRECTION('',(-2.77555756156289E-17,1.,0.));
#12854=DIRECTION('',(1.,2.77555756156289E-17,0.));
#12855=DIRECTION('',(0.831607331813763,0.555364065882547,0.));
#12856=DIRECTION('',(2.77555756156289E-17,-1.,0.));
#12857=DIRECTION('',(2.77555756156289E-17,-1.,0.));
#12858=DIRECTION('',(-0.823182181643835,0.567777329438308,0.));
#12859=DIRECTION('',(-1.,-2.77555756156289E-17,0.));
#12860=DIRECTION('',(-2.77555756156289E-17,1.,0.));
#12861=DIRECTION('',(1.,2.77555756156289E-17,0.));
#12862=DIRECTION('',(0.,0.,1.));
#12863=DIRECTION('',(6.69777403852049E-17,1.,0.));
#12864=DIRECTION('',(0.,0.,1.));
#12865=DIRECTION('',(6.69777403852049E-17,1.,0.));
#12866=DIRECTION('',(0.,0.,1.));
#12867=DIRECTION('',(6.69777403852049E-17,1.,0.));
#12868=DIRECTION('',(0.,0.,1.));
#12869=DIRECTION('',(6.69777403852049E-17,1.,0.));
#12870=DIRECTION('',(-6.69777403852049E-17,-1.,0.));
#12871=DIRECTION('',(1.,-6.69777403852049E-17,0.));
#12872=DIRECTION('',(-6.69777403852049E-17,-1.,0.));
#12873=DIRECTION('',(-1.,6.69777403852049E-17,0.));
#12874=DIRECTION('',(-6.69777403852049E-17,-1.,0.));
#12875=DIRECTION('',(-1.,6.69777403852049E-17,0.));
#12876=DIRECTION('',(6.69777403852049E-17,1.,0.));
#12877=DIRECTION('',(1.,-6.69777403852049E-17,0.));
#12878=DIRECTION('',(6.69777403852049E-17,1.,0.));
#12879=DIRECTION('',(1.,-6.69777403852049E-17,0.));
#12880=DIRECTION('',(-6.69777403852049E-17,-1.,0.));
#12881=DIRECTION('',(-1.,6.69777403852049E-17,0.));
#12882=DIRECTION('',(-1.,6.69777403852049E-17,0.));
#12883=DIRECTION('',(-6.69777403852049E-17,-1.,0.));
#12884=DIRECTION('',(-1.,6.69777403852049E-17,0.));
#12885=DIRECTION('',(6.69777403852049E-17,1.,0.));
#12886=DIRECTION('',(1.,-6.69777403852049E-17,0.));
#12887=DIRECTION('',(0.26540825759727,-0.964136119435,0.));
#12888=DIRECTION('',(-0.831616341796565,-0.555350574013297,0.));
#12889=DIRECTION('',(1.,-6.69777403852049E-17,0.));
#12890=DIRECTION('',(-6.69777403852049E-17,-1.,0.));
#12891=DIRECTION('',(-1.,6.69777403852049E-17,0.));
#12892=DIRECTION('',(6.69777403852049E-17,1.,0.));
#12893=DIRECTION('',(0.831616341796565,0.555350574013298,0.));
#12894=DIRECTION('',(-1.,6.69777403852049E-17,0.));
#12895=DIRECTION('',(6.69777403852049E-17,1.,0.));
#12896=DIRECTION('',(1.,-6.69777403852049E-17,0.));
#12897=DIRECTION('',(-6.69777403852049E-17,-1.,0.));
#12898=DIRECTION('',(-6.69777403852049E-17,-1.,0.));
#12899=DIRECTION('',(1.,-6.69777403852049E-17,0.));
#12900=DIRECTION('',(-6.69777403852049E-17,-1.,0.));
#12901=DIRECTION('',(-1.,6.69777403852049E-17,0.));
#12902=DIRECTION('',(-6.69777403852049E-17,-1.,0.));
#12903=DIRECTION('',(-1.,6.69777403852049E-17,0.));
#12904=DIRECTION('',(6.69777403852049E-17,1.,0.));
#12905=DIRECTION('',(-1.,6.69777403852049E-17,0.));
#12906=DIRECTION('',(6.69777403852049E-17,1.,0.));
#12907=DIRECTION('',(1.,-6.69777403852049E-17,0.));
#12908=DIRECTION('',(6.69777403852049E-17,1.,0.));
#12909=DIRECTION('',(1.,-6.69777403852049E-17,0.));
#12910=DIRECTION('',(6.69777403852049E-17,1.,0.));
#12911=DIRECTION('',(0.93169022331074,-0.363253806294143,0.));
#12912=DIRECTION('',(-6.69777403852049E-17,-1.,0.));
#12913=DIRECTION('',(-0.933153453941871,-0.359478276668224,0.));
#12914=DIRECTION('',(6.69777403852049E-17,1.,0.));
#12915=DIRECTION('',(-0.831616341796565,-0.555350574013297,0.));
#12916=DIRECTION('',(1.,-6.69777403852049E-17,0.));
#12917=DIRECTION('',(-6.69777403852049E-17,-1.,0.));
#12918=DIRECTION('',(-1.,6.69777403852049E-17,0.));
#12919=DIRECTION('',(6.69777403852049E-17,1.,0.));
#12920=DIRECTION('',(0.831616341796563,0.5553505740133,0.));
#12921=DIRECTION('',(-1.,6.69777403852049E-17,0.));
#12922=DIRECTION('',(6.69777403852049E-17,1.,0.));
#12923=DIRECTION('',(1.,-6.69777403852049E-17,0.));
#12924=DIRECTION('',(-6.69777403852049E-17,-1.,0.));
#12925=DIRECTION('',(-1.,6.69777403852049E-17,0.));
#12926=DIRECTION('',(-6.69777403852049E-17,-1.,0.));
#12927=DIRECTION('',(-1.,6.69777403852049E-17,0.));
#12928=DIRECTION('',(6.69777403852049E-17,1.,0.));
#12929=DIRECTION('',(1.,-6.69777403852049E-17,0.));
#12930=DIRECTION('',(0.26540825759727,-0.964136119435,0.));
#12931=DIRECTION('',(-1.,6.69777403852049E-17,0.));
#12932=DIRECTION('',(6.69777403852049E-17,1.,0.));
#12933=DIRECTION('',(-1.,0.,0.));
#12934=DIRECTION('',(-6.69777403852049E-17,-1.,0.));
#12935=DIRECTION('',(1.,0.,0.));
#12936=DIRECTION('',(6.69777403852049E-17,1.,0.));
#12937=DIRECTION('',(0.93169022331074,-0.363253806294143,0.));
#12938=DIRECTION('',(-6.69777403852049E-17,-1.,0.));
#12939=DIRECTION('',(-0.93315345394187,-0.359478276668227,0.));
#12940=DIRECTION('',(6.69777403852049E-17,1.,0.));
#12941=DIRECTION('',(-6.69777403852049E-17,-1.,0.));
#12942=DIRECTION('',(1.,-6.69777403852049E-17,0.));
#12943=DIRECTION('',(-6.69777403852049E-17,-1.,0.));
#12944=DIRECTION('',(-1.,6.69777403852049E-17,0.));
#12945=DIRECTION('',(-6.69777403852049E-17,-1.,0.));
#12946=DIRECTION('',(-1.,6.69777403852049E-17,0.));
#12947=DIRECTION('',(6.69777403852049E-17,1.,0.));
#12948=DIRECTION('',(-1.,6.69777403852049E-17,0.));
#12949=DIRECTION('',(6.69777403852049E-17,1.,0.));
#12950=DIRECTION('',(1.,-6.69777403852049E-17,0.));
#12951=DIRECTION('',(6.69777403852049E-17,1.,0.));
#12952=DIRECTION('',(1.,-6.69777403852049E-17,0.));
#12953=DIRECTION('',(6.69777403852049E-17,1.,0.));
#12954=DIRECTION('',(6.69777403852049E-17,1.,0.));
#12955=DIRECTION('',(-1.,6.69777403852049E-17,0.));
#12956=DIRECTION('',(6.69777403852049E-17,1.,0.));
#12957=DIRECTION('',(1.,-6.69777403852049E-17,0.));
#12958=DIRECTION('',(-6.69777403852049E-17,-1.,0.));
#12959=DIRECTION('',(-1.,6.69777403852049E-17,0.));
#12960=DIRECTION('',(6.69777403852049E-17,1.,0.));
#12961=DIRECTION('',(1.,-6.69777403852049E-17,0.));
#12962=DIRECTION('',(-6.69777403852049E-17,-1.,0.));
#12963=DIRECTION('',(-1.,6.69777403852049E-17,0.));
#12964=DIRECTION('',(-0.831616341796565,-0.555350574013297,0.));
#12965=DIRECTION('',(1.,-6.69777403852049E-17,0.));
#12966=DIRECTION('',(-6.69777403852049E-17,-1.,0.));
#12967=DIRECTION('',(-1.,6.69777403852049E-17,0.));
#12968=DIRECTION('',(6.69777403852049E-17,1.,0.));
#12969=DIRECTION('',(0.831616341796565,0.555350574013298,0.));
#12970=DIRECTION('',(-1.,6.69777403852049E-17,0.));
#12971=DIRECTION('',(6.69777403852049E-17,1.,0.));
#12972=DIRECTION('',(1.,-6.69777403852049E-17,0.));
#12973=DIRECTION('',(-6.69777403852049E-17,-1.,0.));
#12974=DIRECTION('',(-1.,6.69777403852049E-17,0.));
#12975=DIRECTION('',(-6.69777403852049E-17,-1.,0.));
#12976=DIRECTION('',(6.69777403852049E-17,1.,0.));
#12977=DIRECTION('',(0.,0.,-1.));
#12978=DIRECTION('',(0.,0.,-1.));
#12979=DIRECTION('',(0.,-1.,0.));
#12980=DIRECTION('',(0.,0.,-1.));
#12981=DIRECTION('',(-1.,0.,0.));
#12982=DIRECTION('',(0.,0.,-1.));
#12983=DIRECTION('',(1.,-6.69777403852049E-17,0.));
#12984=DIRECTION('',(6.69777403852049E-17,1.,0.));
#12985=DIRECTION('',(-6.69777403852049E-17,-1.,0.));
#12986=DIRECTION('',(0.,0.,-1.));
#12987=DIRECTION('',(0.,1.,0.));
#12988=DIRECTION('',(0.,0.,1.));
#12989=DIRECTION('',(1.,0.,0.));
#12990=DIRECTION('',(0.,0.,1.));
#12991=DIRECTION('',(1.,0.,0.));
#12992=DIRECTION('',(0.,0.,1.));
#12993=DIRECTION('',(6.69777403852049E-17,1.,0.));
#12994=DIRECTION('',(0.,0.,1.));
#12995=DIRECTION('',(6.69777403852049E-17,1.,0.));
#12996=DIRECTION('',(0.,0.,1.));
#12997=DIRECTION('',(6.69777403852049E-17,1.,0.));
#12998=DIRECTION('',(0.,0.,1.));
#12999=DIRECTION('',(6.69777403852049E-17,1.,0.));
#13000=DIRECTION('',(0.,0.,1.));
#13001=DIRECTION('',(1.,0.,0.));
#13002=DIRECTION('',(1.,-6.69777403852049E-17,0.));
#13003=DIRECTION('',(-1.,6.69777403852049E-17,0.));
#13004=DIRECTION('',(0.,0.,-1.));
#13005=DIRECTION('',(0.,0.,-1.));
#13006=DIRECTION('',(-6.69777403852049E-17,-1.,0.));
#13007=DIRECTION('',(1.,-6.69777403852049E-17,0.));
#13008=DIRECTION('',(0.,0.,-1.));
#13009=DIRECTION('',(0.,0.,-1.));
#13010=DIRECTION('',(6.69777403852049E-17,1.,0.));
#13011=DIRECTION('',(-1.,6.69777403852049E-17,0.));
#13012=DIRECTION('',(1.,-6.69777403852049E-17,0.));
#13013=DIRECTION('',(0.,0.,1.));
#13014=DIRECTION('',(1.,0.,0.));
#13015=DIRECTION('',(0.,0.,1.));
#13016=DIRECTION('',(1.,0.,0.));
#13017=DIRECTION('',(-1.,6.69777403852049E-17,0.));
#13018=DIRECTION('',(0.26540825759727,-0.964136119435,0.));
#13019=DIRECTION('',(1.,-6.69777403852049E-17,0.));
#13020=DIRECTION('',(6.69777403852049E-17,1.,0.));
#13021=DIRECTION('',(-1.,6.69777403852049E-17,0.));
#13022=DIRECTION('',(-6.69777403852049E-17,-1.,0.));
#13023=DIRECTION('',(-6.69777403852049E-17,-1.,0.));
#13024=DIRECTION('',(1.,-6.69777403852049E-17,0.));
#13025=DIRECTION('',(0.,0.,-1.));
#13026=DIRECTION('',(0.,0.,-1.));
#13027=DIRECTION('',(1.,-6.69777403852049E-17,0.));
#13028=DIRECTION('',(6.69777403852049E-17,1.,0.));
#13029=DIRECTION('',(0.,0.,-1.));
#13030=DIRECTION('',(-6.69777403852049E-17,-1.,0.));
#13031=DIRECTION('',(1.,-6.69777403852049E-17,0.));
#13032=DIRECTION('',(0.,0.,-1.));
#13033=DIRECTION('',(-1.,6.69777403852049E-17,0.));
#13034=DIRECTION('',(-6.69777403852049E-17,-1.,0.));
#13035=DIRECTION('',(0.,0.,-1.));
#13036=DIRECTION('',(6.69777403852049E-17,1.,0.));
#13037=DIRECTION('',(-1.,6.69777403852049E-17,0.));
#13038=DIRECTION('',(0.,0.,-1.));
#13039=DIRECTION('',(0.,0.,-1.));
#13040=DIRECTION('',(0.964136119435,0.265408257597269,0.));
#13041=DIRECTION('',(-0.26540825759727,0.964136119435001,0.));
#13042=DIRECTION('',(0.,0.,-1.));
#13043=DIRECTION('',(0.,0.,-1.));
#13044=DIRECTION('',(-1.,0.,0.));
#13045=DIRECTION('',(1.,-6.69777403852049E-17,0.));
#13046=DIRECTION('',(-0.831616341796565,-0.555350574013297,0.));
#13047=DIRECTION('',(-6.69777403852049E-17,-1.,0.));
#13048=DIRECTION('',(1.,-6.69777403852049E-17,0.));
#13049=DIRECTION('',(6.69777403852049E-17,1.,0.));
#13050=DIRECTION('',(-1.,6.69777403852049E-17,0.));
#13051=DIRECTION('',(0.831616341796563,0.5553505740133,0.));
#13052=DIRECTION('',(6.69777403852049E-17,1.,0.));
#13053=DIRECTION('',(-1.,6.69777403852049E-17,0.));
#13054=DIRECTION('',(-6.69777403852049E-17,-1.,0.));
#13055=DIRECTION('',(6.69777403852049E-17,1.,0.));
#13056=DIRECTION('',(-1.,6.69777403852049E-17,0.));
#13057=DIRECTION('',(0.,0.,-1.));
#13058=DIRECTION('',(0.,0.,-1.));
#13059=DIRECTION('',(1.,-6.69777403852049E-17,0.));
#13060=DIRECTION('',(6.69777403852049E-17,1.,0.));
#13061=DIRECTION('',(0.,0.,-1.));
#13062=DIRECTION('',(-6.69777403852049E-17,-1.,0.));
#13063=DIRECTION('',(1.,-6.69777403852049E-17,0.));
#13064=DIRECTION('',(0.,0.,-1.));
#13065=DIRECTION('',(-1.,6.69777403852049E-17,0.));
#13066=DIRECTION('',(-6.69777403852049E-17,-1.,0.));
#13067=DIRECTION('',(0.,0.,-1.));
#13068=DIRECTION('',(-0.5553505740133,0.831616341796563,0.));
#13069=DIRECTION('',(-0.831616341796563,-0.5553505740133,0.));
#13070=DIRECTION('',(0.,0.,-1.));
#13071=DIRECTION('',(-6.69777403852049E-17,-1.,0.));
#13072=DIRECTION('',(1.,-6.69777403852049E-17,0.));
#13073=DIRECTION('',(0.,0.,-1.));
#13074=DIRECTION('',(-1.,6.69777403852049E-17,0.));
#13075=DIRECTION('',(-6.69777403852049E-17,-1.,0.));
#13076=DIRECTION('',(0.,0.,-1.));
#13077=DIRECTION('',(6.69777403852049E-17,1.,0.));
#13078=DIRECTION('',(-1.,6.69777403852049E-17,0.));
#13079=DIRECTION('',(0.,0.,-1.));
#13080=DIRECTION('',(1.,-6.69777403852049E-17,0.));
#13081=DIRECTION('',(6.69777403852049E-17,1.,0.));
#13082=DIRECTION('',(0.,0.,-1.));
#13083=DIRECTION('',(0.555350574013297,-0.831616341796565,0.));
#13084=DIRECTION('',(0.831616341796565,0.555350574013297,0.));
#13085=DIRECTION('',(0.,0.,1.));
#13086=DIRECTION('',(1.,0.,0.));
#13087=DIRECTION('',(0.93169022331074,-0.363253806294143,0.));
#13088=DIRECTION('',(6.69777403852049E-17,1.,0.));
#13089=DIRECTION('',(6.69777403852049E-17,1.,0.));
#13090=DIRECTION('',(-0.933153453941871,-0.359478276668224,0.));
#13091=DIRECTION('',(-6.69777403852049E-17,-1.,0.));
#13092=DIRECTION('',(0.363253806294143,0.93169022331074,0.));
#13093=DIRECTION('',(-0.93169022331074,0.363253806294143,0.));
#13094=DIRECTION('',(0.,0.,-1.));
#13095=DIRECTION('',(0.,0.,-1.));
#13096=DIRECTION('',(1.,-6.69777403852049E-17,0.));
#13097=DIRECTION('',(6.69777403852049E-17,1.,0.));
#13098=DIRECTION('',(0.,0.,-1.));
#13099=DIRECTION('',(0.359478276668224,-0.933153453941871,0.));
#13100=DIRECTION('',(0.933153453941871,0.359478276668224,0.));
#13101=DIRECTION('',(0.,0.,-1.));
#13102=DIRECTION('',(-1.,6.69777403852049E-17,0.));
#13103=DIRECTION('',(-6.69777403852049E-17,-1.,0.));
#13104=DIRECTION('',(0.,0.,-1.));
#13105=DIRECTION('',(0.,0.,-1.));
#13106=DIRECTION('',(0.,0.,-1.));
#13107=DIRECTION('',(-1.,6.69777403852049E-17,0.));
#13108=DIRECTION('',(-6.69777403852049E-17,-1.,0.));
#13109=DIRECTION('',(0.,0.,-1.));
#13110=DIRECTION('',(-1.,0.,0.));
#13111=DIRECTION('',(1.,-6.69777403852049E-17,0.));
#13112=DIRECTION('',(-6.69777403852049E-17,-1.,0.));
#13113=DIRECTION('',(1.,-6.69777403852049E-17,0.));
#13114=DIRECTION('',(6.69777403852049E-17,1.,0.));
#13115=DIRECTION('',(1.,-6.69777403852049E-17,0.));
#13116=DIRECTION('',(6.69777403852049E-17,1.,0.));
#13117=DIRECTION('',(-1.,6.69777403852049E-17,0.));
#13118=DIRECTION('',(6.69777403852049E-17,1.,0.));
#13119=DIRECTION('',(-1.,6.69777403852049E-17,0.));
#13120=DIRECTION('',(-6.69777403852049E-17,-1.,0.));
#13121=DIRECTION('',(-1.,6.69777403852049E-17,0.));
#13122=DIRECTION('',(-6.69777403852049E-17,-1.,0.));
#13123=DIRECTION('',(6.69777403852049E-17,1.,0.));
#13124=DIRECTION('',(-1.,6.69777403852049E-17,0.));
#13125=DIRECTION('',(0.,0.,-1.));
#13126=DIRECTION('',(0.,0.,-1.));
#13127=DIRECTION('',(1.,-6.69777403852049E-17,0.));
#13128=DIRECTION('',(6.69777403852049E-17,1.,0.));
#13129=DIRECTION('',(0.,0.,-1.));
#13130=DIRECTION('',(-6.69777403852049E-17,-1.,0.));
#13131=DIRECTION('',(1.,-6.69777403852049E-17,0.));
#13132=DIRECTION('',(0.,0.,-1.));
#13133=DIRECTION('',(1.,-6.69777403852049E-17,0.));
#13134=DIRECTION('',(6.69777403852049E-17,1.,0.));
#13135=DIRECTION('',(0.,0.,-1.));
#13136=DIRECTION('',(-6.69777403852049E-17,-1.,0.));
#13137=DIRECTION('',(1.,-6.69777403852049E-17,0.));
#13138=DIRECTION('',(0.,0.,-1.));
#13139=DIRECTION('',(-1.,6.69777403852049E-17,0.));
#13140=DIRECTION('',(-6.69777403852049E-17,-1.,0.));
#13141=DIRECTION('',(0.,0.,-1.));
#13142=DIRECTION('',(-6.69777403852049E-17,-1.,0.));
#13143=DIRECTION('',(1.,-6.69777403852049E-17,0.));
#13144=DIRECTION('',(0.,0.,-1.));
#13145=DIRECTION('',(-1.,6.69777403852049E-17,0.));
#13146=DIRECTION('',(-6.69777403852049E-17,-1.,0.));
#13147=DIRECTION('',(0.,0.,-1.));
#13148=DIRECTION('',(6.69777403852049E-17,1.,0.));
#13149=DIRECTION('',(-1.,6.69777403852049E-17,0.));
#13150=DIRECTION('',(0.,0.,-1.));
#13151=DIRECTION('',(-1.,6.69777403852049E-17,0.));
#13152=DIRECTION('',(-6.69777403852049E-17,-1.,0.));
#13153=DIRECTION('',(0.,0.,-1.));
#13154=DIRECTION('',(6.69777403852049E-17,1.,0.));
#13155=DIRECTION('',(-1.,6.69777403852049E-17,0.));
#13156=DIRECTION('',(0.,0.,-1.));
#13157=DIRECTION('',(1.,-6.69777403852049E-17,0.));
#13158=DIRECTION('',(6.69777403852049E-17,1.,0.));
#13159=DIRECTION('',(0.,0.,-1.));
#13160=DIRECTION('',(-1.,0.,0.));
#13161=DIRECTION('',(1.,-6.69777403852049E-17,0.));
#13162=DIRECTION('',(-0.831616341796565,-0.555350574013297,0.));
#13163=DIRECTION('',(-6.69777403852049E-17,-1.,0.));
#13164=DIRECTION('',(1.,-6.69777403852049E-17,0.));
#13165=DIRECTION('',(6.69777403852049E-17,1.,0.));
#13166=DIRECTION('',(-1.,6.69777403852049E-17,0.));
#13167=DIRECTION('',(0.831616341796565,0.555350574013298,0.));
#13168=DIRECTION('',(6.69777403852049E-17,1.,0.));
#13169=DIRECTION('',(-1.,6.69777403852049E-17,0.));
#13170=DIRECTION('',(-6.69777403852049E-17,-1.,0.));
#13171=DIRECTION('',(6.69777403852049E-17,1.,0.));
#13172=DIRECTION('',(-1.,6.69777403852049E-17,0.));
#13173=DIRECTION('',(0.,0.,-1.));
#13174=DIRECTION('',(0.,0.,-1.));
#13175=DIRECTION('',(1.,-6.69777403852049E-17,0.));
#13176=DIRECTION('',(6.69777403852049E-17,1.,0.));
#13177=DIRECTION('',(0.,0.,-1.));
#13178=DIRECTION('',(-6.69777403852049E-17,-1.,0.));
#13179=DIRECTION('',(1.,-6.69777403852049E-17,0.));
#13180=DIRECTION('',(0.,0.,-1.));
#13181=DIRECTION('',(-1.,6.69777403852049E-17,0.));
#13182=DIRECTION('',(-6.69777403852049E-17,-1.,0.));
#13183=DIRECTION('',(0.,0.,-1.));
#13184=DIRECTION('',(-0.555350574013298,0.831616341796565,0.));
#13185=DIRECTION('',(-0.831616341796565,-0.555350574013298,0.));
#13186=DIRECTION('',(0.,0.,-1.));
#13187=DIRECTION('',(-6.69777403852049E-17,-1.,0.));
#13188=DIRECTION('',(1.,-6.69777403852049E-17,0.));
#13189=DIRECTION('',(0.,0.,-1.));
#13190=DIRECTION('',(-1.,6.69777403852049E-17,0.));
#13191=DIRECTION('',(-6.69777403852049E-17,-1.,0.));
#13192=DIRECTION('',(0.,0.,-1.));
#13193=DIRECTION('',(6.69777403852049E-17,1.,0.));
#13194=DIRECTION('',(-1.,6.69777403852049E-17,0.));
#13195=DIRECTION('',(0.,0.,-1.));
#13196=DIRECTION('',(1.,-6.69777403852049E-17,0.));
#13197=DIRECTION('',(6.69777403852049E-17,1.,0.));
#13198=DIRECTION('',(0.,0.,-1.));
#13199=DIRECTION('',(0.555350574013297,-0.831616341796565,0.));
#13200=DIRECTION('',(0.831616341796565,0.555350574013297,0.));
#13201=DIRECTION('',(0.,0.,1.));
#13202=DIRECTION('',(1.,0.,0.));
#13203=DIRECTION('',(-1.,6.69777403852049E-17,0.));
#13204=DIRECTION('',(0.26540825759727,-0.964136119435,0.));
#13205=DIRECTION('',(1.,-6.69777403852049E-17,0.));
#13206=DIRECTION('',(6.69777403852049E-17,1.,0.));
#13207=DIRECTION('',(-1.,6.69777403852049E-17,0.));
#13208=DIRECTION('',(-6.69777403852049E-17,-1.,0.));
#13209=DIRECTION('',(-6.69777403852049E-17,-1.,0.));
#13210=DIRECTION('',(1.,-6.69777403852049E-17,0.));
#13211=DIRECTION('',(0.,0.,-1.));
#13212=DIRECTION('',(0.,0.,-1.));
#13213=DIRECTION('',(1.,-6.69777403852049E-17,0.));
#13214=DIRECTION('',(6.69777403852049E-17,1.,0.));
#13215=DIRECTION('',(0.,0.,-1.));
#13216=DIRECTION('',(-6.69777403852049E-17,-1.,0.));
#13217=DIRECTION('',(1.,-6.69777403852049E-17,0.));
#13218=DIRECTION('',(0.,0.,-1.));
#13219=DIRECTION('',(-1.,6.69777403852049E-17,0.));
#13220=DIRECTION('',(-6.69777403852049E-17,-1.,0.));
#13221=DIRECTION('',(0.,0.,-1.));
#13222=DIRECTION('',(6.69777403852049E-17,1.,0.));
#13223=DIRECTION('',(-1.,6.69777403852049E-17,0.));
#13224=DIRECTION('',(0.,0.,-1.));
#13225=DIRECTION('',(0.,0.,-1.));
#13226=DIRECTION('',(0.964136119435,0.265408257597269,0.));
#13227=DIRECTION('',(-0.26540825759727,0.964136119435001,0.));
#13228=DIRECTION('',(0.,0.,-1.));
#13229=DIRECTION('',(0.,0.,-1.));
#13230=DIRECTION('',(-1.,0.,0.));
#13231=DIRECTION('',(1.,-6.69777403852049E-17,0.));
#13232=DIRECTION('',(6.69777403852049E-17,1.,0.));
#13233=DIRECTION('',(-1.,6.69777403852049E-17,0.));
#13234=DIRECTION('',(-6.69777403852049E-17,-1.,0.));
#13235=DIRECTION('',(6.69777403852049E-17,1.,0.));
#13236=DIRECTION('',(-1.,6.69777403852049E-17,0.));
#13237=DIRECTION('',(0.,0.,-1.));
#13238=DIRECTION('',(0.,0.,-1.));
#13239=DIRECTION('',(1.,-6.69777403852049E-17,0.));
#13240=DIRECTION('',(6.69777403852049E-17,1.,0.));
#13241=DIRECTION('',(0.,0.,-1.));
#13242=DIRECTION('',(-6.69777403852049E-17,-1.,0.));
#13243=DIRECTION('',(1.,-6.69777403852049E-17,0.));
#13244=DIRECTION('',(0.,0.,-1.));
#13245=DIRECTION('',(-1.,6.69777403852049E-17,0.));
#13246=DIRECTION('',(-6.69777403852049E-17,-1.,0.));
#13247=DIRECTION('',(0.,0.,-1.));
#13248=DIRECTION('',(-1.,0.,0.));
#13249=DIRECTION('',(1.,-6.69777403852049E-17,0.));
#13250=DIRECTION('',(-6.69777403852049E-17,-1.,0.));
#13251=DIRECTION('',(1.,-6.69777403852049E-17,0.));
#13252=DIRECTION('',(6.69777403852049E-17,1.,0.));
#13253=DIRECTION('',(-1.,6.69777403852049E-17,0.));
#13254=DIRECTION('',(-6.69777403852049E-17,-1.,0.));
#13255=DIRECTION('',(-1.,6.69777403852049E-17,0.));
#13256=DIRECTION('',(-6.69777403852049E-17,-1.,0.));
#13257=DIRECTION('',(6.69777403852049E-17,1.,0.));
#13258=DIRECTION('',(-1.,6.69777403852049E-17,0.));
#13259=DIRECTION('',(0.,0.,-1.));
#13260=DIRECTION('',(0.,0.,-1.));
#13261=DIRECTION('',(1.,-6.69777403852049E-17,0.));
#13262=DIRECTION('',(6.69777403852049E-17,1.,0.));
#13263=DIRECTION('',(0.,0.,-1.));
#13264=DIRECTION('',(-6.69777403852049E-17,-1.,0.));
#13265=DIRECTION('',(1.,-6.69777403852049E-17,0.));
#13266=DIRECTION('',(0.,0.,-1.));
#13267=DIRECTION('',(1.,-6.69777403852049E-17,0.));
#13268=DIRECTION('',(6.69777403852049E-17,1.,0.));
#13269=DIRECTION('',(0.,0.,-1.));
#13270=DIRECTION('',(-6.69777403852049E-17,-1.,0.));
#13271=DIRECTION('',(1.,-6.69777403852049E-17,0.));
#13272=DIRECTION('',(0.,0.,-1.));
#13273=DIRECTION('',(-1.,6.69777403852049E-17,0.));
#13274=DIRECTION('',(-6.69777403852049E-17,-1.,0.));
#13275=DIRECTION('',(0.,0.,-1.));
#13276=DIRECTION('',(6.69777403852049E-17,1.,0.));
#13277=DIRECTION('',(-1.,6.69777403852049E-17,0.));
#13278=DIRECTION('',(0.,0.,-1.));
#13279=DIRECTION('',(1.,-6.69777403852049E-17,0.));
#13280=DIRECTION('',(6.69777403852049E-17,1.,0.));
#13281=DIRECTION('',(0.,0.,1.));
#13282=DIRECTION('',(1.,0.,0.));
#13283=DIRECTION('',(0.,0.,1.));
#13284=DIRECTION('',(1.,0.,0.));
#13285=DIRECTION('',(0.,0.,1.));
#13286=DIRECTION('',(1.,0.,0.));
#13287=DIRECTION('',(0.93169022331074,-0.363253806294143,0.));
#13288=DIRECTION('',(6.69777403852049E-17,1.,0.));
#13289=DIRECTION('',(6.69777403852049E-17,1.,0.));
#13290=DIRECTION('',(-0.93315345394187,-0.359478276668227,0.));
#13291=DIRECTION('',(-6.69777403852049E-17,-1.,0.));
#13292=DIRECTION('',(0.363253806294143,0.93169022331074,0.));
#13293=DIRECTION('',(-0.93169022331074,0.363253806294143,0.));
#13294=DIRECTION('',(0.,0.,-1.));
#13295=DIRECTION('',(0.,0.,-1.));
#13296=DIRECTION('',(1.,-6.69777403852049E-17,0.));
#13297=DIRECTION('',(6.69777403852049E-17,1.,0.));
#13298=DIRECTION('',(0.,0.,-1.));
#13299=DIRECTION('',(0.359478276668227,-0.93315345394187,0.));
#13300=DIRECTION('',(0.93315345394187,0.359478276668227,0.));
#13301=DIRECTION('',(0.,0.,-1.));
#13302=DIRECTION('',(-1.,6.69777403852049E-17,0.));
#13303=DIRECTION('',(-6.69777403852049E-17,-1.,0.));
#13304=DIRECTION('',(0.,0.,-1.));
#13305=DIRECTION('',(0.,0.,-1.));
#13306=DIRECTION('',(0.,0.,-1.));
#13307=DIRECTION('',(-1.,6.69777403852049E-17,0.));
#13308=DIRECTION('',(-6.69777403852049E-17,-1.,0.));
#13309=DIRECTION('',(0.,0.,-1.));
#13310=DIRECTION('',(-1.,0.,0.));
#13311=DIRECTION('',(1.,-6.69777403852049E-17,0.));
#13312=DIRECTION('',(-6.69777403852049E-17,-1.,0.));
#13313=DIRECTION('',(1.,-6.69777403852049E-17,0.));
#13314=DIRECTION('',(6.69777403852049E-17,1.,0.));
#13315=DIRECTION('',(1.,-6.69777403852049E-17,0.));
#13316=DIRECTION('',(6.69777403852049E-17,1.,0.));
#13317=DIRECTION('',(-1.,6.69777403852049E-17,0.));
#13318=DIRECTION('',(6.69777403852049E-17,1.,0.));
#13319=DIRECTION('',(-1.,6.69777403852049E-17,0.));
#13320=DIRECTION('',(-6.69777403852049E-17,-1.,0.));
#13321=DIRECTION('',(-1.,6.69777403852049E-17,0.));
#13322=DIRECTION('',(-6.69777403852049E-17,-1.,0.));
#13323=DIRECTION('',(6.69777403852049E-17,1.,0.));
#13324=DIRECTION('',(-1.,6.69777403852049E-17,0.));
#13325=DIRECTION('',(0.,0.,-1.));
#13326=DIRECTION('',(0.,0.,-1.));
#13327=DIRECTION('',(1.,-6.69777403852049E-17,0.));
#13328=DIRECTION('',(6.69777403852049E-17,1.,0.));
#13329=DIRECTION('',(0.,0.,-1.));
#13330=DIRECTION('',(-6.69777403852049E-17,-1.,0.));
#13331=DIRECTION('',(1.,-6.69777403852049E-17,0.));
#13332=DIRECTION('',(0.,0.,-1.));
#13333=DIRECTION('',(1.,-6.69777403852049E-17,0.));
#13334=DIRECTION('',(6.69777403852049E-17,1.,0.));
#13335=DIRECTION('',(0.,0.,-1.));
#13336=DIRECTION('',(-6.69777403852049E-17,-1.,0.));
#13337=DIRECTION('',(1.,-6.69777403852049E-17,0.));
#13338=DIRECTION('',(0.,0.,-1.));
#13339=DIRECTION('',(-1.,6.69777403852049E-17,0.));
#13340=DIRECTION('',(-6.69777403852049E-17,-1.,0.));
#13341=DIRECTION('',(0.,0.,-1.));
#13342=DIRECTION('',(-6.69777403852049E-17,-1.,0.));
#13343=DIRECTION('',(1.,-6.69777403852049E-17,0.));
#13344=DIRECTION('',(0.,0.,-1.));
#13345=DIRECTION('',(-1.,6.69777403852049E-17,0.));
#13346=DIRECTION('',(-6.69777403852049E-17,-1.,0.));
#13347=DIRECTION('',(0.,0.,-1.));
#13348=DIRECTION('',(6.69777403852049E-17,1.,0.));
#13349=DIRECTION('',(-1.,6.69777403852049E-17,0.));
#13350=DIRECTION('',(0.,0.,-1.));
#13351=DIRECTION('',(-1.,6.69777403852049E-17,0.));
#13352=DIRECTION('',(-6.69777403852049E-17,-1.,0.));
#13353=DIRECTION('',(0.,0.,-1.));
#13354=DIRECTION('',(6.69777403852049E-17,1.,0.));
#13355=DIRECTION('',(-1.,6.69777403852049E-17,0.));
#13356=DIRECTION('',(0.,0.,-1.));
#13357=DIRECTION('',(1.,-6.69777403852049E-17,0.));
#13358=DIRECTION('',(6.69777403852049E-17,1.,0.));
#13359=DIRECTION('',(0.,0.,-1.));
#13360=DIRECTION('',(-1.,0.,0.));
#13361=DIRECTION('',(6.69777403852049E-17,1.,0.));
#13362=DIRECTION('',(6.69777403852049E-17,1.,0.));
#13363=DIRECTION('',(-1.,6.69777403852049E-17,0.));
#13364=DIRECTION('',(-6.69777403852049E-17,-1.,0.));
#13365=DIRECTION('',(0.,0.,-1.));
#13366=DIRECTION('',(0.,0.,-1.));
#13367=DIRECTION('',(0.,0.,-1.));
#13368=DIRECTION('',(-1.,6.69777403852049E-17,0.));
#13369=DIRECTION('',(-6.69777403852049E-17,-1.,0.));
#13370=DIRECTION('',(0.,0.,-1.));
#13371=DIRECTION('',(0.,0.,1.));
#13372=DIRECTION('',(1.,0.,0.));
#13373=DIRECTION('',(1.,-6.69777403852049E-17,0.));
#13374=DIRECTION('',(-1.,6.69777403852049E-17,0.));
#13375=DIRECTION('',(-6.69777403852049E-17,-1.,0.));
#13376=DIRECTION('',(1.,-6.69777403852049E-17,0.));
#13377=DIRECTION('',(0.,0.,-1.));
#13378=DIRECTION('',(0.,0.,-1.));
#13379=DIRECTION('',(6.69777403852049E-17,1.,0.));
#13380=DIRECTION('',(-1.,6.69777403852049E-17,0.));
#13381=DIRECTION('',(1.,-6.69777403852049E-17,0.));
#13382=DIRECTION('',(0.,0.,-1.));
#13383=DIRECTION('',(0.,0.,-1.));
#13384=DIRECTION('',(0.,0.,1.));
#13385=DIRECTION('',(1.,0.,0.));
#13386=DIRECTION('',(0.,0.,-1.));
#13387=DIRECTION('',(-1.,0.,0.));
#13388=DIRECTION('',(1.,-6.69777403852049E-17,0.));
#13389=DIRECTION('',(6.69777403852049E-17,1.,0.));
#13390=DIRECTION('',(-1.,6.69777403852049E-17,0.));
#13391=DIRECTION('',(-6.69777403852049E-17,-1.,0.));
#13392=DIRECTION('',(6.69777403852049E-17,1.,0.));
#13393=DIRECTION('',(-1.,6.69777403852049E-17,0.));
#13394=DIRECTION('',(0.,0.,-1.));
#13395=DIRECTION('',(0.,0.,-1.));
#13396=DIRECTION('',(1.,-6.69777403852049E-17,0.));
#13397=DIRECTION('',(6.69777403852049E-17,1.,0.));
#13398=DIRECTION('',(0.,0.,-1.));
#13399=DIRECTION('',(-6.69777403852049E-17,-1.,0.));
#13400=DIRECTION('',(1.,-6.69777403852049E-17,0.));
#13401=DIRECTION('',(0.,0.,-1.));
#13402=DIRECTION('',(-1.,6.69777403852049E-17,0.));
#13403=DIRECTION('',(-6.69777403852049E-17,-1.,0.));
#13404=DIRECTION('',(0.,0.,-1.));
#13405=DIRECTION('',(-1.,0.,0.));
#13406=DIRECTION('',(1.,-6.69777403852049E-17,0.));
#13407=DIRECTION('',(6.69777403852049E-17,1.,0.));
#13408=DIRECTION('',(-1.,6.69777403852049E-17,0.));
#13409=DIRECTION('',(-6.69777403852049E-17,-1.,0.));
#13410=DIRECTION('',(6.69777403852049E-17,1.,0.));
#13411=DIRECTION('',(-1.,6.69777403852049E-17,0.));
#13412=DIRECTION('',(0.,0.,-1.));
#13413=DIRECTION('',(0.,0.,-1.));
#13414=DIRECTION('',(1.,-6.69777403852049E-17,0.));
#13415=DIRECTION('',(6.69777403852049E-17,1.,0.));
#13416=DIRECTION('',(0.,0.,-1.));
#13417=DIRECTION('',(-6.69777403852049E-17,-1.,0.));
#13418=DIRECTION('',(1.,-6.69777403852049E-17,0.));
#13419=DIRECTION('',(0.,0.,-1.));
#13420=DIRECTION('',(-1.,6.69777403852049E-17,0.));
#13421=DIRECTION('',(-6.69777403852049E-17,-1.,0.));
#13422=DIRECTION('',(0.,0.,-1.));
#13423=DIRECTION('',(-1.,0.,0.));
#13424=DIRECTION('',(1.,-6.69777403852049E-17,0.));
#13425=DIRECTION('',(-0.831616341796565,-0.555350574013297,0.));
#13426=DIRECTION('',(-6.69777403852049E-17,-1.,0.));
#13427=DIRECTION('',(1.,-6.69777403852049E-17,0.));
#13428=DIRECTION('',(6.69777403852049E-17,1.,0.));
#13429=DIRECTION('',(-1.,6.69777403852049E-17,0.));
#13430=DIRECTION('',(0.831616341796565,0.555350574013298,0.));
#13431=DIRECTION('',(6.69777403852049E-17,1.,0.));
#13432=DIRECTION('',(-1.,6.69777403852049E-17,0.));
#13433=DIRECTION('',(-6.69777403852049E-17,-1.,0.));
#13434=DIRECTION('',(6.69777403852049E-17,1.,0.));
#13435=DIRECTION('',(-1.,6.69777403852049E-17,0.));
#13436=DIRECTION('',(0.,0.,-1.));
#13437=DIRECTION('',(0.,0.,-1.));
#13438=DIRECTION('',(1.,-6.69777403852049E-17,0.));
#13439=DIRECTION('',(6.69777403852049E-17,1.,0.));
#13440=DIRECTION('',(0.,0.,-1.));
#13441=DIRECTION('',(-6.69777403852049E-17,-1.,0.));
#13442=DIRECTION('',(1.,-6.69777403852049E-17,0.));
#13443=DIRECTION('',(0.,0.,-1.));
#13444=DIRECTION('',(-1.,6.69777403852049E-17,0.));
#13445=DIRECTION('',(-6.69777403852049E-17,-1.,0.));
#13446=DIRECTION('',(0.,0.,-1.));
#13447=DIRECTION('',(-0.555350574013298,0.831616341796565,0.));
#13448=DIRECTION('',(-0.831616341796565,-0.555350574013298,0.));
#13449=DIRECTION('',(0.,0.,-1.));
#13450=DIRECTION('',(-6.69777403852049E-17,-1.,0.));
#13451=DIRECTION('',(1.,-6.69777403852049E-17,0.));
#13452=DIRECTION('',(0.,0.,-1.));
#13453=DIRECTION('',(-1.,6.69777403852049E-17,0.));
#13454=DIRECTION('',(-6.69777403852049E-17,-1.,0.));
#13455=DIRECTION('',(0.,0.,-1.));
#13456=DIRECTION('',(6.69777403852049E-17,1.,0.));
#13457=DIRECTION('',(-1.,6.69777403852049E-17,0.));
#13458=DIRECTION('',(0.,0.,-1.));
#13459=DIRECTION('',(1.,-6.69777403852049E-17,0.));
#13460=DIRECTION('',(6.69777403852049E-17,1.,0.));
#13461=DIRECTION('',(0.,0.,-1.));
#13462=DIRECTION('',(0.555350574013297,-0.831616341796565,0.));
#13463=DIRECTION('',(0.831616341796565,0.555350574013297,0.));
#13464=DIRECTION('',(0.,0.,-1.));
#13465=DIRECTION('',(-1.,0.,0.));
#13466=DIRECTION('',(0.,0.,-1.));
#13467=DIRECTION('',(-1.,0.,0.));
#13468=DIRECTION('',(0.,0.,-1.));
#13469=DIRECTION('',(-1.,0.,0.));
#13470=DIRECTION('',(0.,0.,-1.));
#13471=DIRECTION('',(-1.,0.,0.));
#13472=DIRECTION('',(0.,0.,1.));
#13473=DIRECTION('',(1.,0.,0.));
#13474=DIRECTION('',(0.,0.,-1.));
#13475=DIRECTION('',(0.,0.,-1.));
#13476=DIRECTION('',(0.,0.,1.));
#13477=DIRECTION('',(1.,0.,0.));
#13478=DIRECTION('',(-1.,-2.77555756156289E-17,0.));
#13479=DIRECTION('',(-1.,-2.77555756156289E-17,0.));
#13480=DIRECTION('',(1.,2.77555756156289E-17,0.));
#13481=DIRECTION('',(-2.77555756156289E-17,1.,0.));
#13482=DIRECTION('',(2.77555756156289E-17,-1.,0.));
#13483=DIRECTION('',(1.,2.77555756156289E-17,0.));
#13484=DIRECTION('',(0.,0.,-1.));
#13485=DIRECTION('',(0.,0.,-1.));
#13486=DIRECTION('',(-1.,-2.77555756156289E-17,0.));
#13487=DIRECTION('',(2.77555756156289E-17,-1.,0.));
#13488=DIRECTION('',(0.,0.,-1.));
#13489=DIRECTION('',(-2.77555756156289E-17,1.,0.));
#13490=DIRECTION('',(-1.,-2.77555756156289E-17,0.));
#13491=DIRECTION('',(0.,0.,-1.));
#13492=DIRECTION('',(2.77555756156289E-17,-1.,0.));
#13493=DIRECTION('',(1.,2.77555756156289E-17,0.));
#13494=DIRECTION('',(-1.,-2.77555756156289E-17,0.));
#13495=DIRECTION('',(0.,0.,-1.));
#13496=DIRECTION('',(0.,0.,-1.));
#13497=DIRECTION('',(0.,0.,1.));
#13498=DIRECTION('',(1.,0.,0.));
#13499=DIRECTION('',(0.,0.,1.));
#13500=DIRECTION('',(1.,0.,0.));
#13501=DIRECTION('',(-1.,-2.77555756156289E-17,0.));
#13502=DIRECTION('',(-0.823182181643835,0.567777329438308,0.));
#13503=DIRECTION('',(2.77555756156289E-17,-1.,0.));
#13504=DIRECTION('',(2.77555756156289E-17,-1.,0.));
#13505=DIRECTION('',(0.831607331813763,0.555364065882547,0.));
#13506=DIRECTION('',(1.,2.77555756156289E-17,0.));
#13507=DIRECTION('',(-2.77555756156289E-17,1.,0.));
#13508=DIRECTION('',(2.77555756156289E-17,-1.,0.));
#13509=DIRECTION('',(1.,2.77555756156289E-17,0.));
#13510=DIRECTION('',(0.,0.,-1.));
#13511=DIRECTION('',(0.,0.,-1.));
#13512=DIRECTION('',(-1.,-2.77555756156289E-17,0.));
#13513=DIRECTION('',(2.77555756156289E-17,-1.,0.));
#13514=DIRECTION('',(0.,0.,-1.));
#13515=DIRECTION('',(-2.77555756156289E-17,1.,0.));
#13516=DIRECTION('',(-1.,-2.77555756156289E-17,0.));
#13517=DIRECTION('',(0.,0.,-1.));
#13518=DIRECTION('',(-0.555364065882547,0.831607331813763,0.));
#13519=DIRECTION('',(-0.831607331813763,-0.555364065882547,0.));
#13520=DIRECTION('',(0.,0.,-1.));
#13521=DIRECTION('',(1.,2.77555756156289E-17,0.));
#13522=DIRECTION('',(-2.77555756156289E-17,1.,0.));
#13523=DIRECTION('',(0.,0.,-1.));
#13524=DIRECTION('',(0.,0.,-1.));
#13525=DIRECTION('',(0.,0.,-1.));
#13526=DIRECTION('',(1.,2.77555756156289E-17,0.));
#13527=DIRECTION('',(-2.77555756156289E-17,1.,0.));
#13528=DIRECTION('',(0.,0.,-1.));
#13529=DIRECTION('',(-0.567777329438308,-0.823182181643834,0.));
#13530=DIRECTION('',(0.823182181643835,-0.567777329438308,0.));
#13531=DIRECTION('',(0.,0.,1.));
#13532=DIRECTION('',(1.,0.,0.));
#13533=DIRECTION('',(-2.77555756156289E-17,1.,0.));
#13534=DIRECTION('',(2.77555756156289E-17,-1.,0.));
#13535=DIRECTION('',(1.,2.77555756156289E-17,0.));
#13536=DIRECTION('',(-2.77555756156289E-17,1.,0.));
#13537=DIRECTION('',(0.,0.,-1.));
#13538=DIRECTION('',(0.,0.,-1.));
#13539=DIRECTION('',(-1.,-2.77555756156289E-17,0.));
#13540=DIRECTION('',(2.77555756156289E-17,-1.,0.));
#13541=DIRECTION('',(-2.77555756156289E-17,1.,0.));
#13542=DIRECTION('',(0.,0.,-1.));
#13543=DIRECTION('',(0.,0.,-1.));
#13544=DIRECTION('',(0.,0.,1.));
#13545=DIRECTION('',(1.,0.,0.));
#13546=DIRECTION('',(0.,0.,-1.));
#13547=DIRECTION('',(-1.,0.,0.));
#13548=DIRECTION('',(-2.77555756156289E-17,1.,0.));
#13549=DIRECTION('',(-1.,-2.77555756156289E-17,0.));
#13550=DIRECTION('',(-2.77555756156289E-17,1.,0.));
#13551=DIRECTION('',(1.,2.77555756156289E-17,0.));
#13552=DIRECTION('',(-2.77555756156289E-17,1.,0.));
#13553=DIRECTION('',(-1.,-2.77555756156289E-17,0.));
#13554=DIRECTION('',(-2.77555756156289E-17,1.,0.));
#13555=DIRECTION('',(1.,2.77555756156289E-17,0.));
#13556=DIRECTION('',(-2.77555756156289E-17,1.,0.));
#13557=DIRECTION('',(-1.,-2.77555756156289E-17,0.));
#13558=DIRECTION('',(2.77555756156289E-17,-1.,0.));
#13559=DIRECTION('',(1.,2.77555756156289E-17,0.));
#13560=DIRECTION('',(-1.,-2.77555756156289E-17,0.));
#13561=DIRECTION('',(2.77555756156289E-17,-1.,0.));
#13562=DIRECTION('',(0.,0.,-1.));
#13563=DIRECTION('',(0.,0.,-1.));
#13564=DIRECTION('',(-2.77555756156289E-17,1.,0.));
#13565=DIRECTION('',(-1.,-2.77555756156289E-17,0.));
#13566=DIRECTION('',(0.,0.,-1.));
#13567=DIRECTION('',(1.,2.77555756156289E-17,0.));
#13568=DIRECTION('',(-2.77555756156289E-17,1.,0.));
#13569=DIRECTION('',(0.,0.,-1.));
#13570=DIRECTION('',(2.77555756156289E-17,-1.,0.));
#13571=DIRECTION('',(1.,2.77555756156289E-17,0.));
#13572=DIRECTION('',(0.,0.,-1.));
#13573=DIRECTION('',(-1.,-2.77555756156289E-17,0.));
#13574=DIRECTION('',(2.77555756156289E-17,-1.,0.));
#13575=DIRECTION('',(0.,0.,-1.));
#13576=DIRECTION('',(-2.77555756156289E-17,1.,0.));
#13577=DIRECTION('',(-1.,-2.77555756156289E-17,0.));
#13578=DIRECTION('',(0.,0.,-1.));
#13579=DIRECTION('',(-1.,-2.77555756156289E-17,0.));
#13580=DIRECTION('',(2.77555756156289E-17,-1.,0.));
#13581=DIRECTION('',(0.,0.,-1.));
#13582=DIRECTION('',(2.77555756156289E-17,-1.,0.));
#13583=DIRECTION('',(1.,2.77555756156289E-17,0.));
#13584=DIRECTION('',(0.,0.,-1.));
#13585=DIRECTION('',(-1.,-2.77555756156289E-17,0.));
#13586=DIRECTION('',(2.77555756156289E-17,-1.,0.));
#13587=DIRECTION('',(0.,0.,-1.));
#13588=DIRECTION('',(-2.77555756156289E-17,1.,0.));
#13589=DIRECTION('',(-1.,-2.77555756156289E-17,0.));
#13590=DIRECTION('',(0.,0.,-1.));
#13591=DIRECTION('',(-1.,-2.77555756156289E-17,0.));
#13592=DIRECTION('',(2.77555756156289E-17,-1.,0.));
#13593=DIRECTION('',(0.,0.,-1.));
#13594=DIRECTION('',(2.77555756156289E-17,-1.,0.));
#13595=DIRECTION('',(1.,2.77555756156289E-17,0.));
#13596=DIRECTION('',(0.,0.,-1.));
#13597=DIRECTION('',(-1.,0.,0.));
#13598=DIRECTION('',(-2.77555756156289E-17,1.,0.));
#13599=DIRECTION('',(-1.,-2.77555756156289E-17,0.));
#13600=DIRECTION('',(-2.77555756156289E-17,1.,0.));
#13601=DIRECTION('',(-1.,-2.77555756156289E-17,0.));
#13602=DIRECTION('',(2.77555756156289E-17,-1.,0.));
#13603=DIRECTION('',(1.,2.77555756156289E-17,0.));
#13604=DIRECTION('',(-1.,-2.77555756156289E-17,0.));
#13605=DIRECTION('',(2.77555756156289E-17,-1.,0.));
#13606=DIRECTION('',(0.,0.,-1.));
#13607=DIRECTION('',(0.,0.,-1.));
#13608=DIRECTION('',(-2.77555756156289E-17,1.,0.));
#13609=DIRECTION('',(-1.,-2.77555756156289E-17,0.));
#13610=DIRECTION('',(0.,0.,-1.));
#13611=DIRECTION('',(1.,2.77555756156289E-17,0.));
#13612=DIRECTION('',(-2.77555756156289E-17,1.,0.));
#13613=DIRECTION('',(0.,0.,-1.));
#13614=DIRECTION('',(2.77555756156289E-17,-1.,0.));
#13615=DIRECTION('',(1.,2.77555756156289E-17,0.));
#13616=DIRECTION('',(0.,0.,-1.));
#13617=DIRECTION('',(-1.,-2.77555756156289E-17,0.));
#13618=DIRECTION('',(2.77555756156289E-17,-1.,0.));
#13619=DIRECTION('',(0.,0.,-1.));
#13620=DIRECTION('',(2.77555756156289E-17,-1.,0.));
#13621=DIRECTION('',(1.,2.77555756156289E-17,0.));
#13622=DIRECTION('',(0.,0.,-1.));
#13623=DIRECTION('',(-1.,0.,0.));
#13624=DIRECTION('',(-1.,-2.77555756156289E-17,0.));
#13625=DIRECTION('',(2.77555756156289E-17,-1.,0.));
#13626=DIRECTION('',(1.,2.77555756156289E-17,0.));
#13627=DIRECTION('',(-2.77555756156289E-17,1.,0.));
#13628=DIRECTION('',(2.77555756156289E-17,-1.,0.));
#13629=DIRECTION('',(1.,2.77555756156289E-17,0.));
#13630=DIRECTION('',(0.,0.,-1.));
#13631=DIRECTION('',(0.,0.,-1.));
#13632=DIRECTION('',(-1.,-2.77555756156289E-17,0.));
#13633=DIRECTION('',(2.77555756156289E-17,-1.,0.));
#13634=DIRECTION('',(0.,0.,-1.));
#13635=DIRECTION('',(-2.77555756156289E-17,1.,0.));
#13636=DIRECTION('',(-1.,-2.77555756156289E-17,0.));
#13637=DIRECTION('',(0.,0.,-1.));
#13638=DIRECTION('',(1.,2.77555756156289E-17,0.));
#13639=DIRECTION('',(-2.77555756156289E-17,1.,0.));
#13640=DIRECTION('',(0.,0.,1.));
#13641=DIRECTION('',(1.,0.,0.));
#13642=DIRECTION('',(0.,0.,1.));
#13643=DIRECTION('',(1.,0.,0.));
#13644=DIRECTION('',(0.,0.,1.));
#13645=DIRECTION('',(1.,0.,0.));
#13646=DIRECTION('',(0.,-1.,0.));
#13647=DIRECTION('',(0.,0.,-1.));
#13648=DIRECTION('',(-1.,0.,0.));
#13649=DIRECTION('',(0.,0.,-1.));
#13650=DIRECTION('',(-1.,0.,0.));
#13651=DIRECTION('',(0.,0.,-1.));
#13652=DIRECTION('',(1.,0.,0.));
#13653=DIRECTION('',(0.,0.,-1.));
#13654=DIRECTION('',(0.,-1.,0.));
#13655=DIRECTION('',(0.,-1.,0.));
#13656=DIRECTION('',(0.,0.,-1.));
#13657=DIRECTION('',(0.,1.,0.));
#13658=DIRECTION('',(0.,0.,1.));
#13659=DIRECTION('',(1.,0.,0.));
#13660=DIRECTION('',(1.,0.,0.));
#13661=DIRECTION('',(0.,0.,-1.));
#13662=DIRECTION('',(0.707106781186547,0.707106781186548,0.));
#13663=DIRECTION('',(-0.707106781186548,0.707106781186547,0.));
#13664=DIRECTION('',(0.707106781186548,-0.707106781186547,0.));
#13665=DIRECTION('',(0.,0.,-1.));
#13666=DIRECTION('',(0.707106781186548,-0.707106781186547,0.));
#13667=DIRECTION('',(0.,0.,-1.));
#13668=DIRECTION('',(1.,0.,0.));
#13669=DIRECTION('',(0.,0.,-1.));
#13670=DIRECTION('',(0.,-1.,0.));
#13671=DIRECTION('',(0.,-1.,0.));
#13672=DIRECTION('',(0.,0.,-1.));
#13673=DIRECTION('',(0.707106781186548,-0.707106781186547,0.));
#13674=DIRECTION('',(0.707106781186547,0.707106781186548,0.));
#13675=DIRECTION('',(-0.707106781186547,-0.707106781186548,0.));
#13676=DIRECTION('',(-0.707106781186547,-0.707106781186548,0.));
#13677=DIRECTION('',(0.,0.,-1.));
#13678=DIRECTION('',(-1.06294330635834E-16,-1.,0.));
#13679=DIRECTION('',(1.,-1.06294330635834E-16,0.));
#13680=DIRECTION('',(-1.,1.06294330635834E-16,0.));
#13681=DIRECTION('',(-1.,1.06294330635834E-16,0.));
#13682=DIRECTION('',(0.,0.,-1.));
#13683=DIRECTION('',(-0.707106781186547,-0.707106781186548,0.));
#13684=DIRECTION('',(0.707106781186548,-0.707106781186547,0.));
#13685=DIRECTION('',(-0.707106781186548,0.707106781186547,0.));
#13686=DIRECTION('',(-0.707106781186548,0.707106781186547,0.));
#13687=DIRECTION('',(0.,0.,-1.));
#13688=DIRECTION('',(0.707106781186548,-0.707106781186548,0.));
#13689=DIRECTION('',(0.707106781186548,0.707106781186548,0.));
#13690=DIRECTION('',(-0.707106781186548,-0.707106781186548,0.));
#13691=DIRECTION('',(-0.707106781186548,-0.707106781186548,0.));
#13692=DIRECTION('',(0.,0.,-1.));
#13693=DIRECTION('',(1.06294330635834E-16,-1.,0.));
#13694=DIRECTION('',(1.,1.06294330635834E-16,0.));
#13695=DIRECTION('',(-1.,-1.06294330635834E-16,0.));
#13696=DIRECTION('',(-1.,-1.06294330635834E-16,0.));
#13697=DIRECTION('',(0.,0.,-1.));
#13698=DIRECTION('',(-0.707106781186548,-0.707106781186547,0.));
#13699=DIRECTION('',(0.707106781186547,-0.707106781186548,0.));
#13700=DIRECTION('',(-0.707106781186547,0.707106781186548,0.));
#13701=DIRECTION('',(-0.707106781186547,0.707106781186548,0.));
#13702=DIRECTION('',(0.,0.,-1.));
#13703=DIRECTION('',(-1.,0.,0.));
#13704=DIRECTION('',(0.,0.,1.));
#13705=DIRECTION('',(0.,1.,0.));
#13706=DIRECTION('',(0.,1.,0.));
#13707=DIRECTION('',(0.,0.,-1.));
#13708=DIRECTION('',(-0.707106781186548,0.707106781186548,0.));
#13709=DIRECTION('',(-0.707106781186548,-0.707106781186548,0.));
#13710=DIRECTION('',(0.707106781186548,0.707106781186548,0.));
#13711=DIRECTION('',(0.707106781186548,0.707106781186548,0.));
#13712=DIRECTION('',(0.,0.,-1.));
#13713=DIRECTION('',(0.,1.,0.));
#13714=DIRECTION('',(0.,0.,1.));
#13715=DIRECTION('',(1.,0.,0.));
#13716=DIRECTION('',(1.,0.,0.));
#13717=DIRECTION('',(0.,0.,-1.));
#13718=DIRECTION('',(0.707106781186548,0.707106781186548,0.));
#13719=DIRECTION('',(-0.707106781186548,0.707106781186548,0.));
#13720=DIRECTION('',(0.707106781186548,-0.707106781186548,0.));
#13721=DIRECTION('',(0.707106781186548,-0.707106781186548,0.));
#13722=DIRECTION('',(0.,0.,-1.));
#13723=DIRECTION('',(-0.707106781186548,0.707106781186548,0.));
#13724=DIRECTION('',(-0.707106781186548,-0.707106781186548,0.));
#13725=DIRECTION('',(0.707106781186548,0.707106781186548,0.));
#13726=DIRECTION('',(0.707106781186548,0.707106781186548,0.));
#13727=DIRECTION('',(0.,0.,-1.));
#13728=DIRECTION('',(0.,-1.,0.));
#13729=DIRECTION('',(0.,0.,-1.));
#13730=DIRECTION('',(-1.,0.,0.));
#13731=DIRECTION('',(0.,0.,-1.));
#13732=DIRECTION('',(-1.,0.,0.));
#13733=DIRECTION('',(0.,0.,-1.));
#13734=DIRECTION('',(1.,0.,0.));
#13735=DIRECTION('',(0.,0.,-1.));
#13736=DIRECTION('',(0.,-1.,0.));
#13737=DIRECTION('',(0.,-1.,0.));
#13738=DIRECTION('',(0.,0.,-1.));
#13739=DIRECTION('',(0.,1.,0.));
#13740=DIRECTION('',(0.,0.,1.));
#13741=DIRECTION('',(1.,0.,0.));
#13742=DIRECTION('',(1.,0.,0.));
#13743=DIRECTION('',(0.,0.,-1.));
#13744=DIRECTION('',(0.,1.,0.));
#13745=DIRECTION('',(0.,0.,1.));
#13746=DIRECTION('',(1.,0.,0.));
#13747=DIRECTION('',(1.,0.,0.));
#13748=DIRECTION('',(-1.,0.,0.));
#13749=DIRECTION('',(0.,0.,1.));
#13750=DIRECTION('',(0.,1.,0.));
#13751=DIRECTION('',(0.,1.,0.));
#13752=DIRECTION('',(-1.,0.,0.));
#13753=DIRECTION('',(0.,0.,1.));
#13754=DIRECTION('',(0.,1.,0.));
#13755=DIRECTION('',(0.,1.,0.));
#13756=DIRECTION('',(0.,0.,-1.));
#13757=DIRECTION('',(-1.,0.,0.));
#13758=DIRECTION('',(0.,0.,-1.));
#13759=DIRECTION('',(-1.,0.,0.));
#13760=DIRECTION('',(0.,0.,1.));
#13761=DIRECTION('',(1.,0.,0.));
#13762=DIRECTION('',(0.,1.,0.));
#13763=DIRECTION('',(0.,0.,1.));
#13764=DIRECTION('',(0.,0.,-1.));
#13765=DIRECTION('',(1.,0.,0.));
#13766=DIRECTION('',(0.,0.,-1.));
#13767=DIRECTION('',(-1.,0.,0.));
#13768=DIRECTION('',(-1.,0.,0.));
#13769=DIRECTION('',(0.,0.,1.));
#13770=DIRECTION('',(0.,1.,0.));
#13771=DIRECTION('',(0.,0.,-1.));
#13772=DIRECTION('',(0.,-1.,0.));
#13773=DIRECTION('',(0.,-1.,0.));
#13774=DIRECTION('',(0.,0.,-1.));
#13775=DIRECTION('',(-1.,0.,0.));
#13776=DIRECTION('',(0.,0.,-1.));
#13777=DIRECTION('',(1.,0.,0.));
#13778=DIRECTION('',(1.,0.,0.));
#13779=DIRECTION('',(0.,0.,-1.));
#13780=DIRECTION('',(0.,-1.,0.));
#13781=DIRECTION('',(0.,1.,0.));
#13782=DIRECTION('',(0.,0.,1.));
#13783=DIRECTION('',(1.,0.,0.));
#13784=DIRECTION('',(-1.,0.,0.));
#13785=DIRECTION('',(0.,-1.,0.));
#13786=DIRECTION('',(1.,0.,0.));
#13787=DIRECTION('',(0.,1.,0.));
#13788=DIRECTION('',(0.,0.,1.));
#13789=DIRECTION('',(1.,0.,0.));
#13790=DIRECTION('',(0.,1.,0.));
#13791=DIRECTION('',(1.,0.,0.));
#13792=DIRECTION('',(0.,-1.,0.));
#13793=DIRECTION('',(-1.,0.,0.));
#13794=DIRECTION('',(-0.707106781186545,0.,0.70710678118655));
#13795=DIRECTION('',(0.,1.,0.));
#13796=DIRECTION('',(0.577350269189627,0.577350269189627,0.577350269189624));
#13797=DIRECTION('',(0.577350269189627,-0.577350269189627,0.577350269189624));
#13798=DIRECTION('',(0.,0.707106781186545,0.70710678118655));
#13799=DIRECTION('',(1.,0.,0.));
#13800=DIRECTION('',(0.577350269189627,0.577350269189627,-0.577350269189624));
#13801=DIRECTION('',(0.707106781186545,0.,0.70710678118655));
#13802=DIRECTION('',(0.,-1.,0.));
#13803=DIRECTION('',(0.577350269189627,-0.577350269189627,-0.577350269189624));
#13804=DIRECTION('',(0.707106781186545,0.,0.70710678118655));
#13805=DIRECTION('',(0.,-1.,0.));
#13806=DIRECTION('',(-0.577350269189627,0.577350269189627,0.577350269189624));
#13807=DIRECTION('',(-0.577350269189627,-0.577350269189627,0.577350269189624));
#13808=DIRECTION('',(0.,0.707106781186545,0.70710678118655));
#13809=DIRECTION('',(1.,0.,0.));
#13810=DIRECTION('',(0.577350269189627,-0.577350269189627,0.577350269189624));
#13811=DIRECTION('',(0.,-0.707106781186545,0.70710678118655));
#13812=DIRECTION('',(-1.,0.,0.));
#13813=DIRECTION('',(-0.577350269189627,-0.577350269189627,-0.577350269189624));
#13814=DIRECTION('',(-0.707106781186545,0.,0.70710678118655));
#13815=DIRECTION('',(0.,1.,0.));
#13816=DIRECTION('',(0.,-0.707106781186545,0.70710678118655));
#13817=DIRECTION('',(-1.,0.,0.));
#13818=DIRECTION('',(-1.38777878078145E-16,1.66533453693774E-16,1.));
#13819=DIRECTION('',(1.,0.,1.38777878078145E-16));
#13820=DIRECTION('',(-7.93374680622003E-17,8.32667268468867E-17,-1.));
#13821=DIRECTION('',(2.54222752659115E-32,1.,8.32667268468867E-17));
#13822=DIRECTION('',(5.55111512312578E-17,0.,1.));
#13823=DIRECTION('',(1.,0.,-5.55111512312578E-17));
#13824=DIRECTION('',(5.55111512312578E-17,0.,1.));
#13825=DIRECTION('',(1.,0.,-5.55111512312578E-17));
#13826=DIRECTION('',(0.,0.,1.));
#13827=DIRECTION('',(1.,0.,0.));
#13828=DIRECTION('',(0.110431526074847,-0.993883734673619,0.));
#13829=DIRECTION('',(-1.,0.,0.));
#13830=DIRECTION('',(0.,-1.,0.));
#13831=DIRECTION('',(-1.,0.,0.));
#13832=DIRECTION('',(0.,-1.,0.));
#13833=DIRECTION('',(-1.,0.,0.));
#13834=DIRECTION('',(0.110431526074847,0.993883734673619,0.));
#13835=DIRECTION('',(1.,0.,0.));
#13836=DIRECTION('',(0.,0.,-1.));
#13837=DIRECTION('',(-1.,0.,0.));
#13838=DIRECTION('',(0.110431526074847,-0.993883734673619,0.));
#13839=DIRECTION('',(1.,0.,0.));
#13840=DIRECTION('',(0.110431526074847,0.993883734673619,0.));
#13841=DIRECTION('',(1.,0.,0.));
#13842=DIRECTION('',(0.,-1.,0.));
#13843=DIRECTION('',(1.,0.,0.));
#13844=DIRECTION('',(0.,-1.,0.));
#13845=DIRECTION('',(1.,0.,0.));
#13846=DIRECTION('',(-0.993883734673619,-0.110431526074847,0.));
#13847=DIRECTION('',(0.110431526074847,-0.993883734673619,0.));
#13848=DIRECTION('',(0.,0.,-1.));
#13849=DIRECTION('',(0.,0.,-1.));
#13850=DIRECTION('',(0.,-1.,0.));
#13851=DIRECTION('',(0.,0.,-1.));
#13852=DIRECTION('',(0.,0.,-1.));
#13853=DIRECTION('',(0.993883734673619,-0.110431526074847,0.));
#13854=DIRECTION('',(0.110431526074847,0.993883734673619,0.));
#13855=DIRECTION('',(0.,0.,-1.));
#13856=DIRECTION('',(0.,1.,0.));
#13857=DIRECTION('',(0.,0.,1.));
#13858=DIRECTION('',(1.44560289664734E-15,0.,-1.));
#13859=DIRECTION('',(0.,1.,0.));
#13860=DIRECTION('',(0.,0.,1.));
#13861=DIRECTION('',(-1.44560289664734E-15,0.,-1.));
#13862=DIRECTION('',(0.,-1.,0.));
#13863=DIRECTION('',(0.,0.,-1.));
#13864=DIRECTION('',(0.,-1.,0.));
#13865=DIRECTION('',(0.,-1.,0.));
#13866=DIRECTION('',(0.,1.,0.));
#13867=DIRECTION('',(0.,0.,-1.));
#13868=DIRECTION('',(0.,-1.,0.));
#13869=DIRECTION('',(0.,0.,-1.));
#13870=DIRECTION('',(-1.44560289664734E-15,0.,-1.));
#13871=DIRECTION('',(1.44560289664734E-15,0.,-1.));
#13872=DIRECTION('',(1.44560289664734E-15,0.,1.));
#13873=DIRECTION('',(0.,1.,0.));
#13874=DIRECTION('',(0.,0.,1.));
#13875=DIRECTION('',(-1.44560289664734E-15,0.,1.));
#13876=DIRECTION('',(0.,1.,0.));
#13877=DIRECTION('',(0.,0.,1.));
#13878=DIRECTION('',(-1.44560289664734E-15,0.,1.));
#13879=DIRECTION('',(0.,1.,0.));
#13880=DIRECTION('',(0.,0.,1.));
#13881=DIRECTION('',(1.44560289664734E-15,0.,1.));
#13882=DIRECTION('',(0.,-1.,0.));
#13883=DIRECTION('',(0.,0.,-1.));
#13884=DIRECTION('',(0.,-1.,0.));
#13885=DIRECTION('',(0.,-1.,0.));
#13886=DIRECTION('',(-1.,0.,-1.44560289664734E-15));
#13887=DIRECTION('',(-1.44560289664734E-15,0.,1.));
#13888=DIRECTION('',(1.,0.,-1.44560289664734E-15));
#13889=DIRECTION('',(-1.44560289664734E-15,0.,-1.));
#13890=DIRECTION('',(1.,0.,1.44560289664734E-15));
#13891=DIRECTION('',(1.44560289664734E-15,0.,-1.));
#13892=DIRECTION('',(-1.,0.,1.44560289664734E-15));
#13893=DIRECTION('',(1.44560289664734E-15,0.,1.));
#13894=DIRECTION('',(-1.,-6.51303251316224E-32,-5.99151223114774E-17));
#13895=DIRECTION('',(4.97852890624101E-32,-1.,2.56112905677451E-16));
#13896=DIRECTION('',(0.,0.,-1.));
#13897=DIRECTION('',(-1.,0.,0.));
#13898=DIRECTION('',(-1.,0.,0.));
#13899=DIRECTION('',(0.,-1.,0.));
#13900=DIRECTION('',(-1.,3.91886975727153E-16,0.));
#13901=DIRECTION('',(0.,1.,0.));
#13902=DIRECTION('',(1.,0.,0.));
#13903=DIRECTION('',(0.,1.,0.));
#13904=DIRECTION('',(1.,3.91886975727153E-16,0.));
#13905=DIRECTION('',(0.,-1.,0.));
#13906=DIRECTION('',(0.,0.,-1.));
#13907=DIRECTION('',(-1.,0.,0.));
#13908=DIRECTION('',(0.,-1.,0.));
#13909=DIRECTION('',(-1.,0.,0.));
#13910=DIRECTION('',(0.,-1.,0.));
#13911=DIRECTION('',(1.,3.91886975727153E-16,0.));
#13912=DIRECTION('',(0.,1.,0.));
#13913=DIRECTION('',(1.,0.,0.));
#13914=DIRECTION('',(0.,1.,0.));
#13915=DIRECTION('',(-1.,3.91886975727153E-16,0.));
#13916=DIRECTION('',(-3.91886975727153E-16,1.,0.));
#13917=DIRECTION('',(-1.,-3.91886975727153E-16,0.));
#13918=DIRECTION('',(0.,0.,-1.));
#13919=DIRECTION('',(0.,0.,-1.));
#13920=DIRECTION('',(1.,0.,0.));
#13921=DIRECTION('',(0.,0.,-1.));
#13922=DIRECTION('',(0.,0.,-1.));
#13923=DIRECTION('',(0.,-1.,0.));
#13924=DIRECTION('',(0.,0.,-1.));
#13925=DIRECTION('',(0.,0.,-1.));
#13926=DIRECTION('',(-1.,0.,0.));
#13927=DIRECTION('',(0.,0.,1.));
#13928=DIRECTION('',(0.,0.,-1.));
#13929=DIRECTION('',(0.,-1.,0.));
#13930=DIRECTION('',(0.,0.,-1.));
#13931=DIRECTION('',(0.,0.,-1.));
#13932=DIRECTION('',(3.91886975727153E-16,1.,0.));
#13933=DIRECTION('',(1.,-3.91886975727153E-16,0.));
#13934=DIRECTION('',(0.,0.,-1.));
#13935=DIRECTION('',(0.,0.,-1.));
#13936=DIRECTION('',(-1.,0.,0.));
#13937=DIRECTION('',(0.,0.,-1.));
#13938=DIRECTION('',(1.,0.,0.));
#13939=DIRECTION('',(0.,0.,1.));
#13940=DIRECTION('',(-1.,-1.11022302462516E-16,-1.28336570492149E-16));
#13941=DIRECTION('',(-1.11022302462516E-16,1.,6.16297582203916E-33));
#13942=DIRECTION('',(-1.,0.,1.0842021724855E-16));
#13943=DIRECTION('',(1.0842021724855E-16,0.,1.));
#13944=DIRECTION('',(-1.0842021724855E-16,0.,-1.));
#13945=DIRECTION('',(1.,0.,-1.0842021724855E-16));
#13946=DIRECTION('',(0.,0.,1.));
#13947=DIRECTION('',(0.,-1.,0.));
#13948=DIRECTION('',(1.,0.,-1.0842021724855E-16));
#13949=DIRECTION('',(0.,0.,1.));
#13950=DIRECTION('',(-1.0842021724855E-16,0.,-1.));
#13951=DIRECTION('',(1.,0.,-1.0842021724855E-16));
#13952=DIRECTION('',(0.,0.,1.));
#13953=DIRECTION('',(0.,-1.,0.));
#13954=DIRECTION('',(1.,0.,-1.0842021724855E-16));
#13955=DIRECTION('',(0.,0.,1.));
#13956=DIRECTION('',(1.,0.,-8.67361737988404E-17));
#13957=DIRECTION('',(0.,0.,-1.));
#13958=DIRECTION('',(0.,1.,0.));
#13959=DIRECTION('',(1.,0.,-8.67361737988404E-17));
#13960=DIRECTION('',(0.,0.,-1.));
#13961=DIRECTION('',(0.,0.,-1.));
#13962=DIRECTION('',(1.,0.,-8.67361737988404E-17));
#13963=DIRECTION('',(0.,0.,-1.));
#13964=DIRECTION('',(0.,-1.,5.42101086242752E-17));
#13965=DIRECTION('',(1.,0.,-8.67361737988404E-17));
#13966=DIRECTION('',(0.,0.,-1.));
#13967=DIRECTION('',(0.,0.,1.));
#13968=DIRECTION('',(0.,-1.,0.));
#13969=DIRECTION('',(0.,0.,-1.));
#13970=DIRECTION('',(0.,-1.,0.));
#13971=DIRECTION('',(0.,0.,1.));
#13972=DIRECTION('',(0.,1.,0.));
#13973=DIRECTION('',(0.,1.,0.));
#13974=DIRECTION('',(0.,0.,-1.));
#13975=DIRECTION('',(0.,-1.,0.));
#13976=DIRECTION('',(0.,1.,0.));
#13977=DIRECTION('',(1.,0.,0.));
#13978=DIRECTION('',(-1.,0.,0.));
#13979=DIRECTION('',(0.,0.,1.));
#13980=DIRECTION('',(0.,0.,-1.));
#13981=DIRECTION('',(-1.,0.,0.));
#13982=DIRECTION('',(0.,1.,0.));
#13983=DIRECTION('',(1.,0.,0.));
#13984=DIRECTION('',(0.,0.,-1.));
#13985=DIRECTION('',(-1.,0.,0.));
#13986=DIRECTION('',(-1.,0.,0.));
#13987=DIRECTION('',(0.,0.,1.));
#13988=DIRECTION('',(-1.,0.,0.));
#13989=DIRECTION('',(0.,0.,1.));
#13990=DIRECTION('',(1.,0.,0.));
#13991=DIRECTION('',(-1.,0.,0.));
#13992=DIRECTION('',(2.16840434497101E-16,0.,1.));
#13993=DIRECTION('',(1.,0.,0.));
#13994=DIRECTION('',(0.,0.,-1.));
#13995=DIRECTION('',(1.,0.,0.));
#13996=DIRECTION('',(2.16840434497101E-16,0.,1.));
#13997=DIRECTION('',(-2.16840434497101E-16,0.,-1.));
#13998=DIRECTION('',(-2.16840434497101E-16,0.,-1.));
#13999=DIRECTION('',(-1.,0.,2.16840434497101E-16));
#14000=DIRECTION('',(0.,0.,-1.));
#14001=DIRECTION('',(1.,0.,0.));
#14002=DIRECTION('',(2.16840434497101E-16,0.,1.));
#14003=DIRECTION('',(-2.16840434497101E-16,0.,-1.));
#14004=DIRECTION('',(1.,0.,0.));
#14005=DIRECTION('',(0.,0.,-1.));
#14006=DIRECTION('',(1.,0.,0.));
#14007=DIRECTION('',(-1.,0.,0.));
#14008=DIRECTION('',(0.,1.,0.));
#14009=DIRECTION('',(1.,0.,0.));
#14010=DIRECTION('',(-1.,0.,0.));
#14011=DIRECTION('',(0.,0.,1.));
#14012=DIRECTION('',(0.,-1.,0.));
#14013=DIRECTION('',(0.,0.,-1.));
#14014=DIRECTION('',(0.,1.,0.));
#14015=DIRECTION('',(1.,0.,0.));
#14016=DIRECTION('',(0.,1.,0.));
#14017=DIRECTION('',(0.,0.,1.));
#14018=DIRECTION('',(-1.,0.,0.));
#14019=DIRECTION('',(0.,0.,1.));
#14020=DIRECTION('',(1.,0.,0.));
#14021=DIRECTION('',(0.,0.,-1.));
#14022=DIRECTION('',(1.,0.,0.));
#14023=DIRECTION('',(-1.,0.,0.));
#14024=DIRECTION('',(0.,-1.,0.));
#14025=DIRECTION('',(0.,0.,-1.));
#14026=DIRECTION('',(0.,-1.,0.));
#14027=DIRECTION('',(0.,1.,0.));
#14028=DIRECTION('',(-1.,0.,0.));
#14029=DIRECTION('',(0.,0.,1.));
#14030=DIRECTION('',(1.,0.,0.));
#14031=DIRECTION('',(-1.,0.,0.));
#14032=DIRECTION('',(0.,1.,0.));
#14033=DIRECTION('',(0.,0.,1.));
#14034=DIRECTION('',(0.,1.,0.));
#14035=DIRECTION('',(0.,0.,1.));
#14036=DIRECTION('',(0.,0.,1.));
#14037=DIRECTION('',(1.,0.,0.));
#14038=DIRECTION('',(0.,0.,-1.));
#14039=DIRECTION('',(-1.,0.,0.));
#14040=DIRECTION('',(1.,0.,-2.16840434497101E-16));
#14041=DIRECTION('',(-2.16840434497101E-16,0.,-1.));
#14042=DIRECTION('',(0.,-1.,0.));
#14043=DIRECTION('',(0.,0.,-1.));
#14044=DIRECTION('',(0.,1.,0.));
#14045=DIRECTION('',(0.,0.,1.));
#14046=DIRECTION('',(0.,-1.,0.));
#14047=DIRECTION('',(0.,-1.,0.));
#14048=DIRECTION('',(0.,0.,-1.));
#14049=DIRECTION('',(0.,1.,0.));
#14050=DIRECTION('',(0.,-1.,0.));
#14051=DIRECTION('',(-1.,0.,0.));
#14052=DIRECTION('',(-1.,0.,0.));
#14053=DIRECTION('',(0.,0.,1.));
#14054=DIRECTION('',(0.,0.,1.));
#14055=DIRECTION('',(1.,0.,0.));
#14056=DIRECTION('',(0.,-1.,0.));
#14057=DIRECTION('',(-1.,0.,0.));
#14058=DIRECTION('',(0.,0.,1.));
#14059=DIRECTION('',(1.,0.,0.));
#14060=DIRECTION('',(-1.,0.,0.));
#14061=DIRECTION('',(0.,0.,1.));
#14062=DIRECTION('',(1.,0.,0.));
#14063=DIRECTION('',(0.,0.,1.));
#14064=DIRECTION('',(1.,0.,1.0842021724855E-16));
#14065=DIRECTION('',(0.,0.,1.));
#14066=DIRECTION('',(1.,0.,0.));
#14067=DIRECTION('',(-1.,0.,0.));
#14068=DIRECTION('',(-2.16840434497101E-16,0.,1.));
#14069=DIRECTION('',(-1.,0.,0.));
#14070=DIRECTION('',(0.,0.,1.));
#14071=DIRECTION('',(-1.,0.,0.));
#14072=DIRECTION('',(2.16840434497101E-16,0.,-1.));
#14073=DIRECTION('',(-2.16840434497101E-16,0.,1.));
#14074=DIRECTION('',(2.16840434497101E-16,0.,-1.));
#14075=DIRECTION('',(1.,0.,2.16840434497101E-16));
#14076=DIRECTION('',(0.,0.,1.));
#14077=DIRECTION('',(-1.,0.,0.));
#14078=DIRECTION('',(2.16840434497101E-16,0.,-1.));
#14079=DIRECTION('',(-2.16840434497101E-16,0.,1.));
#14080=DIRECTION('',(-1.,0.,0.));
#14081=DIRECTION('',(0.,0.,-1.));
#14082=DIRECTION('',(1.,0.,1.0842021724855E-16));
#14083=DIRECTION('',(0.,0.,1.));
#14084=DIRECTION('',(1.,0.,0.));
#14085=DIRECTION('',(-1.,0.,0.));
#14086=DIRECTION('',(0.,-1.,0.));
#14087=DIRECTION('',(-1.,0.,0.));
#14088=DIRECTION('',(-1.,0.,0.));
#14089=DIRECTION('',(0.,0.,1.));
#14090=DIRECTION('',(0.,1.,0.));
#14091=DIRECTION('',(0.,0.,-1.));
#14092=DIRECTION('',(0.,-1.,0.));
#14093=DIRECTION('',(-1.,0.,0.));
#14094=DIRECTION('',(0.,-1.,0.));
#14095=DIRECTION('',(0.,0.,1.));
#14096=DIRECTION('',(-1.,0.,0.));
#14097=DIRECTION('',(0.,0.,1.));
#14098=DIRECTION('',(-1.,0.,0.));
#14099=DIRECTION('',(0.,0.,-1.));
#14100=DIRECTION('',(1.,0.,1.0842021724855E-16));
#14101=DIRECTION('',(0.,0.,1.));
#14102=DIRECTION('',(1.,0.,0.));
#14103=DIRECTION('',(-1.,0.,0.));
#14104=DIRECTION('',(0.,-1.,0.));
#14105=DIRECTION('',(0.,0.,-1.));
#14106=DIRECTION('',(0.,1.,0.));
#14107=DIRECTION('',(0.,-1.,0.));
#14108=DIRECTION('',(1.,0.,0.));
#14109=DIRECTION('',(0.,0.,1.));
#14110=DIRECTION('',(1.,0.,1.0842021724855E-16));
#14111=DIRECTION('',(0.,0.,1.));
#14112=DIRECTION('',(1.,0.,0.));
#14113=DIRECTION('',(-1.,0.,0.));
#14114=DIRECTION('',(0.,1.,0.));
#14115=DIRECTION('',(0.,0.,1.));
#14116=DIRECTION('',(1.0842021724855E-16,0.,-1.));
#14117=DIRECTION('',(0.,1.,0.));
#14118=DIRECTION('',(0.,0.,1.));
#14119=DIRECTION('',(1.0842021724855E-16,0.,-1.));
#14120=DIRECTION('',(0.,0.,1.));
#14121=DIRECTION('',(-1.,0.,0.));
#14122=DIRECTION('',(0.,-1.,0.));
#14123=DIRECTION('',(1.,0.,1.0842021724855E-16));
#14124=DIRECTION('',(-1.0842021724855E-16,0.,1.));
#14125=DIRECTION('',(0.,1.,0.));
#14126=DIRECTION('',(1.,0.,1.0842021724855E-16));
#14127=DIRECTION('',(0.,0.,-1.));
#14128=DIRECTION('',(-1.0842021724855E-16,0.,1.));
#14129=DIRECTION('',(1.,0.,1.0842021724855E-16));
#14130=DIRECTION('',(0.,0.,-1.));
#14131=DIRECTION('',(-5.87747175411144E-33,-1.,5.42101086242752E-17));
#14132=DIRECTION('',(1.,0.,1.0842021724855E-16));
#14133=DIRECTION('',(0.,0.,-1.));
#14134=DIRECTION('',(1.0842021724855E-16,0.,-1.));
#14135=DIRECTION('',(1.,0.,1.0842021724855E-16));
#14136=DIRECTION('',(0.,0.,-1.));
#14137=DIRECTION('',(0.,-1.,0.));
#14138=DIRECTION('',(0.,0.,-1.));
#14139=DIRECTION('',(1.,0.,0.));
#14140=DIRECTION('',(-1.,0.,-2.16840434497101E-16));
#14141=DIRECTION('',(2.16840434497101E-16,0.,-1.));
#14142=DIRECTION('',(-1.,0.,8.67361737988404E-17));
#14143=DIRECTION('',(0.,0.,1.));
#14144=DIRECTION('',(-1.,0.,8.67361737988404E-17));
#14145=DIRECTION('',(-1.,0.,8.67361737988404E-17));
#14146=DIRECTION('',(0.,-1.,0.));
#14147=DIRECTION('',(0.,0.,-1.));
#14148=DIRECTION('',(-1.,0.,8.67361737988404E-17));
#14149=DIRECTION('',(-1.,0.,8.67361737988404E-17));
#14150=DIRECTION('',(0.,0.,1.));
#14151=DIRECTION('',(-1.,0.,8.67361737988404E-17));
#14152=DIRECTION('',(-8.67361737988404E-17,-5.42101086242752E-17,-1.));
#14153=DIRECTION('',(-1.,0.,8.67361737988404E-17));
#14154=DIRECTION('',(-1.,0.,8.67361737988404E-17));
#14155=DIRECTION('',(-1.,0.,8.67361737988404E-17));
#14156=DIRECTION('',(0.,0.,1.));
#14157=DIRECTION('',(-1.,0.,8.67361737988404E-17));
#14158=DIRECTION('',(0.,1.,0.));
#14159=DIRECTION('',(0.,0.,1.));
#14160=DIRECTION('',(-1.,0.,8.67361737988404E-17));
#14161=DIRECTION('',(-1.,0.,8.67361737988404E-17));
#14162=DIRECTION('',(0.,0.,1.));
#14163=DIRECTION('',(-1.,0.,8.67361737988404E-17));
#14164=DIRECTION('',(8.67361737988404E-17,0.,1.));
#14165=DIRECTION('',(1.,0.,-8.67361737988404E-17));
#14166=DIRECTION('',(-1.04511204364655E-16,-8.90601281869576E-49,-1.));
#14167=DIRECTION('',(-1.,-1.11022302462516E-16,1.04511204364655E-16));
#14168=DIRECTION('',(-1.,0.,1.0842021724855E-16));
#14169=DIRECTION('',(1.0842021724855E-16,0.,1.));
#14170=DIRECTION('',(-1.0842021724855E-16,0.,-1.));
#14171=DIRECTION('',(1.,0.,-1.0842021724855E-16));
#14172=DIRECTION('',(0.,0.,1.));
#14173=DIRECTION('',(0.,-1.,0.));
#14174=DIRECTION('',(1.,0.,-1.0842021724855E-16));
#14175=DIRECTION('',(0.,0.,1.));
#14176=DIRECTION('',(-1.0842021724855E-16,0.,-1.));
#14177=DIRECTION('',(1.,0.,-1.0842021724855E-16));
#14178=DIRECTION('',(0.,0.,1.));
#14179=DIRECTION('',(0.,-1.,0.));
#14180=DIRECTION('',(1.,0.,-1.0842021724855E-16));
#14181=DIRECTION('',(0.,0.,1.));
#14182=DIRECTION('',(1.,0.,-8.67361737988404E-17));
#14183=DIRECTION('',(0.,0.,-1.));
#14184=DIRECTION('',(0.,1.,0.));
#14185=DIRECTION('',(1.,0.,-8.67361737988404E-17));
#14186=DIRECTION('',(0.,0.,-1.));
#14187=DIRECTION('',(0.,0.,-1.));
#14188=DIRECTION('',(1.,0.,-8.67361737988404E-17));
#14189=DIRECTION('',(0.,0.,-1.));
#14190=DIRECTION('',(0.,-1.,5.42101086242752E-17));
#14191=DIRECTION('',(1.,0.,-8.67361737988404E-17));
#14192=DIRECTION('',(0.,0.,-1.));
#14193=DIRECTION('',(0.,0.,1.));
#14194=DIRECTION('',(0.,-1.,0.));
#14195=DIRECTION('',(0.,0.,-1.));
#14196=DIRECTION('',(0.,-1.,0.));
#14197=DIRECTION('',(0.,0.,1.));
#14198=DIRECTION('',(0.,1.,0.));
#14199=DIRECTION('',(0.,1.,0.));
#14200=DIRECTION('',(0.,0.,-1.));
#14201=DIRECTION('',(0.,-1.,0.));
#14202=DIRECTION('',(0.,1.,0.));
#14203=DIRECTION('',(1.,0.,0.));
#14204=DIRECTION('',(-1.,0.,0.));
#14205=DIRECTION('',(0.,0.,1.));
#14206=DIRECTION('',(0.,0.,-1.));
#14207=DIRECTION('',(-1.,0.,0.));
#14208=DIRECTION('',(0.,1.,0.));
#14209=DIRECTION('',(1.,0.,0.));
#14210=DIRECTION('',(0.,0.,-1.));
#14211=DIRECTION('',(-1.,0.,0.));
#14212=DIRECTION('',(-1.,0.,0.));
#14213=DIRECTION('',(0.,0.,1.));
#14214=DIRECTION('',(-1.,0.,0.));
#14215=DIRECTION('',(0.,0.,1.));
#14216=DIRECTION('',(1.,0.,0.));
#14217=DIRECTION('',(-1.,0.,0.));
#14218=DIRECTION('',(2.16840434497101E-16,0.,1.));
#14219=DIRECTION('',(1.,0.,0.));
#14220=DIRECTION('',(0.,0.,-1.));
#14221=DIRECTION('',(1.,0.,0.));
#14222=DIRECTION('',(2.16840434497101E-16,0.,1.));
#14223=DIRECTION('',(-2.16840434497101E-16,0.,-1.));
#14224=DIRECTION('',(-2.16840434497101E-16,0.,-1.));
#14225=DIRECTION('',(-1.,0.,2.16840434497101E-16));
#14226=DIRECTION('',(0.,0.,-1.));
#14227=DIRECTION('',(1.,0.,0.));
#14228=DIRECTION('',(2.16840434497101E-16,0.,1.));
#14229=DIRECTION('',(-2.16840434497101E-16,0.,-1.));
#14230=DIRECTION('',(1.,0.,0.));
#14231=DIRECTION('',(0.,0.,-1.));
#14232=DIRECTION('',(1.,0.,0.));
#14233=DIRECTION('',(-1.,0.,0.));
#14234=DIRECTION('',(0.,1.,0.));
#14235=DIRECTION('',(1.,0.,0.));
#14236=DIRECTION('',(-1.,0.,0.));
#14237=DIRECTION('',(0.,0.,1.));
#14238=DIRECTION('',(0.,-1.,0.));
#14239=DIRECTION('',(0.,0.,-1.));
#14240=DIRECTION('',(0.,1.,0.));
#14241=DIRECTION('',(1.,0.,0.));
#14242=DIRECTION('',(0.,1.,0.));
#14243=DIRECTION('',(0.,0.,1.));
#14244=DIRECTION('',(-1.,0.,0.));
#14245=DIRECTION('',(0.,0.,1.));
#14246=DIRECTION('',(1.,0.,0.));
#14247=DIRECTION('',(0.,0.,-1.));
#14248=DIRECTION('',(1.,0.,0.));
#14249=DIRECTION('',(-1.,0.,0.));
#14250=DIRECTION('',(0.,-1.,0.));
#14251=DIRECTION('',(0.,0.,-1.));
#14252=DIRECTION('',(0.,-1.,0.));
#14253=DIRECTION('',(0.,1.,0.));
#14254=DIRECTION('',(-1.,0.,0.));
#14255=DIRECTION('',(0.,0.,1.));
#14256=DIRECTION('',(1.,0.,0.));
#14257=DIRECTION('',(-1.,0.,0.));
#14258=DIRECTION('',(0.,1.,0.));
#14259=DIRECTION('',(0.,0.,1.));
#14260=DIRECTION('',(0.,1.,0.));
#14261=DIRECTION('',(0.,0.,1.));
#14262=DIRECTION('',(0.,0.,1.));
#14263=DIRECTION('',(1.,0.,0.));
#14264=DIRECTION('',(0.,0.,-1.));
#14265=DIRECTION('',(-1.,0.,0.));
#14266=DIRECTION('',(1.,0.,-2.16840434497101E-16));
#14267=DIRECTION('',(-2.16840434497101E-16,0.,-1.));
#14268=DIRECTION('',(0.,-1.,0.));
#14269=DIRECTION('',(0.,0.,-1.));
#14270=DIRECTION('',(0.,1.,0.));
#14271=DIRECTION('',(0.,0.,1.));
#14272=DIRECTION('',(0.,-1.,0.));
#14273=DIRECTION('',(0.,-1.,0.));
#14274=DIRECTION('',(0.,0.,-1.));
#14275=DIRECTION('',(0.,1.,0.));
#14276=DIRECTION('',(0.,-1.,0.));
#14277=DIRECTION('',(-1.,0.,0.));
#14278=DIRECTION('',(-1.,0.,0.));
#14279=DIRECTION('',(0.,0.,1.));
#14280=DIRECTION('',(0.,0.,1.));
#14281=DIRECTION('',(1.,0.,0.));
#14282=DIRECTION('',(0.,-1.,0.));
#14283=DIRECTION('',(-1.,0.,0.));
#14284=DIRECTION('',(0.,0.,1.));
#14285=DIRECTION('',(1.,0.,0.));
#14286=DIRECTION('',(-1.,0.,0.));
#14287=DIRECTION('',(0.,0.,1.));
#14288=DIRECTION('',(1.,0.,0.));
#14289=DIRECTION('',(0.,0.,1.));
#14290=DIRECTION('',(1.,0.,1.0842021724855E-16));
#14291=DIRECTION('',(0.,0.,1.));
#14292=DIRECTION('',(1.,0.,0.));
#14293=DIRECTION('',(-1.,0.,0.));
#14294=DIRECTION('',(-2.16840434497101E-16,0.,1.));
#14295=DIRECTION('',(-1.,0.,0.));
#14296=DIRECTION('',(0.,0.,1.));
#14297=DIRECTION('',(-1.,0.,0.));
#14298=DIRECTION('',(2.16840434497101E-16,0.,-1.));
#14299=DIRECTION('',(-2.16840434497101E-16,0.,1.));
#14300=DIRECTION('',(2.16840434497101E-16,0.,-1.));
#14301=DIRECTION('',(1.,0.,2.16840434497101E-16));
#14302=DIRECTION('',(0.,0.,1.));
#14303=DIRECTION('',(-1.,0.,0.));
#14304=DIRECTION('',(2.16840434497101E-16,0.,-1.));
#14305=DIRECTION('',(-2.16840434497101E-16,0.,1.));
#14306=DIRECTION('',(-1.,0.,0.));
#14307=DIRECTION('',(0.,0.,-1.));
#14308=DIRECTION('',(1.,0.,1.0842021724855E-16));
#14309=DIRECTION('',(0.,0.,1.));
#14310=DIRECTION('',(1.,0.,0.));
#14311=DIRECTION('',(-1.,0.,0.));
#14312=DIRECTION('',(0.,-1.,0.));
#14313=DIRECTION('',(-1.,0.,0.));
#14314=DIRECTION('',(-1.,0.,0.));
#14315=DIRECTION('',(0.,0.,1.));
#14316=DIRECTION('',(0.,1.,0.));
#14317=DIRECTION('',(0.,0.,-1.));
#14318=DIRECTION('',(0.,-1.,0.));
#14319=DIRECTION('',(-1.,0.,0.));
#14320=DIRECTION('',(0.,-1.,0.));
#14321=DIRECTION('',(0.,0.,1.));
#14322=DIRECTION('',(-1.,0.,0.));
#14323=DIRECTION('',(0.,0.,1.));
#14324=DIRECTION('',(-1.,0.,0.));
#14325=DIRECTION('',(0.,0.,-1.));
#14326=DIRECTION('',(1.,0.,1.0842021724855E-16));
#14327=DIRECTION('',(0.,0.,1.));
#14328=DIRECTION('',(1.,0.,0.));
#14329=DIRECTION('',(-1.,0.,0.));
#14330=DIRECTION('',(0.,-1.,0.));
#14331=DIRECTION('',(0.,0.,-1.));
#14332=DIRECTION('',(0.,1.,0.));
#14333=DIRECTION('',(0.,-1.,0.));
#14334=DIRECTION('',(1.,0.,0.));
#14335=DIRECTION('',(0.,0.,1.));
#14336=DIRECTION('',(1.,0.,1.0842021724855E-16));
#14337=DIRECTION('',(0.,0.,1.));
#14338=DIRECTION('',(1.,0.,0.));
#14339=DIRECTION('',(-1.,0.,0.));
#14340=DIRECTION('',(0.,1.,0.));
#14341=DIRECTION('',(0.,0.,1.));
#14342=DIRECTION('',(1.0842021724855E-16,0.,-1.));
#14343=DIRECTION('',(0.,1.,0.));
#14344=DIRECTION('',(0.,0.,1.));
#14345=DIRECTION('',(1.0842021724855E-16,0.,-1.));
#14346=DIRECTION('',(0.,0.,1.));
#14347=DIRECTION('',(-1.,0.,0.));
#14348=DIRECTION('',(0.,-1.,0.));
#14349=DIRECTION('',(1.,0.,1.0842021724855E-16));
#14350=DIRECTION('',(-1.0842021724855E-16,0.,1.));
#14351=DIRECTION('',(0.,1.,0.));
#14352=DIRECTION('',(1.,0.,1.0842021724855E-16));
#14353=DIRECTION('',(0.,0.,-1.));
#14354=DIRECTION('',(-1.0842021724855E-16,0.,1.));
#14355=DIRECTION('',(1.,0.,1.0842021724855E-16));
#14356=DIRECTION('',(0.,0.,-1.));
#14357=DIRECTION('',(-5.87747175411144E-33,-1.,5.42101086242752E-17));
#14358=DIRECTION('',(1.,0.,1.0842021724855E-16));
#14359=DIRECTION('',(0.,0.,-1.));
#14360=DIRECTION('',(1.0842021724855E-16,0.,-1.));
#14361=DIRECTION('',(1.,0.,1.0842021724855E-16));
#14362=DIRECTION('',(0.,0.,-1.));
#14363=DIRECTION('',(0.,-1.,0.));
#14364=DIRECTION('',(0.,0.,-1.));
#14365=DIRECTION('',(1.,0.,0.));
#14366=DIRECTION('',(-1.,0.,-2.16840434497101E-16));
#14367=DIRECTION('',(2.16840434497101E-16,0.,-1.));
#14368=DIRECTION('',(-1.,0.,8.67361737988404E-17));
#14369=DIRECTION('',(0.,0.,1.));
#14370=DIRECTION('',(-1.,0.,8.67361737988404E-17));
#14371=DIRECTION('',(-1.,0.,8.67361737988404E-17));
#14372=DIRECTION('',(0.,-1.,0.));
#14373=DIRECTION('',(0.,0.,-1.));
#14374=DIRECTION('',(-1.,0.,8.67361737988404E-17));
#14375=DIRECTION('',(-1.,0.,8.67361737988404E-17));
#14376=DIRECTION('',(0.,0.,1.));
#14377=DIRECTION('',(-1.,0.,8.67361737988404E-17));
#14378=DIRECTION('',(-8.67361737988404E-17,-5.42101086242752E-17,-1.));
#14379=DIRECTION('',(-1.,0.,8.67361737988404E-17));
#14380=DIRECTION('',(-1.,0.,8.67361737988404E-17));
#14381=DIRECTION('',(-1.,0.,8.67361737988404E-17));
#14382=DIRECTION('',(0.,0.,1.));
#14383=DIRECTION('',(-1.,0.,8.67361737988404E-17));
#14384=DIRECTION('',(0.,1.,0.));
#14385=DIRECTION('',(0.,0.,1.));
#14386=DIRECTION('',(-1.,0.,8.67361737988404E-17));
#14387=DIRECTION('',(-1.,0.,8.67361737988404E-17));
#14388=DIRECTION('',(0.,0.,1.));
#14389=DIRECTION('',(-1.,0.,8.67361737988404E-17));
#14390=DIRECTION('',(8.67361737988404E-17,0.,1.));
#14391=DIRECTION('',(1.,0.,-8.67361737988404E-17));
#14392=DIRECTION('',(-1.04511204364655E-16,-8.20383285877626E-17,-1.));
#14393=DIRECTION('',(-1.,-2.22044604925031E-16,1.04511204364655E-16));
#14394=DIRECTION('',(-1.,0.,1.0842021724855E-16));
#14395=DIRECTION('',(1.0842021724855E-16,0.,1.));
#14396=DIRECTION('',(-1.0842021724855E-16,0.,-1.));
#14397=DIRECTION('',(-1.,0.,1.0842021724855E-16));
#14398=DIRECTION('',(0.,0.,1.));
#14399=DIRECTION('',(0.,1.,0.));
#14400=DIRECTION('',(-1.,0.,1.0842021724855E-16));
#14401=DIRECTION('',(0.,0.,1.));
#14402=DIRECTION('',(-1.0842021724855E-16,0.,-1.));
#14403=DIRECTION('',(-1.,0.,1.0842021724855E-16));
#14404=DIRECTION('',(0.,0.,1.));
#14405=DIRECTION('',(0.,1.,0.));
#14406=DIRECTION('',(-1.,0.,1.0842021724855E-16));
#14407=DIRECTION('',(0.,0.,1.));
#14408=DIRECTION('',(-1.,0.,8.67361737988404E-17));
#14409=DIRECTION('',(0.,0.,-1.));
#14410=DIRECTION('',(0.,0.,1.));
#14411=DIRECTION('',(-1.,0.,8.67361737988404E-17));
#14412=DIRECTION('',(0.,0.,-1.));
#14413=DIRECTION('',(0.,1.,5.42101086242752E-17));
#14414=DIRECTION('',(-1.,0.,8.67361737988404E-17));
#14415=DIRECTION('',(0.,0.,-1.));
#14416=DIRECTION('',(0.,0.,-1.));
#14417=DIRECTION('',(-1.,0.,8.67361737988404E-17));
#14418=DIRECTION('',(0.,0.,-1.));
#14419=DIRECTION('',(0.,-1.,0.));
#14420=DIRECTION('',(0.,1.,0.));
#14421=DIRECTION('',(0.,0.,-1.));
#14422=DIRECTION('',(0.,-1.,0.));
#14423=DIRECTION('',(0.,0.,1.));
#14424=DIRECTION('',(0.,1.,0.));
#14425=DIRECTION('',(0.,1.,0.));
#14426=DIRECTION('',(0.,0.,-1.));
#14427=DIRECTION('',(0.,-1.,0.));
#14428=DIRECTION('',(0.,-1.,0.));
#14429=DIRECTION('',(1.,0.,0.));
#14430=DIRECTION('',(1.,0.,0.));
#14431=DIRECTION('',(0.,0.,1.));
#14432=DIRECTION('',(0.,0.,1.));
#14433=DIRECTION('',(-1.,0.,0.));
#14434=DIRECTION('',(0.,-1.,0.));
#14435=DIRECTION('',(1.,0.,0.));
#14436=DIRECTION('',(0.,0.,1.));
#14437=DIRECTION('',(-1.,0.,0.));
#14438=DIRECTION('',(1.,0.,0.));
#14439=DIRECTION('',(0.,0.,1.));
#14440=DIRECTION('',(-1.,0.,0.));
#14441=DIRECTION('',(0.,0.,1.));
#14442=DIRECTION('',(-1.,0.,0.));
#14443=DIRECTION('',(1.,0.,0.));
#14444=DIRECTION('',(2.16840434497101E-16,0.,1.));
#14445=DIRECTION('',(1.,0.,0.));
#14446=DIRECTION('',(0.,0.,1.));
#14447=DIRECTION('',(1.,0.,0.));
#14448=DIRECTION('',(-2.16840434497101E-16,0.,-1.));
#14449=DIRECTION('',(2.16840434497101E-16,0.,1.));
#14450=DIRECTION('',(-2.16840434497101E-16,0.,-1.));
#14451=DIRECTION('',(-1.,0.,2.16840434497101E-16));
#14452=DIRECTION('',(0.,0.,1.));
#14453=DIRECTION('',(1.,0.,0.));
#14454=DIRECTION('',(-2.16840434497101E-16,0.,-1.));
#14455=DIRECTION('',(2.16840434497101E-16,0.,1.));
#14456=DIRECTION('',(1.,0.,0.));
#14457=DIRECTION('',(0.,0.,-1.));
#14458=DIRECTION('',(-1.,0.,0.));
#14459=DIRECTION('',(1.,0.,0.));
#14460=DIRECTION('',(0.,-1.,0.));
#14461=DIRECTION('',(1.,0.,0.));
#14462=DIRECTION('',(1.,0.,0.));
#14463=DIRECTION('',(0.,0.,1.));
#14464=DIRECTION('',(0.,-1.,0.));
#14465=DIRECTION('',(0.,0.,-1.));
#14466=DIRECTION('',(0.,-1.,0.));
#14467=DIRECTION('',(1.,0.,0.));
#14468=DIRECTION('',(0.,1.,0.));
#14469=DIRECTION('',(0.,0.,1.));
#14470=DIRECTION('',(1.,0.,0.));
#14471=DIRECTION('',(0.,0.,1.));
#14472=DIRECTION('',(1.,0.,0.));
#14473=DIRECTION('',(0.,0.,-1.));
#14474=DIRECTION('',(-1.,0.,0.));
#14475=DIRECTION('',(1.,0.,0.));
#14476=DIRECTION('',(0.,1.,0.));
#14477=DIRECTION('',(0.,0.,-1.));
#14478=DIRECTION('',(0.,-1.,0.));
#14479=DIRECTION('',(0.,1.,0.));
#14480=DIRECTION('',(-1.,0.,0.));
#14481=DIRECTION('',(0.,0.,1.));
#14482=DIRECTION('',(-1.,0.,0.));
#14483=DIRECTION('',(1.,0.,0.));
#14484=DIRECTION('',(0.,-1.,0.));
#14485=DIRECTION('',(0.,0.,1.));
#14486=DIRECTION('',(0.,-1.,0.));
#14487=DIRECTION('',(0.,0.,1.));
#14488=DIRECTION('',(0.,0.,1.));
#14489=DIRECTION('',(1.,0.,0.));
#14490=DIRECTION('',(0.,0.,-1.));
#14491=DIRECTION('',(-1.,0.,0.));
#14492=DIRECTION('',(1.,0.,-2.16840434497101E-16));
#14493=DIRECTION('',(-2.16840434497101E-16,0.,-1.));
#14494=DIRECTION('',(0.,1.,0.));
#14495=DIRECTION('',(0.,0.,-1.));
#14496=DIRECTION('',(0.,1.,0.));
#14497=DIRECTION('',(0.,0.,1.));
#14498=DIRECTION('',(0.,-1.,0.));
#14499=DIRECTION('',(0.,-1.,0.));
#14500=DIRECTION('',(0.,0.,-1.));
#14501=DIRECTION('',(0.,1.,0.));
#14502=DIRECTION('',(0.,1.,0.));
#14503=DIRECTION('',(-1.,0.,0.));
#14504=DIRECTION('',(1.,0.,0.));
#14505=DIRECTION('',(0.,0.,1.));
#14506=DIRECTION('',(0.,0.,-1.));
#14507=DIRECTION('',(1.,0.,0.));
#14508=DIRECTION('',(0.,1.,0.));
#14509=DIRECTION('',(-1.,0.,0.));
#14510=DIRECTION('',(0.,0.,-1.));
#14511=DIRECTION('',(1.,0.,0.));
#14512=DIRECTION('',(1.,0.,0.));
#14513=DIRECTION('',(0.,0.,1.));
#14514=DIRECTION('',(1.,0.,0.));
#14515=DIRECTION('',(0.,0.,1.));
#14516=DIRECTION('',(-1.,0.,-1.0842021724855E-16));
#14517=DIRECTION('',(0.,0.,1.));
#14518=DIRECTION('',(-1.,0.,0.));
#14519=DIRECTION('',(1.,0.,0.));
#14520=DIRECTION('',(-2.16840434497101E-16,0.,1.));
#14521=DIRECTION('',(-1.,0.,0.));
#14522=DIRECTION('',(0.,0.,-1.));
#14523=DIRECTION('',(-1.,0.,0.));
#14524=DIRECTION('',(-2.16840434497101E-16,0.,1.));
#14525=DIRECTION('',(2.16840434497101E-16,0.,-1.));
#14526=DIRECTION('',(2.16840434497101E-16,0.,-1.));
#14527=DIRECTION('',(1.,0.,2.16840434497101E-16));
#14528=DIRECTION('',(0.,0.,-1.));
#14529=DIRECTION('',(-1.,0.,0.));
#14530=DIRECTION('',(-2.16840434497101E-16,0.,1.));
#14531=DIRECTION('',(2.16840434497101E-16,0.,-1.));
#14532=DIRECTION('',(-1.,0.,0.));
#14533=DIRECTION('',(0.,0.,-1.));
#14534=DIRECTION('',(-1.,0.,-1.0842021724855E-16));
#14535=DIRECTION('',(0.,0.,1.));
#14536=DIRECTION('',(-1.,0.,0.));
#14537=DIRECTION('',(1.,0.,0.));
#14538=DIRECTION('',(0.,1.,0.));
#14539=DIRECTION('',(-1.,0.,0.));
#14540=DIRECTION('',(1.,0.,0.));
#14541=DIRECTION('',(0.,0.,1.));
#14542=DIRECTION('',(0.,1.,0.));
#14543=DIRECTION('',(0.,0.,-1.));
#14544=DIRECTION('',(0.,1.,0.));
#14545=DIRECTION('',(-1.,0.,0.));
#14546=DIRECTION('',(0.,-1.,0.));
#14547=DIRECTION('',(0.,0.,1.));
#14548=DIRECTION('',(1.,0.,0.));
#14549=DIRECTION('',(0.,0.,1.));
#14550=DIRECTION('',(-1.,0.,0.));
#14551=DIRECTION('',(0.,0.,-1.));
#14552=DIRECTION('',(-1.,0.,-1.0842021724855E-16));
#14553=DIRECTION('',(0.,0.,1.));
#14554=DIRECTION('',(-1.,0.,0.));
#14555=DIRECTION('',(1.,0.,0.));
#14556=DIRECTION('',(0.,1.,0.));
#14557=DIRECTION('',(0.,0.,-1.));
#14558=DIRECTION('',(0.,1.,0.));
#14559=DIRECTION('',(0.,-1.,0.));
#14560=DIRECTION('',(1.,0.,0.));
#14561=DIRECTION('',(0.,0.,1.));
#14562=DIRECTION('',(-1.,0.,-1.0842021724855E-16));
#14563=DIRECTION('',(0.,0.,1.));
#14564=DIRECTION('',(-1.,0.,0.));
#14565=DIRECTION('',(1.,0.,0.));
#14566=DIRECTION('',(0.,-1.,0.));
#14567=DIRECTION('',(0.,0.,1.));
#14568=DIRECTION('',(1.0842021724855E-16,0.,-1.));
#14569=DIRECTION('',(0.,-1.,0.));
#14570=DIRECTION('',(0.,0.,1.));
#14571=DIRECTION('',(1.0842021724855E-16,0.,-1.));
#14572=DIRECTION('',(0.,0.,1.));
#14573=DIRECTION('',(-1.,0.,0.));
#14574=DIRECTION('',(0.,1.,0.));
#14575=DIRECTION('',(1.,0.,1.0842021724855E-16));
#14576=DIRECTION('',(-1.0842021724855E-16,0.,1.));
#14577=DIRECTION('',(0.,-1.,0.));
#14578=DIRECTION('',(-1.,0.,-1.0842021724855E-16));
#14579=DIRECTION('',(0.,0.,-1.));
#14580=DIRECTION('',(1.0842021724855E-16,0.,-1.));
#14581=DIRECTION('',(-1.,0.,-1.0842021724855E-16));
#14582=DIRECTION('',(0.,0.,-1.));
#14583=DIRECTION('',(-5.87747175411144E-33,1.,5.42101086242752E-17));
#14584=DIRECTION('',(-1.,0.,-1.0842021724855E-16));
#14585=DIRECTION('',(0.,0.,-1.));
#14586=DIRECTION('',(-1.0842021724855E-16,0.,1.));
#14587=DIRECTION('',(-1.,0.,-1.0842021724855E-16));
#14588=DIRECTION('',(0.,0.,-1.));
#14589=DIRECTION('',(0.,1.,0.));
#14590=DIRECTION('',(0.,0.,-1.));
#14591=DIRECTION('',(1.,0.,0.));
#14592=DIRECTION('',(-1.,0.,-2.16840434497101E-16));
#14593=DIRECTION('',(2.16840434497101E-16,0.,-1.));
#14594=DIRECTION('',(-1.,0.,8.67361737988404E-17));
#14595=DIRECTION('',(0.,0.,1.));
#14596=DIRECTION('',(-1.,0.,8.67361737988404E-17));
#14597=DIRECTION('',(-1.,0.,8.67361737988404E-17));
#14598=DIRECTION('',(0.,1.,0.));
#14599=DIRECTION('',(0.,0.,-1.));
#14600=DIRECTION('',(-1.,0.,8.67361737988404E-17));
#14601=DIRECTION('',(-1.,0.,8.67361737988404E-17));
#14602=DIRECTION('',(0.,0.,1.));
#14603=DIRECTION('',(-1.,0.,8.67361737988404E-17));
#14604=DIRECTION('',(-8.67361737988404E-17,5.42101086242752E-17,-1.));
#14605=DIRECTION('',(-1.,0.,8.67361737988404E-17));
#14606=DIRECTION('',(-1.,0.,8.67361737988404E-17));
#14607=DIRECTION('',(-1.,0.,8.67361737988404E-17));
#14608=DIRECTION('',(0.,0.,1.));
#14609=DIRECTION('',(-1.,0.,8.67361737988404E-17));
#14610=DIRECTION('',(0.,-1.,0.));
#14611=DIRECTION('',(0.,0.,1.));
#14612=DIRECTION('',(-1.,0.,8.67361737988404E-17));
#14613=DIRECTION('',(-1.,0.,8.67361737988404E-17));
#14614=DIRECTION('',(0.,0.,1.));
#14615=DIRECTION('',(-1.,0.,8.67361737988404E-17));
#14616=DIRECTION('',(8.67361737988404E-17,0.,1.));
#14617=DIRECTION('',(1.,0.,-8.67361737988404E-17));
#14618=DIRECTION('',(-1.04511204364655E-16,-8.20383285877626E-17,-1.));
#14619=DIRECTION('',(-1.,-2.22044604925031E-16,1.04511204364655E-16));
#14620=DIRECTION('',(-1.,0.,1.0842021724855E-16));
#14621=DIRECTION('',(1.0842021724855E-16,0.,1.));
#14622=DIRECTION('',(-1.0842021724855E-16,0.,-1.));
#14623=DIRECTION('',(-1.,0.,1.0842021724855E-16));
#14624=DIRECTION('',(0.,0.,1.));
#14625=DIRECTION('',(0.,1.,0.));
#14626=DIRECTION('',(-1.,0.,1.0842021724855E-16));
#14627=DIRECTION('',(0.,0.,1.));
#14628=DIRECTION('',(-1.0842021724855E-16,0.,-1.));
#14629=DIRECTION('',(-1.,0.,1.0842021724855E-16));
#14630=DIRECTION('',(0.,0.,1.));
#14631=DIRECTION('',(0.,1.,0.));
#14632=DIRECTION('',(-1.,0.,1.0842021724855E-16));
#14633=DIRECTION('',(0.,0.,1.));
#14634=DIRECTION('',(-1.,0.,8.67361737988404E-17));
#14635=DIRECTION('',(0.,0.,-1.));
#14636=DIRECTION('',(0.,0.,1.));
#14637=DIRECTION('',(-1.,0.,8.67361737988404E-17));
#14638=DIRECTION('',(0.,0.,-1.));
#14639=DIRECTION('',(0.,1.,5.42101086242752E-17));
#14640=DIRECTION('',(-1.,0.,8.67361737988404E-17));
#14641=DIRECTION('',(0.,0.,-1.));
#14642=DIRECTION('',(0.,0.,-1.));
#14643=DIRECTION('',(-1.,0.,8.67361737988404E-17));
#14644=DIRECTION('',(0.,0.,-1.));
#14645=DIRECTION('',(0.,-1.,0.));
#14646=DIRECTION('',(0.,1.,0.));
#14647=DIRECTION('',(0.,0.,-1.));
#14648=DIRECTION('',(0.,-1.,0.));
#14649=DIRECTION('',(0.,0.,1.));
#14650=DIRECTION('',(0.,1.,0.));
#14651=DIRECTION('',(0.,1.,0.));
#14652=DIRECTION('',(0.,0.,-1.));
#14653=DIRECTION('',(0.,-1.,0.));
#14654=DIRECTION('',(0.,-1.,0.));
#14655=DIRECTION('',(1.,0.,0.));
#14656=DIRECTION('',(1.,0.,0.));
#14657=DIRECTION('',(0.,0.,1.));
#14658=DIRECTION('',(0.,0.,1.));
#14659=DIRECTION('',(-1.,0.,0.));
#14660=DIRECTION('',(0.,-1.,0.));
#14661=DIRECTION('',(1.,0.,0.));
#14662=DIRECTION('',(0.,0.,1.));
#14663=DIRECTION('',(-1.,0.,0.));
#14664=DIRECTION('',(1.,0.,0.));
#14665=DIRECTION('',(0.,0.,1.));
#14666=DIRECTION('',(-1.,0.,0.));
#14667=DIRECTION('',(0.,0.,1.));
#14668=DIRECTION('',(-1.,0.,0.));
#14669=DIRECTION('',(1.,0.,0.));
#14670=DIRECTION('',(2.16840434497101E-16,0.,1.));
#14671=DIRECTION('',(1.,0.,0.));
#14672=DIRECTION('',(0.,0.,1.));
#14673=DIRECTION('',(1.,0.,0.));
#14674=DIRECTION('',(-2.16840434497101E-16,0.,-1.));
#14675=DIRECTION('',(2.16840434497101E-16,0.,1.));
#14676=DIRECTION('',(-2.16840434497101E-16,0.,-1.));
#14677=DIRECTION('',(-1.,0.,2.16840434497101E-16));
#14678=DIRECTION('',(0.,0.,1.));
#14679=DIRECTION('',(1.,0.,0.));
#14680=DIRECTION('',(-2.16840434497101E-16,0.,-1.));
#14681=DIRECTION('',(2.16840434497101E-16,0.,1.));
#14682=DIRECTION('',(1.,0.,0.));
#14683=DIRECTION('',(0.,0.,-1.));
#14684=DIRECTION('',(-1.,0.,0.));
#14685=DIRECTION('',(1.,0.,0.));
#14686=DIRECTION('',(0.,-1.,0.));
#14687=DIRECTION('',(1.,0.,0.));
#14688=DIRECTION('',(1.,0.,0.));
#14689=DIRECTION('',(0.,0.,1.));
#14690=DIRECTION('',(0.,-1.,0.));
#14691=DIRECTION('',(0.,0.,-1.));
#14692=DIRECTION('',(0.,-1.,0.));
#14693=DIRECTION('',(1.,0.,0.));
#14694=DIRECTION('',(0.,1.,0.));
#14695=DIRECTION('',(0.,0.,1.));
#14696=DIRECTION('',(1.,0.,0.));
#14697=DIRECTION('',(0.,0.,1.));
#14698=DIRECTION('',(1.,0.,0.));
#14699=DIRECTION('',(0.,0.,-1.));
#14700=DIRECTION('',(-1.,0.,0.));
#14701=DIRECTION('',(1.,0.,0.));
#14702=DIRECTION('',(0.,1.,0.));
#14703=DIRECTION('',(0.,0.,-1.));
#14704=DIRECTION('',(0.,-1.,0.));
#14705=DIRECTION('',(0.,1.,0.));
#14706=DIRECTION('',(-1.,0.,0.));
#14707=DIRECTION('',(0.,0.,1.));
#14708=DIRECTION('',(-1.,0.,0.));
#14709=DIRECTION('',(1.,0.,0.));
#14710=DIRECTION('',(0.,-1.,0.));
#14711=DIRECTION('',(0.,0.,1.));
#14712=DIRECTION('',(0.,-1.,0.));
#14713=DIRECTION('',(0.,0.,1.));
#14714=DIRECTION('',(0.,0.,1.));
#14715=DIRECTION('',(1.,0.,0.));
#14716=DIRECTION('',(0.,0.,-1.));
#14717=DIRECTION('',(-1.,0.,0.));
#14718=DIRECTION('',(1.,0.,-2.16840434497101E-16));
#14719=DIRECTION('',(-2.16840434497101E-16,0.,-1.));
#14720=DIRECTION('',(0.,1.,0.));
#14721=DIRECTION('',(0.,0.,-1.));
#14722=DIRECTION('',(0.,1.,0.));
#14723=DIRECTION('',(0.,0.,1.));
#14724=DIRECTION('',(0.,-1.,0.));
#14725=DIRECTION('',(0.,-1.,0.));
#14726=DIRECTION('',(0.,0.,-1.));
#14727=DIRECTION('',(0.,1.,0.));
#14728=DIRECTION('',(0.,1.,0.));
#14729=DIRECTION('',(-1.,0.,0.));
#14730=DIRECTION('',(1.,0.,0.));
#14731=DIRECTION('',(0.,0.,1.));
#14732=DIRECTION('',(0.,0.,-1.));
#14733=DIRECTION('',(1.,0.,0.));
#14734=DIRECTION('',(0.,1.,0.));
#14735=DIRECTION('',(-1.,0.,0.));
#14736=DIRECTION('',(0.,0.,-1.));
#14737=DIRECTION('',(1.,0.,0.));
#14738=DIRECTION('',(1.,0.,0.));
#14739=DIRECTION('',(0.,0.,1.));
#14740=DIRECTION('',(1.,0.,0.));
#14741=DIRECTION('',(0.,0.,1.));
#14742=DIRECTION('',(-1.,0.,-1.0842021724855E-16));
#14743=DIRECTION('',(0.,0.,1.));
#14744=DIRECTION('',(-1.,0.,0.));
#14745=DIRECTION('',(1.,0.,0.));
#14746=DIRECTION('',(-2.16840434497101E-16,0.,1.));
#14747=DIRECTION('',(-1.,0.,0.));
#14748=DIRECTION('',(0.,0.,-1.));
#14749=DIRECTION('',(-1.,0.,0.));
#14750=DIRECTION('',(-2.16840434497101E-16,0.,1.));
#14751=DIRECTION('',(2.16840434497101E-16,0.,-1.));
#14752=DIRECTION('',(2.16840434497101E-16,0.,-1.));
#14753=DIRECTION('',(1.,0.,2.16840434497101E-16));
#14754=DIRECTION('',(0.,0.,-1.));
#14755=DIRECTION('',(-1.,0.,0.));
#14756=DIRECTION('',(-2.16840434497101E-16,0.,1.));
#14757=DIRECTION('',(2.16840434497101E-16,0.,-1.));
#14758=DIRECTION('',(-1.,0.,0.));
#14759=DIRECTION('',(0.,0.,-1.));
#14760=DIRECTION('',(-1.,0.,-1.0842021724855E-16));
#14761=DIRECTION('',(0.,0.,1.));
#14762=DIRECTION('',(-1.,0.,0.));
#14763=DIRECTION('',(1.,0.,0.));
#14764=DIRECTION('',(0.,1.,0.));
#14765=DIRECTION('',(-1.,0.,0.));
#14766=DIRECTION('',(1.,0.,0.));
#14767=DIRECTION('',(0.,0.,1.));
#14768=DIRECTION('',(0.,1.,0.));
#14769=DIRECTION('',(0.,0.,-1.));
#14770=DIRECTION('',(0.,1.,0.));
#14771=DIRECTION('',(-1.,0.,0.));
#14772=DIRECTION('',(0.,-1.,0.));
#14773=DIRECTION('',(0.,0.,1.));
#14774=DIRECTION('',(1.,0.,0.));
#14775=DIRECTION('',(0.,0.,1.));
#14776=DIRECTION('',(-1.,0.,0.));
#14777=DIRECTION('',(0.,0.,-1.));
#14778=DIRECTION('',(-1.,0.,-1.0842021724855E-16));
#14779=DIRECTION('',(0.,0.,1.));
#14780=DIRECTION('',(-1.,0.,0.));
#14781=DIRECTION('',(1.,0.,0.));
#14782=DIRECTION('',(0.,1.,0.));
#14783=DIRECTION('',(0.,0.,-1.));
#14784=DIRECTION('',(0.,1.,0.));
#14785=DIRECTION('',(0.,-1.,0.));
#14786=DIRECTION('',(1.,0.,0.));
#14787=DIRECTION('',(0.,0.,1.));
#14788=DIRECTION('',(-1.,0.,-1.0842021724855E-16));
#14789=DIRECTION('',(0.,0.,1.));
#14790=DIRECTION('',(-1.,0.,0.));
#14791=DIRECTION('',(1.,0.,0.));
#14792=DIRECTION('',(0.,-1.,0.));
#14793=DIRECTION('',(0.,0.,1.));
#14794=DIRECTION('',(1.0842021724855E-16,0.,-1.));
#14795=DIRECTION('',(0.,-1.,0.));
#14796=DIRECTION('',(0.,0.,1.));
#14797=DIRECTION('',(1.0842021724855E-16,0.,-1.));
#14798=DIRECTION('',(0.,0.,1.));
#14799=DIRECTION('',(-1.,0.,0.));
#14800=DIRECTION('',(0.,1.,0.));
#14801=DIRECTION('',(1.,0.,1.0842021724855E-16));
#14802=DIRECTION('',(-1.0842021724855E-16,0.,1.));
#14803=DIRECTION('',(0.,-1.,0.));
#14804=DIRECTION('',(-1.,0.,-1.0842021724855E-16));
#14805=DIRECTION('',(0.,0.,-1.));
#14806=DIRECTION('',(1.0842021724855E-16,0.,-1.));
#14807=DIRECTION('',(-1.,0.,-1.0842021724855E-16));
#14808=DIRECTION('',(0.,0.,-1.));
#14809=DIRECTION('',(-5.87747175411144E-33,1.,5.42101086242752E-17));
#14810=DIRECTION('',(-1.,0.,-1.0842021724855E-16));
#14811=DIRECTION('',(0.,0.,-1.));
#14812=DIRECTION('',(-1.0842021724855E-16,0.,1.));
#14813=DIRECTION('',(-1.,0.,-1.0842021724855E-16));
#14814=DIRECTION('',(0.,0.,-1.));
#14815=DIRECTION('',(0.,1.,0.));
#14816=DIRECTION('',(0.,0.,-1.));
#14817=DIRECTION('',(1.,0.,0.));
#14818=DIRECTION('',(-1.,0.,-2.16840434497101E-16));
#14819=DIRECTION('',(2.16840434497101E-16,0.,-1.));
#14820=DIRECTION('',(-1.,0.,8.67361737988404E-17));
#14821=DIRECTION('',(0.,0.,1.));
#14822=DIRECTION('',(-1.,0.,8.67361737988404E-17));
#14823=DIRECTION('',(-1.,0.,8.67361737988404E-17));
#14824=DIRECTION('',(0.,1.,0.));
#14825=DIRECTION('',(0.,0.,-1.));
#14826=DIRECTION('',(-1.,0.,8.67361737988404E-17));
#14827=DIRECTION('',(-1.,0.,8.67361737988404E-17));
#14828=DIRECTION('',(0.,0.,1.));
#14829=DIRECTION('',(-1.,0.,8.67361737988404E-17));
#14830=DIRECTION('',(-8.67361737988404E-17,5.42101086242752E-17,-1.));
#14831=DIRECTION('',(-1.,0.,8.67361737988404E-17));
#14832=DIRECTION('',(-1.,0.,8.67361737988404E-17));
#14833=DIRECTION('',(-1.,0.,8.67361737988404E-17));
#14834=DIRECTION('',(0.,0.,1.));
#14835=DIRECTION('',(-1.,0.,8.67361737988404E-17));
#14836=DIRECTION('',(0.,-1.,0.));
#14837=DIRECTION('',(0.,0.,1.));
#14838=DIRECTION('',(-1.,0.,8.67361737988404E-17));
#14839=DIRECTION('',(-1.,0.,8.67361737988404E-17));
#14840=DIRECTION('',(0.,0.,1.));
#14841=DIRECTION('',(-1.,0.,8.67361737988404E-17));
#14842=DIRECTION('',(8.67361737988404E-17,0.,1.));
#14843=DIRECTION('',(1.,0.,-8.67361737988404E-17));
#14844=DIRECTION('',(-1.04511204364655E-16,-8.90601281869576E-49,-1.));
#14845=DIRECTION('',(-1.,-1.11022302462516E-16,1.04511204364655E-16));
#14846=DIRECTION('',(-3.33477538289095E-17,1.,-3.33477538289095E-17));
#14847=DIRECTION('',(-6.66955076578189E-17,-3.33477538289095E-17,-1.));
#14848=DIRECTION('',(-6.66955076578189E-17,-3.33477538289095E-17,-1.));
#14849=DIRECTION('',(-1.,-6.14345955669244E-17,3.3356863931484E-17));
#14850=DIRECTION('',(6.66955076578189E-17,3.33477538289095E-17,1.));
#14851=DIRECTION('',(1.,4.40634133278103E-18,-8.02759776300675E-17));
#14852=DIRECTION('',(1.70884564676539E-16,-0.224951054343859,0.974370064785237));
#14853=DIRECTION('',(3.11675862015861E-18,0.974370064785237,0.224951054343859));
#14854=DIRECTION('',(1.,3.60294454711283E-17,-5.77318056384968E-17));
#14855=DIRECTION('',(4.78852790338517E-17,-0.974370064785236,-0.22495105434386));
#14856=DIRECTION('',(1.,1.92510112712751E-17,-2.49573501012047E-17));
#14857=DIRECTION('',(0.219466743499898,0.950614904677546,0.219466743499897));
#14858=DIRECTION('',(0.219466743499898,-0.950614904677546,-0.2194667434999));
#14859=DIRECTION('',(1.,1.92510112712751E-17,-2.49573501012047E-17));
#14860=DIRECTION('',(-4.78852790338517E-17,0.974370064785236,0.22495105434386));
#14861=DIRECTION('',(0.974370064785237,-0.224951054343859,-5.74844937336206E-17));
#14862=DIRECTION('',(6.66955076578189E-17,3.33477538289095E-17,1.));
#14863=DIRECTION('',(0.219466743499896,0.950614904677546,-0.219466743499899));
#14864=DIRECTION('',(-6.66955076578189E-17,-3.33477538289095E-17,-1.));
#14865=DIRECTION('',(-6.5695293299815E-17,-0.224951054343859,-0.974370064785237));
#14866=DIRECTION('',(-1.,5.40532990360254E-16,-5.7368524351868E-17));
#14867=DIRECTION('',(-1.,-6.7590014297554E-17,6.37197537881442E-17));
#14868=DIRECTION('',(-2.46388169954703E-17,0.974370064785236,-0.224951054343861));
#14869=DIRECTION('',(-1.,-3.60294454711283E-17,5.77318056384968E-17));
#14870=DIRECTION('',(-2.46388169954703E-17,0.974370064785236,-0.224951054343861));
#14871=DIRECTION('',(-1.,-6.7590014297554E-17,6.37197537881442E-17));
#14872=DIRECTION('',(-2.46388169954703E-17,0.974370064785236,-0.224951054343861));
#14873=DIRECTION('',(-1.,-3.60294454711283E-17,5.77318056384968E-17));
#14874=DIRECTION('',(-2.46388169954703E-17,0.974370064785236,-0.224951054343861));
#14875=DIRECTION('',(-1.,-6.7590014297554E-17,6.37197537881442E-17));
#14876=DIRECTION('',(-1.07610291876558E-17,0.974370064785237,-0.224951054343859));
#14877=DIRECTION('',(-1.,-3.60294454711283E-17,5.77318056384968E-17));
#14878=DIRECTION('',(-1.07610291876558E-17,0.974370064785237,-0.224951054343859));
#14879=DIRECTION('',(-1.,-6.7590014297554E-17,6.37197537881442E-17));
#14880=DIRECTION('',(-0.219466743499899,0.950614904677546,-0.219466743499897));
#14881=DIRECTION('',(-0.974370064785237,-0.224951054343859,-3.82429743991493E-17));
#14882=DIRECTION('',(0.224951054343859,-0.974370064785237,5.24013964712176E-18));
#14883=DIRECTION('',(6.66955076578189E-17,3.33477538289095E-17,1.));
#14884=DIRECTION('',(-3.27919908633687E-17,-0.224951054343859,-0.974370064785237));
#14885=DIRECTION('',(-1.,3.94657657926432E-16,-5.74593446735253E-17));
#14886=DIRECTION('',(1.,3.60294454711283E-17,-5.77318056384968E-17));
#14887=DIRECTION('',(0.219466743499897,0.950614904677545,-0.219466743499904));
#14888=DIRECTION('',(-1.,-3.60294454711283E-17,-5.77318056384968E-17));
#14889=DIRECTION('',(0.219466743499898,-0.950614904677546,0.219466743499899));
#14890=DIRECTION('',(-0.974370064785237,-0.224951054343859,-4.51818683030564E-17));
#14891=DIRECTION('',(0.224951054343859,-0.974370064785237,3.29957152627507E-17));
#14892=DIRECTION('',(0.2194667434999,-0.950614904677546,-0.219466743499897));
#14893=DIRECTION('',(6.66955076578189E-17,3.33477538289095E-17,1.));
#14894=DIRECTION('',(1.98640140292167E-16,-0.224951054343858,0.974370064785237));
#14895=DIRECTION('',(-2.46388169954703E-17,0.974370064785237,0.224951054343858));
#14896=DIRECTION('',(1.,3.60294454711283E-17,-5.77318056384968E-17));
#14897=DIRECTION('',(1.,3.60294454711283E-17,-5.77318056384968E-17));
#14898=DIRECTION('',(1.,3.60294454711283E-17,-5.77318056384968E-17));
#14899=DIRECTION('',(1.,3.60294454711283E-17,5.77318056384968E-17));
#14900=DIRECTION('',(-0.219466743499898,-0.950614904677546,-0.2194667434999));
#14901=DIRECTION('',(0.974370064785237,-0.224951054343858,-5.74844937336207E-17));
#14902=DIRECTION('',(6.66955076578189E-17,3.33477538289095E-17,1.));
#14903=DIRECTION('',(-6.66955076578189E-17,-3.33477538289095E-17,-1.));
#14904=DIRECTION('',(-3.33477538289095E-17,1.,-3.33477538289095E-17));
#14905=DIRECTION('',(-6.66955076578189E-17,-3.33477538289095E-17,-1.));
#14906=DIRECTION('',(3.60294454711283E-17,-1.,-5.59217821328048E-18));
#14907=DIRECTION('',(-1.,-3.60294454711283E-17,5.77318056384968E-17));
#14908=DIRECTION('',(-6.66955076578189E-17,-3.33477538289095E-17,1.));
#14909=DIRECTION('',(1.,3.60294454711283E-17,-5.77318056384968E-17));
#14910=DIRECTION('',(-6.66955076578189E-17,-3.33477538289095E-17,1.));
#14911=DIRECTION('',(4.0936196566125E-17,-0.984807753012208,-0.173648177666931));
#14912=DIRECTION('',(7.15791520038506E-17,0.173648177666931,-0.984807753012208));
#14913=DIRECTION('',(1.,3.60294454711283E-17,-5.77318056384968E-17));
#14914=DIRECTION('',(-7.15791520038506E-17,-0.173648177666931,0.984807753012208));
#14915=DIRECTION('',(-1.,-3.60294454711283E-17,5.77318056384968E-17));
#14916=DIRECTION('',(-7.15791520038506E-17,-0.173648177666931,0.984807753012208));
#14917=DIRECTION('',(-6.3111177336597E-17,0.173648177666931,-0.984807753012208));
#14918=DIRECTION('',(1.,3.60294454711283E-17,-5.77318056384968E-17));
#14919=DIRECTION('',(3.74667496141713E-17,-0.984807753012208,-0.173648177666931));
#14920=DIRECTION('',(-1.,-3.60294454711283E-17,5.77318056384968E-17));
#14921=DIRECTION('',(3.74667496141713E-17,-0.984807753012208,-0.173648177666931));
#14922=DIRECTION('',(-2.54570543941514E-17,0.984807753012208,0.173648177666931));
#14923=DIRECTION('',(-1.,-3.60294454711283E-17,5.77318056384968E-17));
#14924=DIRECTION('',(7.15791520038506E-17,0.173648177666931,-0.984807753012208));
#14925=DIRECTION('',(1.,3.60294454711283E-17,-5.77318056384968E-17));
#14926=DIRECTION('',(7.15791520038506E-17,0.173648177666931,-0.984807753012208));
#14927=DIRECTION('',(-1.,-3.60294454711283E-17,5.77318056384968E-17));
#14928=DIRECTION('',(1.08636976003859E-16,0.,-1.));
#14929=DIRECTION('',(1.,3.60294454711283E-17,-5.77318056384968E-17));
#14930=DIRECTION('',(1.08636976003859E-16,0.,-1.));
#14931=DIRECTION('',(1.,3.60294454711283E-17,-5.77318056384968E-17));
#14932=DIRECTION('',(1.08636976003859E-16,0.,-1.));
#14933=DIRECTION('',(-1.,-3.60294454711283E-17,5.77318056384968E-17));
#14934=DIRECTION('',(2.24391895136613E-17,0.626327341552946,0.779560171650155));
#14935=DIRECTION('',(-1.,-3.60294454711283E-17,5.77318056384968E-17));
#14936=DIRECTION('',(2.9692055433746E-17,0.779560171650155,-0.626327341552946));
#14937=DIRECTION('',(-1.,-3.60294454711283E-17,5.77318056384968E-17));
#14938=DIRECTION('',(2.9692055433746E-17,0.779560171650155,-0.626327341552946));
#14939=DIRECTION('',(-1.,-3.60294454711283E-17,5.77318056384968E-17));
#14940=DIRECTION('',(0.,0.,-1.));
#14941=DIRECTION('',(-1.,-3.60294454711283E-17,5.77318056384968E-17));
#14942=DIRECTION('',(0.,0.,-1.));
#14943=DIRECTION('',(-1.,-3.60294454711283E-17,5.77318056384968E-17));
#14944=DIRECTION('',(-1.,-3.60294454711283E-17,5.77318056384968E-17));
#14945=DIRECTION('',(0.,0.,-1.));
#14946=DIRECTION('',(-3.33477538289095E-17,1.,3.33477538289095E-17));
#14947=DIRECTION('',(-6.66955076578189E-17,-3.33477538289095E-17,1.));
#14948=DIRECTION('',(6.66955076578189E-17,3.33477538289095E-17,-1.));
#14949=DIRECTION('',(6.66955076578189E-17,3.33477538289095E-17,-1.));
#14950=DIRECTION('',(-1.,-3.60294454711283E-17,5.77318056384968E-17));
#14951=DIRECTION('',(0.,0.,-1.));
#14952=DIRECTION('',(1.,3.60294454711283E-17,-5.77318056384968E-17));
#14953=DIRECTION('',(-1.,-3.60294454711283E-17,5.77318056384968E-17));
#14954=DIRECTION('',(0.,1.11656944853017E-15,-1.));
#14955=DIRECTION('',(-1.,-3.60294454711283E-17,5.77318056384968E-17));
#14956=DIRECTION('',(0.,1.11656944853017E-15,-1.));
#14957=DIRECTION('',(-1.,-3.33477538289095E-17,5.77318056384968E-17));
#14958=DIRECTION('',(3.33477538289095E-17,-1.,-5.59217821328048E-18));
#14959=DIRECTION('',(1.,3.60294454711283E-17,-5.77318056384968E-17));
#14960=DIRECTION('',(1.08636976003859E-16,0.,-1.));
#14961=DIRECTION('',(2.9692055433746E-17,0.779560171650155,-0.626327341552946));
#14962=DIRECTION('',(-1.,-3.60294454711283E-17,5.77318056384968E-17));
#14963=DIRECTION('',(1.08636976003859E-16,0.,-1.));
#14964=DIRECTION('',(1.,3.60294454711283E-17,-5.77318056384968E-17));
#14965=DIRECTION('',(1.08636976003859E-16,0.,-1.));
#14966=DIRECTION('',(-1.,-3.60294454711283E-17,5.77318056384968E-17));
#14967=DIRECTION('',(-1.,-3.33477538289095E-17,5.77318056384968E-17));
#14968=DIRECTION('',(3.33477538289095E-17,-1.,-5.59217821328048E-18));
#14969=DIRECTION('',(-2.9692055433746E-17,-0.779560171650155,0.626327341552946));
#14970=DIRECTION('',(4.60024692999979E-17,-0.626327341552946,-0.779560171650155));
#14971=DIRECTION('',(2.9692055433746E-17,0.779560171650155,-0.626327341552946));
#14972=DIRECTION('',(3.60294454711283E-17,-1.,-5.59217821328048E-18));
#14973=DIRECTION('',(-1.,-3.60294454711283E-17,5.77318056384968E-17));
#14974=DIRECTION('',(-6.66955076578189E-17,-3.33477538289095E-17,1.));
#14975=DIRECTION('',(1.,3.60294454711283E-17,-5.77318056384968E-17));
#14976=DIRECTION('',(-6.66955076578189E-17,-3.33477538289095E-17,1.));
#14977=DIRECTION('',(4.0936196566125E-17,-0.984807753012208,-0.173648177666931));
#14978=DIRECTION('',(7.15791520038506E-17,0.173648177666931,-0.984807753012208));
#14979=DIRECTION('',(1.,3.60294454711283E-17,-5.77318056384968E-17));
#14980=DIRECTION('',(-7.15791520038506E-17,-0.173648177666931,0.984807753012208));
#14981=DIRECTION('',(-1.,-3.60294454711283E-17,5.77318056384968E-17));
#14982=DIRECTION('',(-7.15791520038506E-17,-0.173648177666931,0.984807753012208));
#14983=DIRECTION('',(-6.3111177336597E-17,0.173648177666931,-0.984807753012208));
#14984=DIRECTION('',(1.,3.60294454711283E-17,-5.77318056384968E-17));
#14985=DIRECTION('',(3.74667496141713E-17,-0.984807753012208,-0.173648177666931));
#14986=DIRECTION('',(-1.,-3.60294454711283E-17,5.77318056384968E-17));
#14987=DIRECTION('',(3.74667496141713E-17,-0.984807753012208,-0.173648177666931));
#14988=DIRECTION('',(-2.54570543941514E-17,0.984807753012208,0.173648177666931));
#14989=DIRECTION('',(-1.,-3.60294454711283E-17,5.77318056384968E-17));
#14990=DIRECTION('',(7.15791520038506E-17,0.173648177666931,-0.984807753012208));
#14991=DIRECTION('',(1.,3.60294454711283E-17,-5.77318056384968E-17));
#14992=DIRECTION('',(7.15791520038506E-17,0.173648177666931,-0.984807753012208));
#14993=DIRECTION('',(-1.,-3.60294454711283E-17,5.77318056384968E-17));
#14994=DIRECTION('',(0.,0.,-1.));
#14995=DIRECTION('',(1.,3.60294454711283E-17,-5.77318056384968E-17));
#14996=DIRECTION('',(0.,0.,-1.));
#14997=DIRECTION('',(1.,3.60294454711283E-17,-5.77318056384968E-17));
#14998=DIRECTION('',(0.,0.,-1.));
#14999=DIRECTION('',(-1.,-3.60294454711283E-17,5.77318056384968E-17));
#15000=DIRECTION('',(2.24391895136613E-17,0.626327341552946,0.779560171650155));
#15001=DIRECTION('',(-1.,-3.60294454711283E-17,5.77318056384968E-17));
#15002=DIRECTION('',(2.9692055433746E-17,0.779560171650155,-0.626327341552946));
#15003=DIRECTION('',(-1.,-3.60294454711283E-17,5.77318056384968E-17));
#15004=DIRECTION('',(2.9692055433746E-17,0.779560171650155,-0.626327341552946));
#15005=DIRECTION('',(-1.,-3.60294454711283E-17,5.77318056384968E-17));
#15006=DIRECTION('',(0.,0.,-1.));
#15007=DIRECTION('',(-1.,-3.60294454711283E-17,5.77318056384968E-17));
#15008=DIRECTION('',(0.,-4.46627779412069E-15,-1.));
#15009=DIRECTION('',(-1.,-3.60294454711283E-17,5.77318056384968E-17));
#15010=DIRECTION('',(-1.,-3.60294454711283E-17,5.77318056384968E-17));
#15011=DIRECTION('',(0.,-4.46627779412069E-15,-1.));
#15012=DIRECTION('',(-3.33477538289095E-17,1.,3.33477538289095E-17));
#15013=DIRECTION('',(-6.66955076578189E-17,-3.33477538289095E-17,1.));
#15014=DIRECTION('',(6.66955076578189E-17,3.33477538289095E-17,-1.));
#15015=DIRECTION('',(6.66955076578189E-17,3.33477538289095E-17,-1.));
#15016=DIRECTION('',(-1.,-3.60294454711283E-17,5.77318056384968E-17));
#15017=DIRECTION('',(0.,0.,-1.));
#15018=DIRECTION('',(1.,3.60294454711283E-17,-5.77318056384968E-17));
#15019=DIRECTION('',(-1.,-3.60294454711283E-17,5.77318056384968E-17));
#15020=DIRECTION('',(0.,1.11656944853017E-15,-1.));
#15021=DIRECTION('',(-1.,-3.60294454711283E-17,5.77318056384968E-17));
#15022=DIRECTION('',(0.,1.11656944853017E-15,-1.));
#15023=DIRECTION('',(-1.,-3.33477538289095E-17,5.77318056384968E-17));
#15024=DIRECTION('',(3.33477538289095E-17,-1.,-5.59217821328048E-18));
#15025=DIRECTION('',(1.,3.60294454711283E-17,-5.77318056384968E-17));
#15026=DIRECTION('',(0.,0.,-1.));
#15027=DIRECTION('',(2.9692055433746E-17,0.779560171650155,-0.626327341552946));
#15028=DIRECTION('',(-1.,-3.60294454711283E-17,5.77318056384968E-17));
#15029=DIRECTION('',(0.,0.,-1.));
#15030=DIRECTION('',(1.,3.60294454711283E-17,-5.77318056384968E-17));
#15031=DIRECTION('',(0.,0.,-1.));
#15032=DIRECTION('',(-1.,-3.60294454711283E-17,5.77318056384968E-17));
#15033=DIRECTION('',(-1.,-3.33477538289095E-17,5.77318056384968E-17));
#15034=DIRECTION('',(3.33477538289095E-17,-1.,-5.59217821328048E-18));
#15035=DIRECTION('',(-2.9692055433746E-17,-0.779560171650155,0.626327341552946));
#15036=DIRECTION('',(4.60024692999979E-17,-0.626327341552946,-0.779560171650155));
#15037=DIRECTION('',(2.9692055433746E-17,0.779560171650155,-0.626327341552946));
#15038=DIRECTION('',(3.60294454711283E-17,-1.,-5.59217821328048E-18));
#15039=DIRECTION('',(-1.,-3.60294454711283E-17,5.77318056384968E-17));
#15040=DIRECTION('',(-6.66955076578189E-17,-3.33477538289095E-17,1.));
#15041=DIRECTION('',(1.,3.60294454711283E-17,-5.77318056384968E-17));
#15042=DIRECTION('',(-6.66955076578189E-17,-3.33477538289095E-17,1.));
#15043=DIRECTION('',(4.0936196566125E-17,-0.984807753012208,-0.173648177666931));
#15044=DIRECTION('',(7.15791520038506E-17,0.173648177666931,-0.984807753012208));
#15045=DIRECTION('',(1.,3.60294454711283E-17,-5.77318056384968E-17));
#15046=DIRECTION('',(-4.38235763882217E-17,-0.173648177666932,0.984807753012208));
#15047=DIRECTION('',(-1.,-3.60294454711283E-17,5.77318056384968E-17));
#15048=DIRECTION('',(-4.38235763882217E-17,-0.173648177666932,0.984807753012208));
#15049=DIRECTION('',(-6.3111177336597E-17,0.173648177666931,-0.984807753012208));
#15050=DIRECTION('',(1.,3.60294454711283E-17,-5.77318056384968E-17));
#15051=DIRECTION('',(3.39973026622178E-17,-0.984807753012208,-0.17364817766693));
#15052=DIRECTION('',(-1.,-3.60294454711283E-17,5.77318056384968E-17));
#15053=DIRECTION('',(3.39973026622178E-17,-0.984807753012208,-0.17364817766693));
#15054=DIRECTION('',(-2.54570543941514E-17,0.984807753012208,0.173648177666931));
#15055=DIRECTION('',(-1.,-3.60294454711283E-17,5.77318056384968E-17));
#15056=DIRECTION('',(7.15791520038506E-17,0.173648177666931,-0.984807753012208));
#15057=DIRECTION('',(1.,3.60294454711283E-17,-5.77318056384968E-17));
#15058=DIRECTION('',(7.15791520038506E-17,0.173648177666931,-0.984807753012208));
#15059=DIRECTION('',(-1.,-3.60294454711283E-17,5.77318056384968E-17));
#15060=DIRECTION('',(0.,0.,-1.));
#15061=DIRECTION('',(1.,3.60294454711283E-17,-5.77318056384968E-17));
#15062=DIRECTION('',(0.,0.,-1.));
#15063=DIRECTION('',(1.,3.60294454711283E-17,-5.77318056384968E-17));
#15064=DIRECTION('',(0.,0.,-1.));
#15065=DIRECTION('',(-1.,-3.60294454711283E-17,5.77318056384968E-17));
#15066=DIRECTION('',(2.24391895136613E-17,0.626327341552946,0.779560171650155));
#15067=DIRECTION('',(-1.,-3.60294454711283E-17,5.77318056384968E-17));
#15068=DIRECTION('',(2.9692055433746E-17,0.779560171650155,-0.626327341552946));
#15069=DIRECTION('',(-1.,-3.60294454711283E-17,5.77318056384968E-17));
#15070=DIRECTION('',(2.9692055433746E-17,0.779560171650155,-0.626327341552946));
#15071=DIRECTION('',(-1.,-3.60294454711283E-17,5.77318056384968E-17));
#15072=DIRECTION('',(0.,0.,-1.));
#15073=DIRECTION('',(-1.,-3.60294454711283E-17,5.77318056384968E-17));
#15074=DIRECTION('',(0.,0.,-1.));
#15075=DIRECTION('',(-1.,-3.60294454711283E-17,5.77318056384968E-17));
#15076=DIRECTION('',(-1.,-3.60294454711283E-17,5.77318056384968E-17));
#15077=DIRECTION('',(0.,5.58284724265086E-15,-1.));
#15078=DIRECTION('',(-3.33477538289095E-17,1.,3.33477538289095E-17));
#15079=DIRECTION('',(-6.66955076578189E-17,-3.33477538289095E-17,1.));
#15080=DIRECTION('',(6.66955076578189E-17,3.33477538289095E-17,-1.));
#15081=DIRECTION('',(6.66955076578189E-17,3.33477538289095E-17,-1.));
#15082=DIRECTION('',(-1.,-3.60294454711283E-17,5.77318056384968E-17));
#15083=DIRECTION('',(0.,0.,-1.));
#15084=DIRECTION('',(1.,3.60294454711283E-17,-5.77318056384968E-17));
#15085=DIRECTION('',(-1.,-3.60294454711283E-17,5.77318056384968E-17));
#15086=DIRECTION('',(0.,1.67485417279526E-15,-1.));
#15087=DIRECTION('',(-1.,-3.60294454711283E-17,5.77318056384968E-17));
#15088=DIRECTION('',(0.,1.67485417279526E-15,-1.));
#15089=DIRECTION('',(-1.,-3.33477538289095E-17,5.77318056384968E-17));
#15090=DIRECTION('',(3.33477538289095E-17,-1.,-5.59217821328048E-18));
#15091=DIRECTION('',(1.,3.60294454711283E-17,-5.77318056384968E-17));
#15092=DIRECTION('',(0.,0.,-1.));
#15093=DIRECTION('',(2.9692055433746E-17,0.779560171650155,-0.626327341552946));
#15094=DIRECTION('',(-1.,-3.60294454711283E-17,5.77318056384968E-17));
#15095=DIRECTION('',(0.,0.,-1.));
#15096=DIRECTION('',(1.,3.60294454711283E-17,-5.77318056384968E-17));
#15097=DIRECTION('',(0.,0.,-1.));
#15098=DIRECTION('',(-1.,-3.60294454711283E-17,5.77318056384968E-17));
#15099=DIRECTION('',(-1.,-3.33477538289095E-17,5.77318056384968E-17));
#15100=DIRECTION('',(3.33477538289095E-17,-1.,-5.59217821328048E-18));
#15101=DIRECTION('',(-2.9692055433746E-17,-0.779560171650155,0.626327341552946));
#15102=DIRECTION('',(4.60024692999979E-17,-0.626327341552946,-0.779560171650155));
#15103=DIRECTION('',(2.9692055433746E-17,0.779560171650155,-0.626327341552946));
#15104=DIRECTION('',(-6.75716431127786E-17,0.626327341552946,-0.779560171650155));
#15105=DIRECTION('',(1.,3.60294454711283E-17,-5.77318056384968E-17));
#15106=DIRECTION('',(1.,3.60294454711283E-17,-5.77318056384968E-17));
#15107=DIRECTION('',(8.14625956762124E-17,-0.779560171650155,-0.626327341552946));
#15108=DIRECTION('',(1.,3.60294454711283E-17,-5.77318056384968E-17));
#15109=DIRECTION('',(-8.14625956762124E-17,0.779560171650155,0.626327341552946));
#15110=DIRECTION('',(-1.,-3.60294454711283E-17,5.77318056384968E-17));
#15111=DIRECTION('',(0.,0.,-1.));
#15112=DIRECTION('',(1.,3.60294454711283E-17,-5.77318056384968E-17));
#15113=DIRECTION('',(-1.,-3.60294454711283E-17,5.77318056384968E-17));
#15114=DIRECTION('',(0.,-2.23313889706035E-15,-1.));
#15115=DIRECTION('',(1.,3.60294454711283E-17,-5.77318056384968E-17));
#15116=DIRECTION('',(0.,0.,-1.));
#15117=DIRECTION('',(-1.,-3.60294454711283E-17,5.77318056384968E-17));
#15118=DIRECTION('',(0.,0.,-1.));
#15119=DIRECTION('',(1.,3.60294454711283E-17,-5.77318056384968E-17));
#15120=DIRECTION('',(0.,0.,-1.));
#15121=DIRECTION('',(-1.,-3.60294454711283E-17,5.77318056384968E-17));
#15122=DIRECTION('',(0.,-1.73819161606174E-15,-1.));
#15123=DIRECTION('',(-1.,-3.60294454711283E-17,5.77318056384968E-17));
#15124=DIRECTION('',(-3.33477538289095E-17,1.,3.33477538289095E-17));
#15125=DIRECTION('',(-6.66955076578189E-17,-3.33477538289095E-17,1.));
#15126=DIRECTION('',(6.66955076578189E-17,3.33477538289095E-17,-1.));
#15127=DIRECTION('',(-6.66955076578189E-17,-3.33477538289095E-17,1.));
#15128=DIRECTION('',(-4.55071000792442E-17,0.984807753012208,-0.173648177666931));
#15129=DIRECTION('',(1.,3.60294454711283E-17,-5.77318056384968E-17));
#15130=DIRECTION('',(6.14720323013237E-17,-0.173648177666931,-0.984807753012208));
#15131=DIRECTION('',(-1.,-3.60294454711283E-17,5.77318056384968E-17));
#15132=DIRECTION('',(-6.14720323013237E-17,0.173648177666931,0.984807753012208));
#15133=DIRECTION('',(5.05982822397741E-17,0.173648177666931,0.984807753012208));
#15134=DIRECTION('',(-1.,-3.60294454711283E-17,5.77318056384968E-17));
#15135=DIRECTION('',(-2.49088460105878E-17,0.984807753012208,-0.173648177666931));
#15136=DIRECTION('',(-1.,-3.60294454711283E-17,5.77318056384968E-17));
#15137=DIRECTION('',(2.49088460105878E-17,-0.984807753012208,0.173648177666931));
#15138=DIRECTION('',(3.60294454711283E-17,-1.,-5.59217821328048E-18));
#15139=DIRECTION('',(-1.,-3.60294454711283E-17,5.77318056384968E-17));
#15140=DIRECTION('',(-1.,-3.60294454711283E-17,5.77318056384968E-17));
#15141=DIRECTION('',(-6.66955076578189E-17,-3.33477538289095E-17,1.));
#15142=DIRECTION('',(6.66955076578189E-17,3.33477538289095E-17,-1.));
#15143=DIRECTION('',(4.55071000792442E-17,-0.984807753012208,0.173648177666931));
#15144=DIRECTION('',(-1.,-3.60294454711283E-17,5.77318056384968E-17));
#15145=DIRECTION('',(-6.14720323013237E-17,0.173648177666931,0.984807753012208));
#15146=DIRECTION('',(-1.,-3.60294454711283E-17,5.77318056384968E-17));
#15147=DIRECTION('',(-6.14720323013237E-17,0.173648177666931,0.984807753012208));
#15148=DIRECTION('',(-1.,-3.60294454711283E-17,5.77318056384968E-17));
#15149=DIRECTION('',(0.,0.,-1.));
#15150=DIRECTION('',(1.,3.60294454711283E-17,-5.77318056384968E-17));
#15151=DIRECTION('',(0.,0.,-1.));
#15152=DIRECTION('',(1.,3.60294454711283E-17,-5.77318056384968E-17));
#15153=DIRECTION('',(1.,3.60294454711283E-17,-5.77318056384968E-17));
#15154=DIRECTION('',(0.,0.,-1.));
#15155=DIRECTION('',(-1.,-3.33477538289095E-17,5.77318056384968E-17));
#15156=DIRECTION('',(3.33477538289095E-17,-1.,-5.59217821328048E-18));
#15157=DIRECTION('',(8.14625956762124E-17,-0.779560171650155,-0.626327341552946));
#15158=DIRECTION('',(1.,3.60294454711283E-17,-5.77318056384968E-17));
#15159=DIRECTION('',(0.,0.,-1.));
#15160=DIRECTION('',(-1.,-3.60294454711283E-17,5.77318056384968E-17));
#15161=DIRECTION('',(0.,0.,-1.));
#15162=DIRECTION('',(-1.,-3.60294454711283E-17,5.77318056384968E-17));
#15163=DIRECTION('',(0.,3.90799306985561E-15,-1.));
#15164=DIRECTION('',(-1.,-3.60294454711283E-17,5.77318056384968E-17));
#15165=DIRECTION('',(-1.,-3.33477538289095E-17,5.77318056384968E-17));
#15166=DIRECTION('',(3.33477538289095E-17,-1.,-5.59217821328048E-18));
#15167=DIRECTION('',(-8.14625956762124E-17,0.779560171650155,0.626327341552946));
#15168=DIRECTION('',(6.75716431127786E-17,-0.626327341552946,0.779560171650156));
#15169=DIRECTION('',(-1.,-3.60294454711283E-17,5.77318056384968E-17));
#15170=DIRECTION('',(-1.,-2.1121664947116E-15,1.55349097267212E-16));
#15171=DIRECTION('',(2.1121664947116E-15,-1.,-4.03951927048628E-17));
#15172=CARTESIAN_POINT('',(0.,0.,0.));
#15173=CARTESIAN_POINT('',(0.,0.,1.54));
#15174=CARTESIAN_POINT('',(3.44485224690629,-0.525309869233399,1.54));
#15175=CARTESIAN_POINT('',(3.44485224690629,-0.525309869233399,1.54));
#15176=CARTESIAN_POINT('',(3.36043242943562,-0.525309869233399,1.54));
#15177=CARTESIAN_POINT('',(3.36043242943562,-0.525309869233399,1.54));
#15178=CARTESIAN_POINT('',(3.36043242943562,-0.267943506782289,1.54));
#15179=CARTESIAN_POINT('',(3.36043242943562,-0.267943506782289,1.54));
#15180=CARTESIAN_POINT('',(3.44485224690629,-0.267943506782289,1.54));
#15181=CARTESIAN_POINT('',(3.44485224690629,-0.267943506782289,1.54));
#15182=CARTESIAN_POINT('',(3.61970678523171,-4.73605420582353,1.54));
#15183=CARTESIAN_POINT('',(3.61970678523171,-4.73605420582353,1.54));
#15184=CARTESIAN_POINT('',(3.61970678523171,-4.67717197029459,1.54));
#15185=CARTESIAN_POINT('',(3.61970678523171,-4.67717197029459,1.54));
#15186=CARTESIAN_POINT('',(3.93075136274335,-4.67717197029459,1.54));
#15187=CARTESIAN_POINT('',(3.93075136274335,-4.67717197029459,1.54));
#15188=CARTESIAN_POINT('',(3.93075136274335,-5.17717197029459,1.54));
#15189=CARTESIAN_POINT('',(3.93075136274335,-5.17717197029459,1.54));
#15190=CARTESIAN_POINT('',(3.86455043127296,-5.17717197029459,1.54));
#15191=CARTESIAN_POINT('',(3.86455043127296,-5.17717197029459,1.54));
#15192=CARTESIAN_POINT('',(3.86455043127296,-4.73605420582353,1.54));
#15193=CARTESIAN_POINT('',(3.86455043127296,-4.73605420582353,1.54));
#15194=CARTESIAN_POINT('',(3.16727830885114,-4.73605420582353,1.54));
#15195=CARTESIAN_POINT('',(3.16727830885114,-4.73605420582353,1.54));
#15196=CARTESIAN_POINT('',(3.16727830885114,-4.67717197029459,1.54));
#15197=CARTESIAN_POINT('',(3.16727830885114,-4.67717197029459,1.54));
#15198=CARTESIAN_POINT('',(3.53986646587043,-4.67717197029459,1.54));
#15199=CARTESIAN_POINT('',(3.53986646587043,-4.67717197029459,1.54));
#15200=CARTESIAN_POINT('',(3.53986646587043,-5.17717197029459,1.54));
#15201=CARTESIAN_POINT('',(3.53986646587043,-5.17717197029459,1.54));
#15202=CARTESIAN_POINT('',(3.17858902076065,-5.17717197029459,1.54));
#15203=CARTESIAN_POINT('',(3.17858902076065,-5.17717197029459,1.54));
#15204=CARTESIAN_POINT('',(3.17858902076065,-5.11795706676831,1.54));
#15205=CARTESIAN_POINT('',(3.17858902076065,-5.11795706676831,1.54));
#15206=CARTESIAN_POINT('',(3.47366553440004,-5.11795706676831,1.54));
#15207=CARTESIAN_POINT('',(3.47366553440004,-5.11795706676831,1.54));
#15208=CARTESIAN_POINT('',(3.47366553440004,-4.9655951239872,1.54));
#15209=CARTESIAN_POINT('',(3.47366553440004,-4.9655951239872,1.54));
#15210=CARTESIAN_POINT('',(3.19688576061428,-4.9655951239872,1.54));
#15211=CARTESIAN_POINT('',(3.19688576061428,-4.9655951239872,1.54));
#15212=CARTESIAN_POINT('',(3.19688576061428,-4.90638022046092,1.54));
#15213=CARTESIAN_POINT('',(3.19688576061428,-4.90638022046092,1.54));
#15214=CARTESIAN_POINT('',(3.47366553440004,-4.90638022046092,1.54));
#15215=CARTESIAN_POINT('',(3.47366553440004,-4.90638022046092,1.54));
#15216=CARTESIAN_POINT('',(3.47366553440004,-4.73605420582353,1.54));
#15217=CARTESIAN_POINT('',(3.47366553440004,-4.73605420582353,1.54));
#15218=CARTESIAN_POINT('',(3.07546194158567,-4.67717197029459,1.54));
#15219=CARTESIAN_POINT('',(3.07546194158567,-4.67717197029459,1.54));
#15220=CARTESIAN_POINT('',(3.07546194158567,-5.17717197029459,1.54));
#15221=CARTESIAN_POINT('',(3.07546194158567,-5.17717197029459,1.54));
#15222=CARTESIAN_POINT('',(3.01813215671097,-5.17717197029459,1.54));
#15223=CARTESIAN_POINT('',(2.96080237183628,-5.17717197029459,1.54));
#15224=CARTESIAN_POINT('',(2.90347258696158,-5.17717197029459,1.54));
#15225=CARTESIAN_POINT('',(2.8648830992703,-5.17717197029459,1.54));
#15226=CARTESIAN_POINT('',(2.83527564750716,-5.17484329431322,1.54));
#15227=CARTESIAN_POINT('',(2.81465023167216,-5.16985327435314,1.54));
#15228=CARTESIAN_POINT('',(2.78610210142328,-5.16294646864776,1.54));
#15229=CARTESIAN_POINT('',(2.76175602009531,-5.15155653449951,1.54));
#15230=CARTESIAN_POINT('',(2.74146327225766,-5.1342577986379,1.54));
#15231=CARTESIAN_POINT('',(2.71523904108317,-5.11190271632522,1.54));
#15232=CARTESIAN_POINT('',(2.69555508862492,-5.08335959504509,1.54));
#15233=CARTESIAN_POINT('',(2.68258103672872,-5.04876212332187,1.54));
#15234=CARTESIAN_POINT('',(2.66949761453201,-5.01387299746399,1.54));
#15235=CARTESIAN_POINT('',(2.66295362488573,-4.97424449191801,1.54));
#15236=CARTESIAN_POINT('',(2.66295362488573,-4.89174282857802,1.54));
#15237=CARTESIAN_POINT('',(2.66727830885114,-4.85814336084682,1.54));
#15238=CARTESIAN_POINT('',(2.68524238070742,-4.79959379331521,1.54));
#15239=CARTESIAN_POINT('',(2.69655309261694,-4.77497636151215,1.54));
#15240=CARTESIAN_POINT('',(2.71019248050782,-4.75601428566385,1.54));
#15241=CARTESIAN_POINT('',(2.72410299619045,-4.73667527605629,1.54));
#15242=CARTESIAN_POINT('',(2.73913459627629,-4.72141681394063,1.54));
#15243=CARTESIAN_POINT('',(2.75576799614322,-4.71043877002845,1.54));
#15244=CARTESIAN_POINT('',(2.77216966851131,-4.69961366626551,1.54));
#15245=CARTESIAN_POINT('',(2.79202880785313,-4.69114402618281,1.54));
#15246=CARTESIAN_POINT('',(2.83860232748055,-4.6798333142733,1.54));
#15247=CARTESIAN_POINT('',(2.86521576726764,-4.67717197029459,1.54));
#15248=CARTESIAN_POINT('',(2.89548855502545,-4.67717197029459,1.54));
#15249=CARTESIAN_POINT('',(2.95547968387886,-4.67717197029459,1.54));
#15250=CARTESIAN_POINT('',(3.01547081273226,-4.67717197029459,1.54));
#15251=CARTESIAN_POINT('',(3.07546194158567,-4.67717197029459,1.54));
#15252=CARTESIAN_POINT('',(3.44530857024397,0.681209035590592,1.54));
#15253=CARTESIAN_POINT('',(3.44530857024397,0.681209035590592,1.54));
#15254=CARTESIAN_POINT('',(3.15508692747995,0.681209035590592,1.54));
#15255=CARTESIAN_POINT('',(3.15508692747995,0.681209035590592,1.54));
#15256=CARTESIAN_POINT('',(3.15508692747995,0.772017379788766,1.54));
#15257=CARTESIAN_POINT('',(3.15508692747995,0.772017379788766,1.54));
#15258=CARTESIAN_POINT('',(3.44530857024397,0.772017379788766,1.54));
#15259=CARTESIAN_POINT('',(3.44530857024397,0.772017379788766,1.54));
#15260=CARTESIAN_POINT('',(3.84094090401189,1.03622859230506,1.54));
#15261=CARTESIAN_POINT('',(3.84094090401189,1.03622859230506,1.54));
#15262=CARTESIAN_POINT('',(3.84094090401189,0.927167314599717,1.54));
#15263=CARTESIAN_POINT('',(3.84094090401189,0.927167314599717,1.54));
#15264=CARTESIAN_POINT('',(3.77173186446387,0.881991304169469,1.54));
#15265=CARTESIAN_POINT('',(3.70252282491585,0.836815293739222,1.54));
#15266=CARTESIAN_POINT('',(3.63331378536783,0.791639283308974,1.54));
#15267=CARTESIAN_POINT('',(3.59494727792753,0.766595650979817,1.54));
#15268=CARTESIAN_POINT('',(3.55619514130003,0.74326900951497,1.54));
#15269=CARTESIAN_POINT('',(3.51740765759729,0.721821812644047,1.54));
#15270=CARTESIAN_POINT('',(3.51740765759729,0.721821812644047,1.54));
#15271=CARTESIAN_POINT('',(3.51740765759729,0.721821812644047,1.54));
#15272=CARTESIAN_POINT('',(3.55391352461163,0.701287262448478,1.54));
#15273=CARTESIAN_POINT('',(3.59452630166509,0.67618947887612,1.54));
#15274=CARTESIAN_POINT('',(3.63924598875765,0.646528461926966,1.54));
#15275=CARTESIAN_POINT('',(3.70632605835675,0.602036579029609,1.54));
#15276=CARTESIAN_POINT('',(3.77370926559381,0.558001734417189,1.54));
#15277=CARTESIAN_POINT('',(3.84094090401189,0.513738370662299,1.54));
#15278=CARTESIAN_POINT('',(3.84094090401189,0.513738370662299,1.54));
#15279=CARTESIAN_POINT('',(3.84094090401189,0.513738370662299,1.54));
#15280=CARTESIAN_POINT('',(3.84094090401189,0.408327679658389,1.54));
#15281=CARTESIAN_POINT('',(3.84094090401189,0.408327679658389,1.54));
#15282=CARTESIAN_POINT('',(3.43344416346431,0.236293781353304,1.54));
#15283=CARTESIAN_POINT('',(3.43344416346431,0.236293781353304,1.54));
#15284=CARTESIAN_POINT('',(3.15508692747995,0.236293781353304,1.54));
#15285=CARTESIAN_POINT('',(3.15508692747995,0.236293781353304,1.54));
#15286=CARTESIAN_POINT('',(3.15508692747995,0.327102125551478,1.54));
#15287=CARTESIAN_POINT('',(3.15508692747995,0.327102125551478,1.54));
#15288=CARTESIAN_POINT('',(3.84094090401189,0.327102125551478,1.54));
#15289=CARTESIAN_POINT('',(3.84094090401189,0.327102125551478,1.54));
#15290=CARTESIAN_POINT('',(3.84094090401189,0.241161230288549,1.54));
#15291=CARTESIAN_POINT('',(3.84094090401189,0.155220335025619,1.54));
#15292=CARTESIAN_POINT('',(3.84094090401189,0.06927943976269,1.54));
#15293=CARTESIAN_POINT('',(3.84094090401189,0.0236471059947632,1.54));
#15294=CARTESIAN_POINT('',(3.8386592873235,-0.0110334676688625,1.54));
#15295=CARTESIAN_POINT('',(3.83455237728438,-0.0352186045658627,1.54));
#15296=CARTESIAN_POINT('',(3.82888796779791,-0.0685756826528695,1.54));
#15297=CARTESIAN_POINT('',(3.81812473712793,-0.0968222551525656,1.54));
#15298=CARTESIAN_POINT('',(3.80215342030915,-0.119638422036529,1.54));
#15299=CARTESIAN_POINT('',(3.78633216955445,-0.142240208828963,1.54));
#15300=CARTESIAN_POINT('',(3.76427858328178,-0.160707522427663,1.54));
#15301=CARTESIAN_POINT('',(3.73598653634566,-0.174397222558041,1.54));
#15302=CARTESIAN_POINT('',(3.70751557680245,-0.188173493304758,1.54));
#15303=CARTESIAN_POINT('',(3.67620817910968,-0.195388096091285,1.54));
#15304=CARTESIAN_POINT('',(3.58403086489846,-0.195388096091285,1.54));
#15305=CARTESIAN_POINT('',(3.5347479444291,-0.176678839246436,1.54));
#15306=CARTESIAN_POINT('',(3.45352239032219,-0.102754458542395,1.54));
#15307=CARTESIAN_POINT('',(3.43344416346431,-0.0356749279035416,1.54));
#15308=CARTESIAN_POINT('',(3.43344416346431,0.0610656196844625,1.54));
#15309=CARTESIAN_POINT('',(3.43344416346431,0.11947500690741,1.54));
#15310=CARTESIAN_POINT('',(3.43344416346431,0.177884394130357,1.54));
#15311=CARTESIAN_POINT('',(3.43344416346431,0.236293781353304,1.54));
#15312=CARTESIAN_POINT('',(3.52653412435088,-0.916378969624532,1.54));
#15313=CARTESIAN_POINT('',(3.5128444242205,-0.958817040028707,1.54));
#15314=CARTESIAN_POINT('',(3.49094090401189,-0.990759673666256,1.54));
#15315=CARTESIAN_POINT('',(3.42979357676287,-1.03456671408346,1.54));
#15316=CARTESIAN_POINT('',(3.39328770974853,-1.04551847418777,1.54));
#15317=CARTESIAN_POINT('',(3.29244025212141,-1.04551847418777,1.54));
#15318=CARTESIAN_POINT('',(3.24315733165205,-1.0249839239922,1.54));
#15319=CARTESIAN_POINT('',(3.20300087793627,-0.983458500263386,1.54));
#15320=CARTESIAN_POINT('',(3.16306494015978,-0.942161110062692,1.54));
#15321=CARTESIAN_POINT('',(3.14322252070029,-0.88763059935074,1.54));
#15322=CARTESIAN_POINT('',(3.14322252070029,-0.752102568059996,1.54));
#15323=CARTESIAN_POINT('',(3.16330074755818,-0.697800090876163,1.54));
#15324=CARTESIAN_POINT('',(3.24361365498973,-0.614749243418537,1.54));
#15325=CARTESIAN_POINT('',(3.29335289879677,-0.594214693222968,1.54));
#15326=CARTESIAN_POINT('',(3.39785094312532,-0.594214693222968,1.54));
#15327=CARTESIAN_POINT('',(3.43526945681502,-0.605622776664951,1.54));
#15328=CARTESIAN_POINT('',(3.46538679710185,-0.628438943548915,1.54));
#15329=CARTESIAN_POINT('',(3.49499456745384,-0.650869072603453,1.54));
#15330=CARTESIAN_POINT('',(3.51558236424657,-0.683197744070427,1.54));
#15331=CARTESIAN_POINT('',(3.52653412435088,-0.725179491136919,1.54));
#15332=CARTESIAN_POINT('',(3.52653412435088,-0.916378969624532,1.54));
#15333=CARTESIAN_POINT('',(3.52653412435088,-0.725179491136919,1.54));
#15334=CARTESIAN_POINT('',(3.52653412435088,-0.725179491136919,1.54));
#15335=CARTESIAN_POINT('',(3.53931117780589,-0.690498917473293,1.54));
#15336=CARTESIAN_POINT('',(3.55756411131307,-0.664488487225577,1.54));
#15337=CARTESIAN_POINT('',(3.58129292487239,-0.647604523731443,1.54));
#15338=CARTESIAN_POINT('',(3.60523729603095,-0.630567182714776,1.54));
#15339=CARTESIAN_POINT('',(3.63331378536783,-0.622050416821403,1.54));
#15340=CARTESIAN_POINT('',(3.71636463282545,-0.622050416821403,1.54));
#15341=CARTESIAN_POINT('',(3.75834637989195,-0.639847026990895,1.54));
#15342=CARTESIAN_POINT('',(3.79257063021789,-0.675896570667557,1.54));
#15343=CARTESIAN_POINT('',(3.82635070942044,-0.711478254094244,1.54));
#15344=CARTESIAN_POINT('',(3.84322252070029,-0.759403741462866,1.54));
#15345=CARTESIAN_POINT('',(3.84322252070029,-0.878504132597154,1.54));
#15346=CARTESIAN_POINT('',(3.82588223386848,-0.926418083053479,1.54));
#15347=CARTESIAN_POINT('',(3.75652108654123,-0.999429817082162,1.54));
#15348=CARTESIAN_POINT('',(3.71408301613706,-1.01768275058933,1.54));
#15349=CARTESIAN_POINT('',(3.63240113869247,-1.01768275058933,1.54));
#15350=CARTESIAN_POINT('',(3.60456541509403,-1.00946893051111,1.54));
#15351=CARTESIAN_POINT('',(3.58129292487239,-0.992584967016971,1.54));
#15352=CARTESIAN_POINT('',(3.55793836541571,-0.975641463097417,1.54));
#15353=CARTESIAN_POINT('',(3.53931117780589,-0.950603219950479,1.54));
#15354=CARTESIAN_POINT('',(3.52653412435088,-0.916378969624532,1.54));
#15355=CARTESIAN_POINT('',(1.27,-10.68,1.54));
#15356=CARTESIAN_POINT('',(1.27,-10.18,1.54));
#15357=CARTESIAN_POINT('',(-1.27,-10.68,1.54));
#15358=CARTESIAN_POINT('',(-1.27,-10.18,1.54));
#15359=CARTESIAN_POINT('',(1.27,10.68,1.54));
#15360=CARTESIAN_POINT('',(1.27,11.18,1.54));
#15361=CARTESIAN_POINT('',(-1.27,10.68,1.54));
#15362=CARTESIAN_POINT('',(-1.27,11.18,1.54));
#15363=CARTESIAN_POINT('',(-3.59545527924172,11.6477101308996,1.54));
#15364=CARTESIAN_POINT('',(-3.59545527924172,11.6477101308996,1.54));
#15365=CARTESIAN_POINT('',(-3.59545527924172,11.4886484342415,1.54));
#15366=CARTESIAN_POINT('',(-3.59545527924172,11.4886484342415,1.54));
#15367=CARTESIAN_POINT('',(-3.1696840710155,11.4886484342415,1.54));
#15368=CARTESIAN_POINT('',(-3.1696840710155,11.4886484342415,1.54));
#15369=CARTESIAN_POINT('',(-3.1696840710155,11.4247024188173,1.54));
#15370=CARTESIAN_POINT('',(-3.1696840710155,11.4247024188173,1.54));
#15371=CARTESIAN_POINT('',(-3.59545527924172,11.4247024188173,1.54));
#15372=CARTESIAN_POINT('',(-3.59545527924172,11.4247024188173,1.54));
#15373=CARTESIAN_POINT('',(-3.59545527924172,11.2659620589202,1.54));
#15374=CARTESIAN_POINT('',(-3.59545527924172,11.2659620589202,1.54));
#15375=CARTESIAN_POINT('',(-3.65265322268645,11.2659620589202,1.54));
#15376=CARTESIAN_POINT('',(-3.65265322268645,11.2659620589202,1.54));
#15377=CARTESIAN_POINT('',(-3.65265322268645,11.6477101308996,1.54));
#15378=CARTESIAN_POINT('',(-3.65265322268645,11.6477101308996,1.54));
#15379=CARTESIAN_POINT('',(3.23814227217044,10.6199365974902,1.54));
#15380=CARTESIAN_POINT('',(3.23814227217044,10.6199365974902,1.54));
#15381=CARTESIAN_POINT('',(3.23814227217044,10.8016086232136,1.54));
#15382=CARTESIAN_POINT('',(3.23814227217044,10.8016086232136,1.54));
#15383=CARTESIAN_POINT('',(3.29762780271707,10.8016086232136,1.54));
#15384=CARTESIAN_POINT('',(3.29762780271707,10.8016086232136,1.54));
#15385=CARTESIAN_POINT('',(3.29762780271707,10.6199365974902,1.54));
#15386=CARTESIAN_POINT('',(3.29762780271707,10.6199365974902,1.54));
#15387=CARTESIAN_POINT('',(3.57608439435694,10.4540201987763,1.54));
#15388=CARTESIAN_POINT('',(3.55132555191321,10.4469462437924,1.54));
#15389=CARTESIAN_POINT('',(3.5320329474116,10.4379430283583,1.54));
#15390=CARTESIAN_POINT('',(3.51788503744376,10.4270105524741,1.54));
#15391=CARTESIAN_POINT('',(3.50389269957776,10.4161982913958,1.54));
#15392=CARTESIAN_POINT('',(3.49248310818331,10.4009655363969,1.54));
#15393=CARTESIAN_POINT('',(3.47576285094858,10.3610941537603,1.54));
#15394=CARTESIAN_POINT('',(3.47126124323154,10.3389076585834,1.54));
#15395=CARTESIAN_POINT('',(3.47126124323154,10.2852099093873,1.54));
#15396=CARTESIAN_POINT('',(3.47576285094858,10.2601295235352,1.54));
#15397=CARTESIAN_POINT('',(3.48476606638266,10.2389076585834,1.54));
#15398=CARTESIAN_POINT('',(3.49388488730676,10.2174132949766,1.54));
#15399=CARTESIAN_POINT('',(3.50534484451771,10.2003224495802,1.54));
#15400=CARTESIAN_POINT('',(3.51981429789392,10.1871391698374,1.54));
#15401=CARTESIAN_POINT('',(3.53429936859703,10.1739416609746,1.54));
#15402=CARTESIAN_POINT('',(3.55036092168813,10.1639880444355,1.54));
#15403=CARTESIAN_POINT('',(3.56772426573958,10.1569140894516,1.54));
#15404=CARTESIAN_POINT('',(3.59802840797525,10.1445679574296,1.54));
#15405=CARTESIAN_POINT('',(3.6304252303698,10.1382645717667,1.54));
#15406=CARTESIAN_POINT('',(3.70856027860131,10.1382645717667,1.54));
#15407=CARTESIAN_POINT('',(3.74457314033765,10.145660070159,1.54));
#15408=CARTESIAN_POINT('',(3.77351204709006,10.1604510669435,1.54));
#15409=CARTESIAN_POINT('',(3.80283620162226,10.1754389681489,1.54));
#15410=CARTESIAN_POINT('',(3.82431590561096,10.1971070154966,1.54));
#15411=CARTESIAN_POINT('',(3.85261172554665,10.253698655368,1.54));
#15412=CARTESIAN_POINT('',(3.85968568053057,10.2836021923455,1.54));
#15413=CARTESIAN_POINT('',(3.85936413712221,10.3154349897731,1.54));
#15414=CARTESIAN_POINT('',(3.85908487788579,10.3430816541785,1.54));
#15415=CARTESIAN_POINT('',(3.85421944258845,10.3700973691943,1.54));
#15416=CARTESIAN_POINT('',(3.83299757763668,10.4228304881654,1.54));
#15417=CARTESIAN_POINT('',(3.82142201493572,10.4427661794837,1.54));
#15418=CARTESIAN_POINT('',(3.80920336541803,10.4562710026348,1.54));
#15419=CARTESIAN_POINT('',(3.57608439435694,10.4540201987763,1.54));
#15420=CARTESIAN_POINT('',(3.80920336541803,10.4562710026348,1.54));
#15421=CARTESIAN_POINT('',(3.80920336541803,10.4562710026348,1.54));
#15422=CARTESIAN_POINT('',(3.7191712110772,10.4562710026348,1.54));
#15423=CARTESIAN_POINT('',(3.7191712110772,10.4562710026348,1.54));
#15424=CARTESIAN_POINT('',(3.7191712110772,10.3147919029564,1.54));
#15425=CARTESIAN_POINT('',(3.7191712110772,10.3147919029564,1.54));
#15426=CARTESIAN_POINT('',(3.66193648438909,10.3147919029564,1.54));
#15427=CARTESIAN_POINT('',(3.66193648438909,10.3147919029564,1.54));
#15428=CARTESIAN_POINT('',(3.66193648438909,10.5186504238567,1.54));
#15429=CARTESIAN_POINT('',(3.66193648438909,10.5186504238567,1.54));
#15430=CARTESIAN_POINT('',(3.84135770625404,10.5186504238567,1.54));
#15431=CARTESIAN_POINT('',(3.84135770625404,10.5186504238567,1.54));
#15432=CARTESIAN_POINT('',(3.86643809210614,10.4871391698374,1.54));
#15433=CARTESIAN_POINT('',(3.88508760979102,10.4549848290014,1.54));
#15434=CARTESIAN_POINT('',(3.89762780271707,10.421544314532,1.54));
#15435=CARTESIAN_POINT('',(3.91020763798113,10.3879980871611,1.54));
#15436=CARTESIAN_POINT('',(3.91659886381032,10.3540201987763,1.54));
#15437=CARTESIAN_POINT('',(3.91659886381032,10.2717050862361,1.54));
#15438=CARTESIAN_POINT('',(3.90663101815115,10.2286182695159,1.54));
#15439=CARTESIAN_POINT('',(3.8860522400161,10.1900330605127,1.54));
#15440=CARTESIAN_POINT('',(3.86541115589189,10.1513310277798,1.54));
#15441=CARTESIAN_POINT('',(3.83653455512864,10.1218658579403,1.54));
#15442=CARTESIAN_POINT('',(3.75936413712221,10.0826375621204,1.54));
#15443=CARTESIAN_POINT('',(3.71659886381032,10.0726697164612,1.54));
#15444=CARTESIAN_POINT('',(3.62174355834408,10.0726697164612,1.54));
#15445=CARTESIAN_POINT('',(3.5780136548071,10.0826375621204,1.54));
#15446=CARTESIAN_POINT('',(3.49634162908363,10.1218658579403,1.54));
#15447=CARTESIAN_POINT('',(3.46611654869778,10.150161677876,1.54));
#15448=CARTESIAN_POINT('',(3.44618085737945,10.1868176264291,1.54));
#15449=CARTESIAN_POINT('',(3.42631856349946,10.2233386184019,1.54));
#15450=CARTESIAN_POINT('',(3.41659886381032,10.2659173048857,1.54));
#15451=CARTESIAN_POINT('',(3.41659886381032,10.3488755042426,1.54));
#15452=CARTESIAN_POINT('',(3.42206510175244,10.3803867582619,1.54));
#15453=CARTESIAN_POINT('',(3.4336406644534,10.4086825781976,1.54));
#15454=CARTESIAN_POINT('',(3.44505744731201,10.4365902696297,1.54));
#15455=CARTESIAN_POINT('',(3.46065031075565,10.4588433499017,1.54));
#15456=CARTESIAN_POINT('',(3.50116478020903,10.4909976907377,1.54));
#15457=CARTESIAN_POINT('',(3.52753133969456,10.5032163402554,1.54));
#15458=CARTESIAN_POINT('',(3.56032876734729,10.5112549254644,1.54));
#15459=CARTESIAN_POINT('',(3.56032876734729,10.5112549254644,1.54));
#15460=CARTESIAN_POINT('',(3.56032876734729,10.5112549254644,1.54));
#15461=CARTESIAN_POINT('',(3.90856027860131,10.9263674656574,1.54));
#15462=CARTESIAN_POINT('',(3.90856027860131,10.9263674656574,1.54));
#15463=CARTESIAN_POINT('',(3.52913905673636,10.6729912598696,1.54));
#15464=CARTESIAN_POINT('',(3.52913905673636,10.6729912598696,1.54));
#15465=CARTESIAN_POINT('',(3.90856027860131,10.6729912598696,1.54));
#15466=CARTESIAN_POINT('',(3.90856027860131,10.6729912598696,1.54));
#15467=CARTESIAN_POINT('',(3.90856027860131,10.6118980122812,1.54));
#15468=CARTESIAN_POINT('',(3.90856027860131,10.6118980122812,1.54));
#15469=CARTESIAN_POINT('',(3.42528053583604,10.6118980122812,1.54));
#15470=CARTESIAN_POINT('',(3.42528053583604,10.6118980122812,1.54));
#15471=CARTESIAN_POINT('',(3.42528053583604,10.6771713241783,1.54));
#15472=CARTESIAN_POINT('',(3.42528053583604,10.6771713241783,1.54));
#15473=CARTESIAN_POINT('',(3.80470175770099,10.930547529966,1.54));
#15474=CARTESIAN_POINT('',(3.80470175770099,10.930547529966,1.54));
#15475=CARTESIAN_POINT('',(3.42528053583604,10.930547529966,1.54));
#15476=CARTESIAN_POINT('',(3.42528053583604,10.930547529966,1.54));
#15477=CARTESIAN_POINT('',(3.42528053583604,10.9916407775545,1.54));
#15478=CARTESIAN_POINT('',(3.42528053583604,10.9916407775545,1.54));
#15479=CARTESIAN_POINT('',(3.90856027860131,10.9916407775545,1.54));
#15480=CARTESIAN_POINT('',(3.90856027860131,10.9916407775545,1.54));
#15481=CARTESIAN_POINT('',(-3.97378410139443,-10.5880433511198,1.54));
#15482=CARTESIAN_POINT('',(-3.97378410139443,-10.5880433511198,1.54));
#15483=CARTESIAN_POINT('',(-3.97378410139443,-10.723771894034,1.54));
#15484=CARTESIAN_POINT('',(-3.97378410139443,-10.723771894034,1.54));
#15485=CARTESIAN_POINT('',(-3.83705755448825,-10.723771894034,1.54));
#15486=CARTESIAN_POINT('',(-3.83705755448825,-10.723771894034,1.54));
#15487=CARTESIAN_POINT('',(-3.83705755448825,-10.7816561255709,1.54));
#15488=CARTESIAN_POINT('',(-3.83705755448825,-10.7816561255709,1.54));
#15489=CARTESIAN_POINT('',(-3.97378410139443,-10.7816561255709,1.54));
#15490=CARTESIAN_POINT('',(-3.97378410139443,-10.7816561255709,1.54));
#15491=CARTESIAN_POINT('',(-3.97378410139443,-10.9177173364824,1.54));
#15492=CARTESIAN_POINT('',(-3.97378410139443,-10.9177173364824,1.54));
#15493=CARTESIAN_POINT('',(-4.03133566493402,-10.9177173364824,1.54));
#15494=CARTESIAN_POINT('',(-4.03133566493402,-10.9177173364824,1.54));
#15495=CARTESIAN_POINT('',(-4.03133566493402,-10.7816561255709,1.54));
#15496=CARTESIAN_POINT('',(-4.03133566493402,-10.7816561255709,1.54));
#15497=CARTESIAN_POINT('',(-4.16739687584553,-10.7816561255709,1.54));
#15498=CARTESIAN_POINT('',(-4.16739687584553,-10.7816561255709,1.54));
#15499=CARTESIAN_POINT('',(-4.16739687584553,-10.723771894034,1.54));
#15500=CARTESIAN_POINT('',(-4.16739687584553,-10.723771894034,1.54));
#15501=CARTESIAN_POINT('',(-4.03133566493402,-10.723771894034,1.54));
#15502=CARTESIAN_POINT('',(-4.03133566493402,-10.723771894034,1.54));
#15503=CARTESIAN_POINT('',(-4.03133566493402,-10.5880433511198,1.54));
#15504=CARTESIAN_POINT('',(-4.03133566493402,-10.5880433511198,1.54));
#15505=CARTESIAN_POINT('',(-3.7049883595448,-10.9509841362163,1.54));
#15506=CARTESIAN_POINT('',(-3.7049883595448,-10.9509841362163,1.54));
#15507=CARTESIAN_POINT('',(-3.7049883595448,-10.8837852007539,1.54));
#15508=CARTESIAN_POINT('',(-3.7049883595448,-10.8837852007539,1.54));
#15509=CARTESIAN_POINT('',(-3.2049883595448,-11.0787286471943,1.54));
#15510=CARTESIAN_POINT('',(-3.2049883595448,-11.0787286471943,1.54));
#15511=CARTESIAN_POINT('',(-3.2049883595448,-11.1475909226434,1.54));
#15512=CARTESIAN_POINT('',(-3.2049883595448,-11.1475909226434,1.54));
#15513=CARTESIAN_POINT('',(-3.7049883595448,-11.3402056931025,1.54));
#15514=CARTESIAN_POINT('',(-3.7049883595448,-11.3402056931025,1.54));
#15515=CARTESIAN_POINT('',(-3.7049883595448,-11.2686820736747,1.54));
#15516=CARTESIAN_POINT('',(-3.7049883595448,-11.2686820736747,1.54));
#15517=CARTESIAN_POINT('',(-3.58378631918108,-11.2254352340207,1.54));
#15518=CARTESIAN_POINT('',(-3.46258427881736,-11.1821883943667,1.54));
#15519=CARTESIAN_POINT('',(-3.34138223845365,-11.1389415547126,1.54));
#15520=CARTESIAN_POINT('',(-3.31214955355466,-11.1285108620222,1.54));
#15521=CARTESIAN_POINT('',(-3.28482867890608,-11.1199794788643,1.54));
#15522=CARTESIAN_POINT('',(-3.25954591110834,-11.1129934509202,1.54));
#15523=CARTESIAN_POINT('',(-3.25954591110834,-11.1129934509202,1.54));
#15524=CARTESIAN_POINT('',(-3.25954591110834,-11.1129934509202,1.54));
#15525=CARTESIAN_POINT('',(-3.28682468689011,-11.1050094189841,1.54));
#15526=CARTESIAN_POINT('',(-3.31410346267188,-11.096027383056,1.54));
#15527=CARTESIAN_POINT('',(-3.34138223845365,-11.0860473431358,1.54));
#15528=CARTESIAN_POINT('',(-3.46280332306535,-11.0416249951071,1.54));
#15529=CARTESIAN_POINT('',(-3.58378631918108,-10.9960052051895,1.54));
#15530=CARTESIAN_POINT('',(-3.7049883595448,-10.9509841362163,1.54));
#15531=CARTESIAN_POINT('',(-3.2049883595448,-10.306273557374,1.54));
#15532=CARTESIAN_POINT('',(-3.2049883595448,-10.306273557374,1.54));
#15533=CARTESIAN_POINT('',(-3.59753659640441,-10.5684159392768,1.54));
#15534=CARTESIAN_POINT('',(-3.59753659640441,-10.5684159392768,1.54));
#15535=CARTESIAN_POINT('',(-3.2049883595448,-10.5684159392768,1.54));
#15536=CARTESIAN_POINT('',(-3.2049883595448,-10.5684159392768,1.54));
#15537=CARTESIAN_POINT('',(-3.2049883595448,-10.6316228587712,1.54));
#15538=CARTESIAN_POINT('',(-3.2049883595448,-10.6316228587712,1.54));
#15539=CARTESIAN_POINT('',(-3.7049883595448,-10.6316228587712,1.54));
#15540=CARTESIAN_POINT('',(-3.7049883595448,-10.6316228587712,1.54));
#15541=CARTESIAN_POINT('',(-3.7049883595448,-10.5640912553114,1.54));
#15542=CARTESIAN_POINT('',(-3.7049883595448,-10.5640912553114,1.54));
#15543=CARTESIAN_POINT('',(-3.31244012268518,-10.3019488734086,1.54));
#15544=CARTESIAN_POINT('',(-3.31244012268518,-10.3019488734086,1.54));
#15545=CARTESIAN_POINT('',(-3.7049883595448,-10.3019488734086,1.54));
#15546=CARTESIAN_POINT('',(-3.7049883595448,-10.3019488734086,1.54));
#15547=CARTESIAN_POINT('',(-3.7049883595448,-10.2387419539142,1.54));
#15548=CARTESIAN_POINT('',(-3.7049883595448,-10.2387419539142,1.54));
#15549=CARTESIAN_POINT('',(-3.2049883595448,-10.2387419539142,1.54));
#15550=CARTESIAN_POINT('',(-3.2049883595448,-10.2387419539142,1.54));
#15551=CARTESIAN_POINT('',(3.57608439435694,-11.0887439794692,1.54));
#15552=CARTESIAN_POINT('',(3.55132555191321,-11.0958179344531,1.54));
#15553=CARTESIAN_POINT('',(3.5320329474116,-11.1048211498872,1.54));
#15554=CARTESIAN_POINT('',(3.51788503744375,-11.1157536257714,1.54));
#15555=CARTESIAN_POINT('',(3.50389269957775,-11.1265658868497,1.54));
#15556=CARTESIAN_POINT('',(3.4924831081833,-11.1417986418486,1.54));
#15557=CARTESIAN_POINT('',(3.47576285094858,-11.1816700244853,1.54));
#15558=CARTESIAN_POINT('',(3.47126124323154,-11.2038565196621,1.54));
#15559=CARTESIAN_POINT('',(3.47126124323154,-11.2575542688582,1.54));
#15560=CARTESIAN_POINT('',(3.47576285094858,-11.2826346547103,1.54));
#15561=CARTESIAN_POINT('',(3.48476606638266,-11.3038565196621,1.54));
#15562=CARTESIAN_POINT('',(3.49388488730675,-11.3253508832689,1.54));
#15563=CARTESIAN_POINT('',(3.50534484451771,-11.3424417286653,1.54));
#15564=CARTESIAN_POINT('',(3.51981429789391,-11.3556250084081,1.54));
#15565=CARTESIAN_POINT('',(3.53429936859702,-11.3688225172709,1.54));
#15566=CARTESIAN_POINT('',(3.55036092168813,-11.37877613381,1.54));
#15567=CARTESIAN_POINT('',(3.56772426573957,-11.3858500887939,1.54));
#15568=CARTESIAN_POINT('',(3.59802840797525,-11.3981962208159,1.54));
#15569=CARTESIAN_POINT('',(3.6304252303698,-11.4044996064788,1.54));
#15570=CARTESIAN_POINT('',(3.70856027860131,-11.4044996064788,1.54));
#15571=CARTESIAN_POINT('',(3.74457314033764,-11.3971041080865,1.54));
#15572=CARTESIAN_POINT('',(3.77351204709006,-11.382313111302,1.54));
#15573=CARTESIAN_POINT('',(3.80283620162226,-11.3673252100966,1.54));
#15574=CARTESIAN_POINT('',(3.82431590561096,-11.3456571627489,1.54));
#15575=CARTESIAN_POINT('',(3.85261172554665,-11.2890655228775,1.54));
#15576=CARTESIAN_POINT('',(3.85968568053057,-11.2591619859,1.54));
#15577=CARTESIAN_POINT('',(3.85936413712221,-11.2273291884724,1.54));
#15578=CARTESIAN_POINT('',(3.85908487788579,-11.199682524067,1.54));
#15579=CARTESIAN_POINT('',(3.85421944258845,-11.1726668090512,1.54));
#15580=CARTESIAN_POINT('',(3.83299757763668,-11.1199336900801,1.54));
#15581=CARTESIAN_POINT('',(3.82142201493572,-11.0999979987618,1.54));
#15582=CARTESIAN_POINT('',(3.80920336541803,-11.0864931756107,1.54));
#15583=CARTESIAN_POINT('',(3.57608439435694,-11.0887439794692,1.54));
#15584=CARTESIAN_POINT('',(3.80920336541803,-11.0864931756107,1.54));
#15585=CARTESIAN_POINT('',(3.80920336541803,-11.0864931756107,1.54));
#15586=CARTESIAN_POINT('',(3.71917121107719,-11.0864931756107,1.54));
#15587=CARTESIAN_POINT('',(3.71917121107719,-11.0864931756107,1.54));
#15588=CARTESIAN_POINT('',(3.71917121107719,-11.2279722752891,1.54));
#15589=CARTESIAN_POINT('',(3.71917121107719,-11.2279722752891,1.54));
#15590=CARTESIAN_POINT('',(3.66193648438909,-11.2279722752891,1.54));
#15591=CARTESIAN_POINT('',(3.66193648438909,-11.2279722752891,1.54));
#15592=CARTESIAN_POINT('',(3.66193648438909,-11.0241137543888,1.54));
#15593=CARTESIAN_POINT('',(3.66193648438909,-11.0241137543888,1.54));
#15594=CARTESIAN_POINT('',(3.84135770625404,-11.0241137543888,1.54));
#15595=CARTESIAN_POINT('',(3.84135770625404,-11.0241137543888,1.54));
#15596=CARTESIAN_POINT('',(3.86643809210613,-11.0556250084081,1.54));
#15597=CARTESIAN_POINT('',(3.88508760979102,-11.0877793492441,1.54));
#15598=CARTESIAN_POINT('',(3.89762780271707,-11.1212198637135,1.54));
#15599=CARTESIAN_POINT('',(3.91020763798113,-11.1547660910844,1.54));
#15600=CARTESIAN_POINT('',(3.91659886381031,-11.1887439794692,1.54));
#15601=CARTESIAN_POINT('',(3.91659886381031,-11.2710590920094,1.54));
#15602=CARTESIAN_POINT('',(3.90663101815115,-11.3141459087296,1.54));
#15603=CARTESIAN_POINT('',(3.8860522400161,-11.3527311177328,1.54));
#15604=CARTESIAN_POINT('',(3.86541115589189,-11.3914331504657,1.54));
#15605=CARTESIAN_POINT('',(3.83653455512864,-11.4208983203052,1.54));
#15606=CARTESIAN_POINT('',(3.75936413712221,-11.4601266161251,1.54));
#15607=CARTESIAN_POINT('',(3.71659886381031,-11.4700944617843,1.54));
#15608=CARTESIAN_POINT('',(3.62174355834408,-11.4700944617843,1.54));
#15609=CARTESIAN_POINT('',(3.5780136548071,-11.4601266161251,1.54));
#15610=CARTESIAN_POINT('',(3.49634162908363,-11.4208983203052,1.54));
#15611=CARTESIAN_POINT('',(3.46611654869777,-11.3926025003695,1.54));
#15612=CARTESIAN_POINT('',(3.44618085737945,-11.3559465518164,1.54));
#15613=CARTESIAN_POINT('',(3.42631856349946,-11.3194255598436,1.54));
#15614=CARTESIAN_POINT('',(3.41659886381031,-11.2768468733598,1.54));
#15615=CARTESIAN_POINT('',(3.41659886381031,-11.1938886740029,1.54));
#15616=CARTESIAN_POINT('',(3.42206510175244,-11.1623774199836,1.54));
#15617=CARTESIAN_POINT('',(3.4336406644534,-11.134081600048,1.54));
#15618=CARTESIAN_POINT('',(3.44505744731201,-11.1061739086158,1.54));
#15619=CARTESIAN_POINT('',(3.46065031075565,-11.0839208283438,1.54));
#15620=CARTESIAN_POINT('',(3.50116478020903,-11.0517664875078,1.54));
#15621=CARTESIAN_POINT('',(3.52753133969456,-11.0395478379901,1.54));
#15622=CARTESIAN_POINT('',(3.56032876734729,-11.0315092527811,1.54));
#15623=CARTESIAN_POINT('',(3.56032876734729,-11.0315092527811,1.54));
#15624=CARTESIAN_POINT('',(3.56032876734729,-11.0315092527811,1.54));
#15625=CARTESIAN_POINT('',(3.42528053583604,-10.4440494457071,1.54));
#15626=CARTESIAN_POINT('',(3.42528053583604,-10.3886367983331,1.54));
#15627=CARTESIAN_POINT('',(3.42528053583604,-10.333224150959,1.54));
#15628=CARTESIAN_POINT('',(3.42528053583604,-10.2778115035849,1.54));
#15629=CARTESIAN_POINT('',(3.42528053583604,-10.2405124682152,1.54));
#15630=CARTESIAN_POINT('',(3.42753133969456,-10.2118951048711,1.54));
#15631=CARTESIAN_POINT('',(3.4320329474116,-10.1919594135528,1.54));
#15632=CARTESIAN_POINT('',(3.43828617080468,-10.1642665670977,1.54));
#15633=CARTESIAN_POINT('',(3.45003937827977,-10.1408340116235,1.54));
#15634=CARTESIAN_POINT('',(3.46675963551449,-10.1215414071219,1.54));
#15635=CARTESIAN_POINT('',(3.48873149638576,-10.0961892599628,1.54));
#15636=CARTESIAN_POINT('',(3.51595577699359,-10.0768468733598,1.54));
#15637=CARTESIAN_POINT('',(3.5828368059325,-10.0517664875078,1.54));
#15638=CARTESIAN_POINT('',(3.62110047152736,-10.0453356193406,1.54));
#15639=CARTESIAN_POINT('',(3.70084323680067,-10.0453356193406,1.54));
#15640=CARTESIAN_POINT('',(3.7336406644534,-10.0495156836492,1.54));
#15641=CARTESIAN_POINT('',(3.79023230432478,-10.0668790277007,1.54));
#15642=CARTESIAN_POINT('',(3.81370497313507,-10.0778115035849,1.54));
#15643=CARTESIAN_POINT('',(3.83235449081996,-10.0909947833277,1.54));
#15644=CARTESIAN_POINT('',(3.85115557049198,-10.1042852017165,1.54));
#15645=CARTESIAN_POINT('',(3.86547346188105,-10.118969059855,1.54));
#15646=CARTESIAN_POINT('',(3.87608439435694,-10.135046230273,1.54));
#15647=CARTESIAN_POINT('',(3.88664506607715,-10.1510472480309,1.54));
#15648=CARTESIAN_POINT('',(3.89505545545019,-10.1700944617843,1.54));
#15649=CARTESIAN_POINT('',(3.90598793133443,-10.2151105389547,1.54));
#15650=CARTESIAN_POINT('',(3.90856027860131,-10.2408340116235,1.54));
#15651=CARTESIAN_POINT('',(3.90856027860131,-10.2700944617843,1.54));
#15652=CARTESIAN_POINT('',(3.90856027860131,-10.3280794564252,1.54));
#15653=CARTESIAN_POINT('',(3.90856027860131,-10.3860644510662,1.54));
#15654=CARTESIAN_POINT('',(3.90856027860131,-10.4440494457071,1.54));
#15655=CARTESIAN_POINT('',(3.42528053583604,-10.4440494457071,1.54));
#15656=CARTESIAN_POINT('',(3.90856027860131,-10.4440494457071,1.54));
#15657=CARTESIAN_POINT('',(3.90856027860131,-10.4440494457071,1.54));
#15658=CARTESIAN_POINT('',(5.8,-12.95,1.54));
#15659=CARTESIAN_POINT('',(5.8,-12.95,1.54));
#15660=CARTESIAN_POINT('',(5.8,12.95,1.54));
#15661=CARTESIAN_POINT('',(5.8,12.95,1.54));
#15662=CARTESIAN_POINT('',(-5.8,12.95,1.54));
#15663=CARTESIAN_POINT('',(-5.8,12.95,1.54));
#15664=CARTESIAN_POINT('',(-5.8,-12.95,1.54));
#15665=CARTESIAN_POINT('',(-5.8,-12.95,1.54));
#15666=CARTESIAN_POINT('',(-3.40490258001293,10.2739954779433,1.54));
#15667=CARTESIAN_POINT('',(-3.4852367702443,10.2739954779433,1.54));
#15668=CARTESIAN_POINT('',(-3.54789743862476,10.2952037041644,1.54));
#15669=CARTESIAN_POINT('',(-3.59320592191525,10.3382628301284,1.54));
#15670=CARTESIAN_POINT('',(-3.63835394489543,10.3811694618968,1.54));
#15671=CARTESIAN_POINT('',(-3.66132931523144,10.4362705422107,1.54));
#15672=CARTESIAN_POINT('',(-3.66132931523144,10.5487384085346,1.54));
#15673=CARTESIAN_POINT('',(-3.6507252021209,10.5885841668893,1.54));
#15674=CARTESIAN_POINT('',(-3.6291956391389,10.6242525473521,1.54));
#15675=CARTESIAN_POINT('',(-3.6077518870266,10.6597787635381,1.54));
#15676=CARTESIAN_POINT('',(-3.57842443091268,10.6872345524934,1.54));
#15677=CARTESIAN_POINT('',(-3.50194628181242,10.7245096167608,1.54));
#15678=CARTESIAN_POINT('',(-3.45888715584841,10.7338283828276,1.54));
#15679=CARTESIAN_POINT('',(-3.361522117288,10.7338283828276,1.54));
#15680=CARTESIAN_POINT('',(-3.31782031780214,10.7241882799999,1.54));
#15681=CARTESIAN_POINT('',(-3.27893856973016,10.7042654008225,1.54));
#15682=CARTESIAN_POINT('',(-3.24044174780896,10.6845397565323,1.54));
#15683=CARTESIAN_POINT('',(-3.21113651317489,10.6567075602055,1.54));
#15684=CARTESIAN_POINT('',(-3.17129075482013,10.5847281257582,1.54));
#15685=CARTESIAN_POINT('',(-3.16132931523144,10.5455250409253,1.54));
#15686=CARTESIAN_POINT('',(-3.16132931523144,10.4587641154754,1.54));
#15687=CARTESIAN_POINT('',(-3.17225476510291,10.4182756835988,1.54));
#15688=CARTESIAN_POINT('',(-3.19442700160676,10.3826073031361,1.54));
#15689=CARTESIAN_POINT('',(-3.21650967691645,10.347082999377,1.54));
#15690=CARTESIAN_POINT('',(-3.24616222011576,10.3199466347556,1.54));
#15691=CARTESIAN_POINT('',(-3.28440129466589,10.301309102622,1.54));
#15692=CARTESIAN_POINT('',(-3.32225416001799,10.2828598069041,1.54));
#15693=CARTESIAN_POINT('',(-3.36248612757077,10.2739954779433,1.54));
#15694=CARTESIAN_POINT('',(-3.40490258001293,10.2739954779433,1.54));
#15695=CARTESIAN_POINT('',(-3.40490258001293,10.2739954779433,1.54));
#15696=CARTESIAN_POINT('',(-3.65265322268645,10.1708463776862,1.54));
#15697=CARTESIAN_POINT('',(-3.65265322268645,10.1708463776862,1.54));
#15698=CARTESIAN_POINT('',(-3.65265322268645,10.2357564033932,1.54));
#15699=CARTESIAN_POINT('',(-3.65265322268645,10.2357564033932,1.54));
#15700=CARTESIAN_POINT('',(-3.1696840710155,10.0474530614909,1.54));
#15701=CARTESIAN_POINT('',(-3.1696840710155,10.0474530614909,1.54));
#15702=CARTESIAN_POINT('',(-3.1696840710155,9.9809363519793,1.54));
#15703=CARTESIAN_POINT('',(-3.1696840710155,9.9809363519793,1.54));
#15704=CARTESIAN_POINT('',(-3.65265322268645,9.79488236740346,1.54));
#15705=CARTESIAN_POINT('',(-3.65265322268645,9.79488236740346,1.54));
#15706=CARTESIAN_POINT('',(-3.65265322268645,9.86396977100244,1.54));
#15707=CARTESIAN_POINT('',(-3.65265322268645,9.86396977100244,1.54));
#15708=CARTESIAN_POINT('',(-3.53557952945595,9.90574354992274,1.54));
#15709=CARTESIAN_POINT('',(-3.41850583622544,9.94751732884305,1.54));
#15710=CARTESIAN_POINT('',(-3.30143214299494,9.98929110776336,1.54));
#15711=CARTESIAN_POINT('',(-3.27319517294148,9.9993665133634,1.54));
#15712=CARTESIAN_POINT('',(-3.24680489363761,10.0076073031361,1.54));
#15713=CARTESIAN_POINT('',(-3.22238329980728,10.0143553751155,1.54));
#15714=CARTESIAN_POINT('',(-3.22238329980728,10.0143553751155,1.54));
#15715=CARTESIAN_POINT('',(-3.22238329980728,10.0143553751155,1.54));
#15716=CARTESIAN_POINT('',(-3.24873291420316,10.0220674573778,1.54));
#15717=CARTESIAN_POINT('',(-3.27508252859905,10.0307435499227,1.54));
#15718=CARTESIAN_POINT('',(-3.30143214299494,10.0403836527505,1.54));
#15719=CARTESIAN_POINT('',(-3.4187174194547,10.0832929002358,1.54));
#15720=CARTESIAN_POINT('',(-3.53557952945595,10.1273588027077,1.54));
#15721=CARTESIAN_POINT('',(-3.65265322268645,10.1708463776862,1.54));
#15722=CARTESIAN_POINT('',(-3.91229332551422,10.8951394368122,1.54));
#15723=CARTESIAN_POINT('',(-3.91229332551422,10.8951394368122,1.54));
#15724=CARTESIAN_POINT('',(-3.91229332551422,10.7637127015937,1.54));
#15725=CARTESIAN_POINT('',(-3.91229332551422,10.7637127015937,1.54));
#15726=CARTESIAN_POINT('',(-3.78022391677386,10.7637127015937,1.54));
#15727=CARTESIAN_POINT('',(-3.78022391677386,10.7637127015937,1.54));
#15728=CARTESIAN_POINT('',(-3.78022391677386,10.7081214419536,1.54));
#15729=CARTESIAN_POINT('',(-3.78022391677386,10.7081214419536,1.54));
#15730=CARTESIAN_POINT('',(-3.91229332551422,10.7081214419536,1.54));
#15731=CARTESIAN_POINT('',(-3.91229332551422,10.7081214419536,1.54));
#15732=CARTESIAN_POINT('',(-3.91229332551422,10.5766947067351,1.54));
#15733=CARTESIAN_POINT('',(-3.91229332551422,10.5766947067351,1.54));
#15734=CARTESIAN_POINT('',(-3.96788458515432,10.5766947067351,1.54));
#15735=CARTESIAN_POINT('',(-3.96788458515432,10.5766947067351,1.54));
#15736=CARTESIAN_POINT('',(-3.96788458515432,10.7081214419536,1.54));
#15737=CARTESIAN_POINT('',(-3.96788458515432,10.7081214419536,1.54));
#15738=CARTESIAN_POINT('',(-4.09931132037283,10.7081214419536,1.54));
#15739=CARTESIAN_POINT('',(-4.09931132037283,10.7081214419536,1.54));
#15740=CARTESIAN_POINT('',(-4.09931132037283,10.7637127015937,1.54));
#15741=CARTESIAN_POINT('',(-4.09931132037283,10.7637127015937,1.54));
#15742=CARTESIAN_POINT('',(-3.96788458515432,10.7637127015937,1.54));
#15743=CARTESIAN_POINT('',(-3.96788458515432,10.7637127015937,1.54));
#15744=CARTESIAN_POINT('',(-3.96788458515432,10.8951394368122,1.54));
#15745=CARTESIAN_POINT('',(-3.96788458515432,10.8951394368122,1.54));
#15746=CARTESIAN_POINT('',(-3.65265322268645,11.1968746553212,1.54));
#15747=CARTESIAN_POINT('',(-3.55967978652536,11.1968746553212,1.54));
#15748=CARTESIAN_POINT('',(-3.46670635036426,11.1968746553212,1.54));
#15749=CARTESIAN_POINT('',(-3.37373291420316,11.1968746553212,1.54));
#15750=CARTESIAN_POINT('',(-3.32521106330342,11.1968746553212,1.54));
#15751=CARTESIAN_POINT('',(-3.28665065199237,11.1914119303855,1.54));
#15752=CARTESIAN_POINT('',(-3.22945270854764,11.1695610306425,1.54));
#15753=CARTESIAN_POINT('',(-3.20599512500008,11.1496381514652,1.54));
#15754=CARTESIAN_POINT('',(-3.18832160314918,11.1210391797428,1.54));
#15755=CARTESIAN_POINT('',(-3.17055927774431,11.092296507724,1.54));
#15756=CARTESIAN_POINT('',(-3.16132931523144,11.0548438069922,1.54));
#15757=CARTESIAN_POINT('',(-3.16132931523144,10.9632628301284,1.54));
#15758=CARTESIAN_POINT('',(-3.16936273425458,10.9266304393829,1.54));
#15759=CARTESIAN_POINT('',(-3.184786898779,10.8977101308996,1.54));
#15760=CARTESIAN_POINT('',(-3.20014879735667,10.8689065710665,1.54));
#15761=CARTESIAN_POINT('',(-3.22302597332913,10.848545606478,1.54));
#15762=CARTESIAN_POINT('',(-3.28215193733941,10.8241240126477,1.54));
#15763=CARTESIAN_POINT('',(-3.32231903245509,10.8180186141901,1.54));
#15764=CARTESIAN_POINT('',(-3.37373291420316,10.8180186141901,1.54));
#15765=CARTESIAN_POINT('',(-3.46670635036426,10.8180186141901,1.54));
#15766=CARTESIAN_POINT('',(-3.55967978652536,10.8180186141901,1.54));
#15767=CARTESIAN_POINT('',(-3.65265322268645,10.8180186141901,1.54));
#15768=CARTESIAN_POINT('',(-3.65265322268645,11.1968746553212,1.54));
#15769=CARTESIAN_POINT('',(-3.65265322268645,10.8180186141901,1.54));
#15770=CARTESIAN_POINT('',(-3.65265322268645,10.8180186141901,1.54));
#15771=CARTESIAN_POINT('',(-3.65265322268645,10.8819646296143,1.54));
#15772=CARTESIAN_POINT('',(-3.65265322268645,10.8819646296143,1.54));
#15773=CARTESIAN_POINT('',(-3.559786898779,10.8819646296143,1.54));
#15774=CARTESIAN_POINT('',(-3.46692057487154,10.8819646296143,1.54));
#15775=CARTESIAN_POINT('',(-3.37405425096409,10.8819646296143,1.54));
#15776=CARTESIAN_POINT('',(-3.33195913528286,10.8819646296143,1.54));
#15777=CARTESIAN_POINT('',(-3.30111080623401,10.8858206707454,1.54));
#15778=CARTESIAN_POINT('',(-3.26126504787926,10.9012448352698,1.54));
#15779=CARTESIAN_POINT('',(-3.24616222011576,10.9147409792287,1.54));
#15780=CARTESIAN_POINT('',(-3.2352367702443,10.9333785113623,1.54));
#15781=CARTESIAN_POINT('',(-3.22425330913457,10.9521150038436,1.54));
#15782=CARTESIAN_POINT('',(-3.21916993219802,10.9754736270436,1.54));
#15783=CARTESIAN_POINT('',(-3.21916993219802,11.0497024188173,1.54));
#15784=CARTESIAN_POINT('',(-3.22977404530856,11.0831214419536,1.54));
#15785=CARTESIAN_POINT('',(-3.25098227152964,11.103044321131,1.54));
#15786=CARTESIAN_POINT('',(-3.27236119810811,11.1231275551895,1.54));
#15787=CARTESIAN_POINT('',(-3.31332160314918,11.132928639897,1.54));
#15788=CARTESIAN_POINT('',(-3.37405425096409,11.132928639897,1.54));
#15789=CARTESIAN_POINT('',(-3.46692057487154,11.132928639897,1.54));
#15790=CARTESIAN_POINT('',(-3.559786898779,11.132928639897,1.54));
#15791=CARTESIAN_POINT('',(-3.65265322268645,11.132928639897,1.54));
#15792=CARTESIAN_POINT('',(-3.65265322268645,11.132928639897,1.54));
#15793=CARTESIAN_POINT('',(-3.65265322268645,11.132928639897,1.54));
#15794=CARTESIAN_POINT('',(3.42528053583604,11.0987147325384,1.54));
#15795=CARTESIAN_POINT('',(3.42528053583604,11.1541273799124,1.54));
#15796=CARTESIAN_POINT('',(3.42528053583604,11.2095400272865,1.54));
#15797=CARTESIAN_POINT('',(3.42528053583604,11.2649526746606,1.54));
#15798=CARTESIAN_POINT('',(3.42528053583604,11.3022517100303,1.54));
#15799=CARTESIAN_POINT('',(3.42753133969456,11.3308690733744,1.54));
#15800=CARTESIAN_POINT('',(3.4320329474116,11.3508047646927,1.54));
#15801=CARTESIAN_POINT('',(3.43828617080468,11.3784976111478,1.54));
#15802=CARTESIAN_POINT('',(3.45003937827977,11.401930166622,1.54));
#15803=CARTESIAN_POINT('',(3.46675963551449,11.4212227711236,1.54));
#15804=CARTESIAN_POINT('',(3.48873149638576,11.4465749182828,1.54));
#15805=CARTESIAN_POINT('',(3.51595577699359,11.4659173048857,1.54));
#15806=CARTESIAN_POINT('',(3.5828368059325,11.4909976907377,1.54));
#15807=CARTESIAN_POINT('',(3.62110047152736,11.4974285589049,1.54));
#15808=CARTESIAN_POINT('',(3.70084323680067,11.4974285589049,1.54));
#15809=CARTESIAN_POINT('',(3.7336406644534,11.4932484945963,1.54));
#15810=CARTESIAN_POINT('',(3.79023230432478,11.4758851505448,1.54));
#15811=CARTESIAN_POINT('',(3.81370497313507,11.4649526746606,1.54));
#15812=CARTESIAN_POINT('',(3.83235449081996,11.4517693949178,1.54));
#15813=CARTESIAN_POINT('',(3.85115557049198,11.438478976529,1.54));
#15814=CARTESIAN_POINT('',(3.86547346188105,11.4237951183905,1.54));
#15815=CARTESIAN_POINT('',(3.87608439435694,11.4077179479725,1.54));
#15816=CARTESIAN_POINT('',(3.88664506607716,11.3917169302146,1.54));
#15817=CARTESIAN_POINT('',(3.89505545545019,11.3726697164612,1.54));
#15818=CARTESIAN_POINT('',(3.90598793133443,11.3276536392908,1.54));
#15819=CARTESIAN_POINT('',(3.90856027860131,11.301930166622,1.54));
#15820=CARTESIAN_POINT('',(3.90856027860131,11.2726697164612,1.54));
#15821=CARTESIAN_POINT('',(3.90856027860131,11.2146847218203,1.54));
#15822=CARTESIAN_POINT('',(3.90856027860131,11.1566997271793,1.54));
#15823=CARTESIAN_POINT('',(3.90856027860131,11.0987147325384,1.54));
#15824=CARTESIAN_POINT('',(3.42528053583604,11.0987147325384,1.54));
#15825=CARTESIAN_POINT('',(3.90856027860131,11.0987147325384,1.54));
#15826=CARTESIAN_POINT('',(3.90856027860131,11.0987147325384,1.54));
#15827=CARTESIAN_POINT('',(-3.7049883595448,-10.8132595853181,1.54));
#15828=CARTESIAN_POINT('',(-3.7049883595448,-10.8132595853181,1.54));
#15829=CARTESIAN_POINT('',(-3.7049883595448,-10.7470586538477,1.54));
#15830=CARTESIAN_POINT('',(-3.7049883595448,-10.7470586538477,1.54));
#15831=CARTESIAN_POINT('',(-3.2049883595448,-10.7470586538477,1.54));
#15832=CARTESIAN_POINT('',(-3.2049883595448,-10.7470586538477,1.54));
#15833=CARTESIAN_POINT('',(-3.2049883595448,-10.8132595853181,1.54));
#15834=CARTESIAN_POINT('',(-3.2049883595448,-10.8132595853181,1.54));
#15835=CARTESIAN_POINT('',(3.23814227217044,-10.9228275807553,1.54));
#15836=CARTESIAN_POINT('',(3.23814227217044,-10.9228275807553,1.54));
#15837=CARTESIAN_POINT('',(3.23814227217044,-10.7411555550319,1.54));
#15838=CARTESIAN_POINT('',(3.23814227217044,-10.7411555550319,1.54));
#15839=CARTESIAN_POINT('',(3.29762780271707,-10.7411555550319,1.54));
#15840=CARTESIAN_POINT('',(3.29762780271707,-10.7411555550319,1.54));
#15841=CARTESIAN_POINT('',(3.29762780271707,-10.9228275807553,1.54));
#15842=CARTESIAN_POINT('',(3.29762780271707,-10.9228275807553,1.54));
#15843=CARTESIAN_POINT('',(3.90856027860131,-10.6163967125881,1.54));
#15844=CARTESIAN_POINT('',(3.90856027860131,-10.6163967125881,1.54));
#15845=CARTESIAN_POINT('',(3.52913905673636,-10.8697729183759,1.54));
#15846=CARTESIAN_POINT('',(3.52913905673636,-10.8697729183759,1.54));
#15847=CARTESIAN_POINT('',(3.90856027860131,-10.8697729183759,1.54));
#15848=CARTESIAN_POINT('',(3.90856027860131,-10.8697729183759,1.54));
#15849=CARTESIAN_POINT('',(3.90856027860131,-10.9308661659644,1.54));
#15850=CARTESIAN_POINT('',(3.90856027860131,-10.9308661659644,1.54));
#15851=CARTESIAN_POINT('',(3.42528053583604,-10.9308661659644,1.54));
#15852=CARTESIAN_POINT('',(3.42528053583604,-10.9308661659644,1.54));
#15853=CARTESIAN_POINT('',(3.42528053583604,-10.8655928540672,1.54));
#15854=CARTESIAN_POINT('',(3.42528053583604,-10.8655928540672,1.54));
#15855=CARTESIAN_POINT('',(3.80470175770099,-10.6122166482795,1.54));
#15856=CARTESIAN_POINT('',(3.80470175770099,-10.6122166482795,1.54));
#15857=CARTESIAN_POINT('',(3.42528053583604,-10.6122166482795,1.54));
#15858=CARTESIAN_POINT('',(3.42528053583604,-10.6122166482795,1.54));
#15859=CARTESIAN_POINT('',(3.42528053583604,-10.551123400691,1.54));
#15860=CARTESIAN_POINT('',(3.42528053583604,-10.551123400691,1.54));
#15861=CARTESIAN_POINT('',(3.90856027860131,-10.551123400691,1.54));
#15862=CARTESIAN_POINT('',(3.90856027860131,-10.551123400691,1.54));
#15863=CARTESIAN_POINT('',(5.8,-12.95,1.54));
#15864=CARTESIAN_POINT('',(5.8,-12.95,0.));
#15865=CARTESIAN_POINT('',(5.8,-12.95,0.));
#15866=CARTESIAN_POINT('',(5.8,12.95,0.));
#15867=CARTESIAN_POINT('',(5.8,12.95,1.54));
#15868=CARTESIAN_POINT('',(5.8,-12.95,1.54));
#15869=CARTESIAN_POINT('',(5.8,12.95,1.54));
#15870=CARTESIAN_POINT('',(5.8,12.95,0.));
#15871=CARTESIAN_POINT('',(-5.8,12.95,0.));
#15872=CARTESIAN_POINT('',(-5.8,12.95,1.54));
#15873=CARTESIAN_POINT('',(-5.8,12.95,1.54));
#15874=CARTESIAN_POINT('',(-5.8,12.95,0.));
#15875=CARTESIAN_POINT('',(-5.8,-12.95,0.));
#15876=CARTESIAN_POINT('',(-5.8,-12.95,1.54));
#15877=CARTESIAN_POINT('',(-5.8,-12.95,1.54));
#15878=CARTESIAN_POINT('',(-5.8,-12.95,0.));
#15879=CARTESIAN_POINT('',(0.,0.,0.));
#15880=CARTESIAN_POINT('',(1.27,-10.68,0.));
#15881=CARTESIAN_POINT('',(1.27,-10.18,0.));
#15882=CARTESIAN_POINT('',(-1.27,-10.68,0.));
#15883=CARTESIAN_POINT('',(-1.27,-10.18,0.));
#15884=CARTESIAN_POINT('',(1.27,10.68,0.));
#15885=CARTESIAN_POINT('',(1.27,11.18,0.));
#15886=CARTESIAN_POINT('',(-1.27,10.68,0.));
#15887=CARTESIAN_POINT('',(-1.27,11.18,0.));
#15888=CARTESIAN_POINT('',(3.6723386362533,-10.0454057567405,1.55));
#15889=CARTESIAN_POINT('',(3.48219371911578,-10.3800623074435,1.55));
#15890=CARTESIAN_POINT('',(3.48219371911578,-10.3800623074435,1.55));
#15891=CARTESIAN_POINT('',(3.85132555191321,-10.3800623074435,1.55));
#15892=CARTESIAN_POINT('',(3.85132555191321,-10.3800623074435,1.55));
#15893=CARTESIAN_POINT('',(3.85132555191321,-10.345764343885,1.55));
#15894=CARTESIAN_POINT('',(3.85132555191321,-10.3114663803266,1.55));
#15895=CARTESIAN_POINT('',(3.85132555191321,-10.2771684167682,1.55));
#15896=CARTESIAN_POINT('',(3.85132555191321,-10.2453356193406,1.55));
#15897=CARTESIAN_POINT('',(3.84843166123797,-10.2202552334885,1.55));
#15898=CARTESIAN_POINT('',(3.84264387988748,-10.2022488026203,1.55));
#15899=CARTESIAN_POINT('',(3.83682598869183,-10.1841486966783,1.55));
#15900=CARTESIAN_POINT('',(3.82817442651128,-10.1697729183759,1.55));
#15901=CARTESIAN_POINT('',(3.80245095384247,-10.1440494457071,1.55));
#15902=CARTESIAN_POINT('',(3.78187217570742,-10.1321523395978,1.55));
#15903=CARTESIAN_POINT('',(3.75647024644697,-10.1237922109804,1.55));
#15904=CARTESIAN_POINT('',(3.73068271612069,-10.1153051756832,1.55));
#15905=CARTESIAN_POINT('',(3.69987860657559,-10.110930474646,1.55));
#15906=CARTESIAN_POINT('',(3.61274034290999,-10.110930474646,1.55));
#15907=CARTESIAN_POINT('',(3.57383359049842,-10.1192906032634,1.55));
#15908=CARTESIAN_POINT('',(3.54682394419617,-10.1360108604981,1.55));
#15909=CARTESIAN_POINT('',(3.51995820174716,-10.1526420343951,1.55));
#15910=CARTESIAN_POINT('',(3.50148632361739,-10.1726668090512,1.55));
#15911=CARTESIAN_POINT('',(3.49216156477494,-10.1961394778615,1.55));
#15912=CARTESIAN_POINT('',(3.48532743844017,-10.2133426234628,1.55));
#15913=CARTESIAN_POINT('',(3.48251526252414,-10.2408340116235,1.55));
#15914=CARTESIAN_POINT('',(3.48219371911578,-10.27877613381,1.55));
#15915=CARTESIAN_POINT('',(3.48190762052838,-10.3125357671235,1.55));
#15916=CARTESIAN_POINT('',(3.48219371911578,-10.3463002495656,1.55));
#15917=CARTESIAN_POINT('',(3.48219371911578,-10.3800623074435,1.55));
#15918=CARTESIAN_POINT('',(3.90856027860131,-10.4440494457071,1.55));
#15919=CARTESIAN_POINT('',(3.90856027860131,-10.4440494457071,1.55));
#15920=CARTESIAN_POINT('',(3.42528053583604,-10.4440494457071,1.55));
#15921=CARTESIAN_POINT('',(3.42528053583604,-10.4440494457071,1.55));
#15922=CARTESIAN_POINT('',(3.42528053583604,-10.3886367983331,1.55));
#15923=CARTESIAN_POINT('',(3.42528053583604,-10.333224150959,1.55));
#15924=CARTESIAN_POINT('',(3.42528053583604,-10.2778115035849,1.55));
#15925=CARTESIAN_POINT('',(3.42528053583604,-10.2405124682152,1.55));
#15926=CARTESIAN_POINT('',(3.42753133969456,-10.2118951048711,1.55));
#15927=CARTESIAN_POINT('',(3.4320329474116,-10.1919594135528,1.55));
#15928=CARTESIAN_POINT('',(3.43828617080468,-10.1642665670977,1.55));
#15929=CARTESIAN_POINT('',(3.45003937827977,-10.1408340116235,1.55));
#15930=CARTESIAN_POINT('',(3.46675963551449,-10.1215414071219,1.55));
#15931=CARTESIAN_POINT('',(3.48873149638576,-10.0961892599628,1.55));
#15932=CARTESIAN_POINT('',(3.51595577699359,-10.0768468733598,1.55));
#15933=CARTESIAN_POINT('',(3.5828368059325,-10.0517664875078,1.55));
#15934=CARTESIAN_POINT('',(3.62110047152736,-10.0453356193406,1.55));
#15935=CARTESIAN_POINT('',(3.70084323680067,-10.0453356193406,1.55));
#15936=CARTESIAN_POINT('',(3.7336406644534,-10.0495156836492,1.55));
#15937=CARTESIAN_POINT('',(3.79023230432478,-10.0668790277007,1.55));
#15938=CARTESIAN_POINT('',(3.81370497313507,-10.0778115035849,1.55));
#15939=CARTESIAN_POINT('',(3.83235449081996,-10.0909947833277,1.55));
#15940=CARTESIAN_POINT('',(3.85115557049198,-10.1042852017165,1.55));
#15941=CARTESIAN_POINT('',(3.86547346188105,-10.118969059855,1.55));
#15942=CARTESIAN_POINT('',(3.87608439435694,-10.135046230273,1.55));
#15943=CARTESIAN_POINT('',(3.88664506607715,-10.1510472480309,1.55));
#15944=CARTESIAN_POINT('',(3.89505545545019,-10.1700944617843,1.55));
#15945=CARTESIAN_POINT('',(3.90598793133443,-10.2151105389547,1.55));
#15946=CARTESIAN_POINT('',(3.90856027860131,-10.2408340116235,1.55));
#15947=CARTESIAN_POINT('',(3.90856027860131,-10.2700944617843,1.55));
#15948=CARTESIAN_POINT('',(3.90856027860131,-10.3280794564252,1.55));
#15949=CARTESIAN_POINT('',(3.90856027860131,-10.3860644510662,1.55));
#15950=CARTESIAN_POINT('',(3.90856027860131,-10.4440494457071,1.55));
#15951=CARTESIAN_POINT('',(3.42528053583604,-10.4440494457071,1.55));
#15952=CARTESIAN_POINT('',(3.42528053583604,-10.4440494457071,1.54));
#15953=CARTESIAN_POINT('',(3.42528053583604,-10.3519917710672,1.55));
#15954=CARTESIAN_POINT('',(3.42528053583604,-10.3519917710672,1.54));
#15955=CARTESIAN_POINT('',(3.37671261540197,-10.1373478254837,1.55));
#15956=CARTESIAN_POINT('',(3.37671261540197,-10.1373478254837,1.54));
#15957=CARTESIAN_POINT('',(3.678076845401,-10.0011787997746,1.55));
#15958=CARTESIAN_POINT('',(3.678076845401,-10.0011787997746,1.54));
#15959=CARTESIAN_POINT('',(3.94501182051386,-10.1303715158608,1.55));
#15960=CARTESIAN_POINT('',(3.94501182051386,-10.1303715158608,1.54));
#15961=CARTESIAN_POINT('',(3.90856027860131,-10.3519799191159,1.55));
#15962=CARTESIAN_POINT('',(3.90856027860131,-10.3519799191159,1.54));
#15963=CARTESIAN_POINT('',(3.90856027860131,-10.4440494457071,1.55));
#15964=CARTESIAN_POINT('',(3.90856027860131,-10.4440494457071,1.54));
#15965=CARTESIAN_POINT('',(3.42528053583604,-10.4440494457071,1.55));
#15966=CARTESIAN_POINT('',(3.90856027860131,-10.4440494457071,1.55));
#15967=CARTESIAN_POINT('',(3.90856027860131,-10.4440494457071,1.55));
#15968=CARTESIAN_POINT('',(3.85132555191321,-10.3800623074435,1.55));
#15969=CARTESIAN_POINT('',(3.85132555191321,-10.3800623074435,1.54));
#15970=CARTESIAN_POINT('',(3.85132555191321,-10.3148280641997,1.55));
#15971=CARTESIAN_POINT('',(3.85132555191321,-10.3148280641997,1.54));
#15972=CARTESIAN_POINT('',(3.87935798798632,-10.1574688496641,1.55));
#15973=CARTESIAN_POINT('',(3.87935798798632,-10.1574688496641,1.54));
#15974=CARTESIAN_POINT('',(3.65966123508778,-10.0867602274561,1.55));
#15975=CARTESIAN_POINT('',(3.65966123508778,-10.0867602274561,1.54));
#15976=CARTESIAN_POINT('',(3.4556294684708,-10.1610790341225,1.55));
#15977=CARTESIAN_POINT('',(3.4556294684708,-10.1610790341225,1.54));
#15978=CARTESIAN_POINT('',(3.48219371911578,-10.3148283764953,1.55));
#15979=CARTESIAN_POINT('',(3.48219371911578,-10.3148283764953,1.54));
#15980=CARTESIAN_POINT('',(3.48219371911578,-10.3800623074435,1.55));
#15981=CARTESIAN_POINT('',(3.48219371911578,-10.3800623074435,1.54));
#15982=CARTESIAN_POINT('',(3.85132555191321,-10.3800623074435,1.54));
#15983=CARTESIAN_POINT('',(3.85132555191321,-10.345764343885,1.54));
#15984=CARTESIAN_POINT('',(3.85132555191321,-10.3114663803266,1.54));
#15985=CARTESIAN_POINT('',(3.85132555191321,-10.2771684167682,1.54));
#15986=CARTESIAN_POINT('',(3.85132555191321,-10.2453356193406,1.54));
#15987=CARTESIAN_POINT('',(3.84843166123797,-10.2202552334885,1.54));
#15988=CARTESIAN_POINT('',(3.84264387988748,-10.2022488026203,1.54));
#15989=CARTESIAN_POINT('',(3.83682598869183,-10.1841486966783,1.54));
#15990=CARTESIAN_POINT('',(3.82817442651128,-10.1697729183759,1.54));
#15991=CARTESIAN_POINT('',(3.80245095384247,-10.1440494457071,1.54));
#15992=CARTESIAN_POINT('',(3.78187217570742,-10.1321523395978,1.54));
#15993=CARTESIAN_POINT('',(3.75647024644697,-10.1237922109804,1.54));
#15994=CARTESIAN_POINT('',(3.73068271612069,-10.1153051756832,1.54));
#15995=CARTESIAN_POINT('',(3.69987860657559,-10.110930474646,1.54));
#15996=CARTESIAN_POINT('',(3.61274034290999,-10.110930474646,1.54));
#15997=CARTESIAN_POINT('',(3.57383359049842,-10.1192906032634,1.54));
#15998=CARTESIAN_POINT('',(3.54682394419617,-10.1360108604981,1.54));
#15999=CARTESIAN_POINT('',(3.51995820174716,-10.1526420343951,1.54));
#16000=CARTESIAN_POINT('',(3.50148632361739,-10.1726668090512,1.54));
#16001=CARTESIAN_POINT('',(3.49216156477494,-10.1961394778615,1.54));
#16002=CARTESIAN_POINT('',(3.48532743844017,-10.2133426234628,1.54));
#16003=CARTESIAN_POINT('',(3.48251526252414,-10.2408340116235,1.54));
#16004=CARTESIAN_POINT('',(3.48219371911578,-10.27877613381,1.54));
#16005=CARTESIAN_POINT('',(3.48190762052838,-10.3125357671235,1.54));
#16006=CARTESIAN_POINT('',(3.48219371911578,-10.3463002495656,1.54));
#16007=CARTESIAN_POINT('',(3.48219371911578,-10.3800623074435,1.54));
#16008=CARTESIAN_POINT('',(3.85132555191321,-10.3800623074435,1.54));
#16009=CARTESIAN_POINT('',(3.48219371911578,-10.3800623074435,1.54));
#16010=CARTESIAN_POINT('',(3.85132555191321,-10.3800623074435,1.55));
#16011=CARTESIAN_POINT('',(3.48219371911578,-10.3800623074435,1.55));
#16012=CARTESIAN_POINT('',(3.48219371911578,-10.3800623074435,1.55));
#16013=CARTESIAN_POINT('',(3.48219371911578,-10.3800623074435,1.54));
#16014=CARTESIAN_POINT('',(0.,0.,1.54));
#16015=CARTESIAN_POINT('',(3.64437056719125,-11.4691693043468,1.55));
#16016=CARTESIAN_POINT('',(3.80920336541803,-11.0864931756107,1.55));
#16017=CARTESIAN_POINT('',(3.80920336541803,-11.0864931756107,1.55));
#16018=CARTESIAN_POINT('',(3.71917121107719,-11.0864931756107,1.55));
#16019=CARTESIAN_POINT('',(3.57608439435694,-11.0887439794692,1.55));
#16020=CARTESIAN_POINT('',(3.55132555191321,-11.0958179344531,1.55));
#16021=CARTESIAN_POINT('',(3.5320329474116,-11.1048211498872,1.55));
#16022=CARTESIAN_POINT('',(3.51788503744375,-11.1157536257714,1.55));
#16023=CARTESIAN_POINT('',(3.50389269957775,-11.1265658868497,1.55));
#16024=CARTESIAN_POINT('',(3.4924831081833,-11.1417986418486,1.55));
#16025=CARTESIAN_POINT('',(3.47576285094858,-11.1816700244853,1.55));
#16026=CARTESIAN_POINT('',(3.47126124323154,-11.2038565196621,1.55));
#16027=CARTESIAN_POINT('',(3.47126124323154,-11.2575542688582,1.55));
#16028=CARTESIAN_POINT('',(3.47576285094858,-11.2826346547103,1.55));
#16029=CARTESIAN_POINT('',(3.48476606638266,-11.3038565196621,1.55));
#16030=CARTESIAN_POINT('',(3.49388488730675,-11.3253508832689,1.55));
#16031=CARTESIAN_POINT('',(3.50534484451771,-11.3424417286653,1.55));
#16032=CARTESIAN_POINT('',(3.51981429789391,-11.3556250084081,1.55));
#16033=CARTESIAN_POINT('',(3.53429936859702,-11.3688225172709,1.55));
#16034=CARTESIAN_POINT('',(3.55036092168813,-11.37877613381,1.55));
#16035=CARTESIAN_POINT('',(3.56772426573957,-11.3858500887939,1.55));
#16036=CARTESIAN_POINT('',(3.59802840797525,-11.3981962208159,1.55));
#16037=CARTESIAN_POINT('',(3.6304252303698,-11.4044996064788,1.55));
#16038=CARTESIAN_POINT('',(3.70856027860131,-11.4044996064788,1.55));
#16039=CARTESIAN_POINT('',(3.74457314033764,-11.3971041080865,1.55));
#16040=CARTESIAN_POINT('',(3.77351204709006,-11.382313111302,1.55));
#16041=CARTESIAN_POINT('',(3.80283620162226,-11.3673252100966,1.55));
#16042=CARTESIAN_POINT('',(3.82431590561096,-11.3456571627489,1.55));
#16043=CARTESIAN_POINT('',(3.85261172554665,-11.2890655228775,1.55));
#16044=CARTESIAN_POINT('',(3.85968568053057,-11.2591619859,1.55));
#16045=CARTESIAN_POINT('',(3.85936413712221,-11.2273291884724,1.55));
#16046=CARTESIAN_POINT('',(3.85908487788579,-11.199682524067,1.55));
#16047=CARTESIAN_POINT('',(3.85421944258845,-11.1726668090512,1.55));
#16048=CARTESIAN_POINT('',(3.83299757763668,-11.1199336900801,1.55));
#16049=CARTESIAN_POINT('',(3.82142201493572,-11.0999979987618,1.55));
#16050=CARTESIAN_POINT('',(3.80920336541803,-11.0864931756107,1.55));
#16051=CARTESIAN_POINT('',(3.57608439435694,-11.0887439794692,1.55));
#16052=CARTESIAN_POINT('',(3.56032876734729,-11.0315092527811,1.55));
#16053=CARTESIAN_POINT('',(3.56032876734729,-11.0315092527811,1.55));
#16054=CARTESIAN_POINT('',(3.84135770625404,-11.0241137543888,1.55));
#16055=CARTESIAN_POINT('',(3.86643809210613,-11.0556250084081,1.55));
#16056=CARTESIAN_POINT('',(3.88508760979102,-11.0877793492441,1.55));
#16057=CARTESIAN_POINT('',(3.89762780271707,-11.1212198637135,1.55));
#16058=CARTESIAN_POINT('',(3.91020763798113,-11.1547660910844,1.55));
#16059=CARTESIAN_POINT('',(3.91659886381031,-11.1887439794692,1.55));
#16060=CARTESIAN_POINT('',(3.91659886381031,-11.2710590920094,1.55));
#16061=CARTESIAN_POINT('',(3.90663101815115,-11.3141459087296,1.55));
#16062=CARTESIAN_POINT('',(3.8860522400161,-11.3527311177328,1.55));
#16063=CARTESIAN_POINT('',(3.86541115589189,-11.3914331504657,1.55));
#16064=CARTESIAN_POINT('',(3.83653455512864,-11.4208983203052,1.55));
#16065=CARTESIAN_POINT('',(3.75936413712221,-11.4601266161251,1.55));
#16066=CARTESIAN_POINT('',(3.71659886381031,-11.4700944617843,1.55));
#16067=CARTESIAN_POINT('',(3.62174355834408,-11.4700944617843,1.55));
#16068=CARTESIAN_POINT('',(3.5780136548071,-11.4601266161251,1.55));
#16069=CARTESIAN_POINT('',(3.49634162908363,-11.4208983203052,1.55));
#16070=CARTESIAN_POINT('',(3.46611654869777,-11.3926025003695,1.55));
#16071=CARTESIAN_POINT('',(3.44618085737945,-11.3559465518164,1.55));
#16072=CARTESIAN_POINT('',(3.42631856349946,-11.3194255598436,1.55));
#16073=CARTESIAN_POINT('',(3.41659886381031,-11.2768468733598,1.55));
#16074=CARTESIAN_POINT('',(3.41659886381031,-11.1938886740029,1.55));
#16075=CARTESIAN_POINT('',(3.42206510175244,-11.1623774199836,1.55));
#16076=CARTESIAN_POINT('',(3.4336406644534,-11.134081600048,1.55));
#16077=CARTESIAN_POINT('',(3.44505744731201,-11.1061739086158,1.55));
#16078=CARTESIAN_POINT('',(3.46065031075565,-11.0839208283438,1.55));
#16079=CARTESIAN_POINT('',(3.50116478020903,-11.0517664875078,1.55));
#16080=CARTESIAN_POINT('',(3.52753133969456,-11.0395478379901,1.55));
#16081=CARTESIAN_POINT('',(3.56032876734729,-11.0315092527811,1.55));
#16082=CARTESIAN_POINT('',(3.84135770625404,-11.0241137543888,1.55));
#16083=CARTESIAN_POINT('',(3.66193648438909,-11.0241137543888,1.55));
#16084=CARTESIAN_POINT('',(3.66193648438909,-11.0241137543888,1.55));
#16085=CARTESIAN_POINT('',(3.66193648438909,-11.2279722752891,1.55));
#16086=CARTESIAN_POINT('',(3.66193648438909,-11.2279722752891,1.55));
#16087=CARTESIAN_POINT('',(3.71917121107719,-11.2279722752891,1.55));
#16088=CARTESIAN_POINT('',(3.71917121107719,-11.2279722752891,1.55));
#16089=CARTESIAN_POINT('',(3.71917121107719,-11.0864931756107,1.55));
#16090=CARTESIAN_POINT('',(3.80920336541803,-11.0864931756107,1.55));
#16091=CARTESIAN_POINT('',(3.80920336541803,-11.0864931756107,1.55));
#16092=CARTESIAN_POINT('',(3.71917121107719,-11.0864931756107,1.55));
#16093=CARTESIAN_POINT('',(3.71917121107719,-11.0864931756107,1.55));
#16094=CARTESIAN_POINT('',(3.71917121107719,-11.2279722752891,1.55));
#16095=CARTESIAN_POINT('',(3.71917121107719,-11.2279722752891,1.55));
#16096=CARTESIAN_POINT('',(3.66193648438909,-11.2279722752891,1.55));
#16097=CARTESIAN_POINT('',(3.66193648438909,-11.2279722752891,1.55));
#16098=CARTESIAN_POINT('',(3.66193648438909,-11.0241137543888,1.55));
#16099=CARTESIAN_POINT('',(3.66193648438909,-11.0241137543888,1.55));
#16100=CARTESIAN_POINT('',(3.84135770625404,-11.0241137543888,1.55));
#16101=CARTESIAN_POINT('',(3.84135770625404,-11.0241137543888,1.55));
#16102=CARTESIAN_POINT('',(3.84135770625404,-11.0241137543888,1.54));
#16103=CARTESIAN_POINT('',(3.91218836461189,-11.1131061200179,1.55));
#16104=CARTESIAN_POINT('',(3.91218836461189,-11.1131061200179,1.54));
#16105=CARTESIAN_POINT('',(3.96495951687259,-11.3535817563125,1.55));
#16106=CARTESIAN_POINT('',(3.96495951687259,-11.3535817563125,1.54));
#16107=CARTESIAN_POINT('',(3.70181368751848,-11.5059235262102,1.55));
#16108=CARTESIAN_POINT('',(3.70181368751848,-11.5059235262102,1.54));
#16109=CARTESIAN_POINT('',(3.47685516066598,-11.4261292145995,1.55));
#16110=CARTESIAN_POINT('',(3.47685516066598,-11.4261292145995,1.54));
#16111=CARTESIAN_POINT('',(3.38435175745702,-11.2410106494779,1.55));
#16112=CARTESIAN_POINT('',(3.38435175745702,-11.2410106494779,1.54));
#16113=CARTESIAN_POINT('',(3.43773533929831,-11.0615566616166,1.55));
#16114=CARTESIAN_POINT('',(3.43773533929831,-11.0615566616166,1.54));
#16115=CARTESIAN_POINT('',(3.56032876734729,-11.0315092527811,1.55));
#16116=CARTESIAN_POINT('',(3.56032876734729,-11.0315092527811,1.54));
#16117=CARTESIAN_POINT('',(3.56032876734729,-11.0315092527811,1.55));
#16118=CARTESIAN_POINT('',(3.56032876734729,-11.0315092527811,1.55));
#16119=CARTESIAN_POINT('',(3.57608439435694,-11.0887439794692,1.55));
#16120=CARTESIAN_POINT('',(3.57608439435694,-11.0887439794692,1.55));
#16121=CARTESIAN_POINT('',(3.57608439435694,-11.0887439794692,1.54));
#16122=CARTESIAN_POINT('',(3.53108670395221,-11.101600462442,1.55));
#16123=CARTESIAN_POINT('',(3.53108670395221,-11.101600462442,1.54));
#16124=CARTESIAN_POINT('',(3.47846071072784,-11.1361957425432,1.55));
#16125=CARTESIAN_POINT('',(3.47846071072784,-11.1361957425432,1.54));
#16126=CARTESIAN_POINT('',(3.45469821901567,-11.3316370891454,1.55));
#16127=CARTESIAN_POINT('',(3.45469821901567,-11.3316370891454,1.54));
#16128=CARTESIAN_POINT('',(3.6488184534222,-11.4425975588883,1.55));
#16129=CARTESIAN_POINT('',(3.6488184534222,-11.4425975588883,1.54));
#16130=CARTESIAN_POINT('',(3.89725566265401,-11.3451536486514,1.55));
#16131=CARTESIAN_POINT('',(3.89725566265401,-11.3451536486514,1.54));
#16132=CARTESIAN_POINT('',(3.84682642706167,-11.1280765595326,1.55));
#16133=CARTESIAN_POINT('',(3.84682642706167,-11.1280765595326,1.54));
#16134=CARTESIAN_POINT('',(3.80920336541803,-11.0864931756107,1.55));
#16135=CARTESIAN_POINT('',(3.80920336541803,-11.0864931756107,1.54));
#16136=CARTESIAN_POINT('',(0.,0.,1.55));
#16137=CARTESIAN_POINT('',(-3.59753659640441,-10.5684159392768,1.55));
#16138=CARTESIAN_POINT('',(-3.59753659640441,-10.5684159392768,1.55));
#16139=CARTESIAN_POINT('',(-3.2049883595448,-10.5684159392768,1.55));
#16140=CARTESIAN_POINT('',(-3.2049883595448,-10.306273557374,1.55));
#16141=CARTESIAN_POINT('',(-3.2049883595448,-10.306273557374,1.55));
#16142=CARTESIAN_POINT('',(-3.2049883595448,-10.2387419539142,1.55));
#16143=CARTESIAN_POINT('',(-3.2049883595448,-10.2387419539142,1.55));
#16144=CARTESIAN_POINT('',(-3.7049883595448,-10.2387419539142,1.55));
#16145=CARTESIAN_POINT('',(-3.7049883595448,-10.2387419539142,1.55));
#16146=CARTESIAN_POINT('',(-3.7049883595448,-10.3019488734086,1.55));
#16147=CARTESIAN_POINT('',(-3.7049883595448,-10.3019488734086,1.55));
#16148=CARTESIAN_POINT('',(-3.31244012268518,-10.3019488734086,1.55));
#16149=CARTESIAN_POINT('',(-3.31244012268518,-10.3019488734086,1.55));
#16150=CARTESIAN_POINT('',(-3.7049883595448,-10.5640912553114,1.55));
#16151=CARTESIAN_POINT('',(-3.7049883595448,-10.5640912553114,1.55));
#16152=CARTESIAN_POINT('',(-3.7049883595448,-10.6316228587712,1.55));
#16153=CARTESIAN_POINT('',(-3.7049883595448,-10.6316228587712,1.55));
#16154=CARTESIAN_POINT('',(-3.2049883595448,-10.6316228587712,1.55));
#16155=CARTESIAN_POINT('',(-3.2049883595448,-10.6316228587712,1.55));
#16156=CARTESIAN_POINT('',(-3.2049883595448,-10.5684159392768,1.55));
#16157=CARTESIAN_POINT('',(-3.59753659640441,-10.5684159392768,1.55));
#16158=CARTESIAN_POINT('',(-3.59753659640441,-10.5684159392768,1.55));
#16159=CARTESIAN_POINT('',(-3.2049883595448,-10.5684159392768,1.55));
#16160=CARTESIAN_POINT('',(-3.2049883595448,-10.5684159392768,1.55));
#16161=CARTESIAN_POINT('',(-3.2049883595448,-10.6316228587712,1.55));
#16162=CARTESIAN_POINT('',(-3.2049883595448,-10.6316228587712,1.55));
#16163=CARTESIAN_POINT('',(-3.7049883595448,-10.6316228587712,1.55));
#16164=CARTESIAN_POINT('',(-3.7049883595448,-10.6316228587712,1.55));
#16165=CARTESIAN_POINT('',(-3.7049883595448,-10.5640912553114,1.55));
#16166=CARTESIAN_POINT('',(-3.7049883595448,-10.5640912553114,1.55));
#16167=CARTESIAN_POINT('',(-3.31244012268518,-10.3019488734086,1.55));
#16168=CARTESIAN_POINT('',(-3.31244012268518,-10.3019488734086,1.55));
#16169=CARTESIAN_POINT('',(-3.7049883595448,-10.3019488734086,1.55));
#16170=CARTESIAN_POINT('',(-3.7049883595448,-10.3019488734086,1.55));
#16171=CARTESIAN_POINT('',(-3.7049883595448,-10.2387419539142,1.55));
#16172=CARTESIAN_POINT('',(-3.7049883595448,-10.2387419539142,1.55));
#16173=CARTESIAN_POINT('',(-3.2049883595448,-10.2387419539142,1.55));
#16174=CARTESIAN_POINT('',(-3.2049883595448,-10.2387419539142,1.55));
#16175=CARTESIAN_POINT('',(-3.2049883595448,-10.306273557374,1.55));
#16176=CARTESIAN_POINT('',(-3.2049883595448,-10.306273557374,1.55));
#16177=CARTESIAN_POINT('',(-3.48274711277993,-11.1893828181959,1.55));
#16178=CARTESIAN_POINT('',(-3.7049883595448,-10.8837852007539,1.55));
#16179=CARTESIAN_POINT('',(-3.7049883595448,-10.8837852007539,1.55));
#16180=CARTESIAN_POINT('',(-3.2049883595448,-11.0787286471943,1.55));
#16181=CARTESIAN_POINT('',(-3.7049883595448,-10.9509841362163,1.55));
#16182=CARTESIAN_POINT('',(-3.7049883595448,-10.9509841362163,1.55));
#16183=CARTESIAN_POINT('',(-3.25954591110834,-11.1129934509202,1.55));
#16184=CARTESIAN_POINT('',(-3.28682468689011,-11.1050094189841,1.55));
#16185=CARTESIAN_POINT('',(-3.31410346267188,-11.096027383056,1.55));
#16186=CARTESIAN_POINT('',(-3.34138223845365,-11.0860473431358,1.55));
#16187=CARTESIAN_POINT('',(-3.46280332306535,-11.0416249951071,1.55));
#16188=CARTESIAN_POINT('',(-3.58378631918108,-10.9960052051895,1.55));
#16189=CARTESIAN_POINT('',(-3.7049883595448,-10.9509841362163,1.55));
#16190=CARTESIAN_POINT('',(-3.25954591110834,-11.1129934509202,1.55));
#16191=CARTESIAN_POINT('',(-3.7049883595448,-11.2686820736747,1.55));
#16192=CARTESIAN_POINT('',(-3.58378631918108,-11.2254352340207,1.55));
#16193=CARTESIAN_POINT('',(-3.46258427881736,-11.1821883943667,1.55));
#16194=CARTESIAN_POINT('',(-3.34138223845365,-11.1389415547126,1.55));
#16195=CARTESIAN_POINT('',(-3.31214955355466,-11.1285108620222,1.55));
#16196=CARTESIAN_POINT('',(-3.28482867890608,-11.1199794788643,1.55));
#16197=CARTESIAN_POINT('',(-3.25954591110834,-11.1129934509202,1.55));
#16198=CARTESIAN_POINT('',(-3.7049883595448,-11.2686820736747,1.55));
#16199=CARTESIAN_POINT('',(-3.7049883595448,-11.3402056931025,1.55));
#16200=CARTESIAN_POINT('',(-3.7049883595448,-11.3402056931025,1.55));
#16201=CARTESIAN_POINT('',(-3.2049883595448,-11.1475909226434,1.55));
#16202=CARTESIAN_POINT('',(-3.2049883595448,-11.1475909226434,1.55));
#16203=CARTESIAN_POINT('',(-3.2049883595448,-11.0787286471943,1.55));
#16204=CARTESIAN_POINT('',(-3.7049883595448,-10.8837852007539,1.55));
#16205=CARTESIAN_POINT('',(-3.7049883595448,-10.8837852007539,1.55));
#16206=CARTESIAN_POINT('',(-3.2049883595448,-11.0787286471943,1.55));
#16207=CARTESIAN_POINT('',(-3.2049883595448,-11.0787286471943,1.55));
#16208=CARTESIAN_POINT('',(-3.2049883595448,-11.1475909226434,1.55));
#16209=CARTESIAN_POINT('',(-3.2049883595448,-11.1475909226434,1.55));
#16210=CARTESIAN_POINT('',(-3.7049883595448,-11.3402056931025,1.55));
#16211=CARTESIAN_POINT('',(-3.7049883595448,-11.3402056931025,1.55));
#16212=CARTESIAN_POINT('',(-3.7049883595448,-11.2686820736747,1.55));
#16213=CARTESIAN_POINT('',(-3.7049883595448,-11.2686820736747,1.55));
#16214=CARTESIAN_POINT('',(-3.7049883595448,-11.2686820736747,1.54));
#16215=CARTESIAN_POINT('',(-3.55682752836822,-11.2158159033555,1.55));
#16216=CARTESIAN_POINT('',(-3.55682752836822,-11.2158159033555,1.54));
#16217=CARTESIAN_POINT('',(-3.39849561094316,-11.1513874469272,1.55));
#16218=CARTESIAN_POINT('',(-3.39849561094316,-11.1513874469272,1.54));
#16219=CARTESIAN_POINT('',(-3.25954591110834,-11.1129934509202,1.55));
#16220=CARTESIAN_POINT('',(-3.25954591110834,-11.1129934509202,1.54));
#16221=CARTESIAN_POINT('',(-3.25954591110834,-11.1129934509202,1.55));
#16222=CARTESIAN_POINT('',(-3.25954591110834,-11.1129934509202,1.55));
#16223=CARTESIAN_POINT('',(-3.25954591110834,-11.1129934509202,1.54));
#16224=CARTESIAN_POINT('',(-3.40961020075393,-11.0690721954142,1.55));
#16225=CARTESIAN_POINT('',(-3.40961020075393,-11.0690721954142,1.54));
#16226=CARTESIAN_POINT('',(-3.55685933749298,-11.0060073594121,1.55));
#16227=CARTESIAN_POINT('',(-3.55685933749298,-11.0060073594121,1.54));
#16228=CARTESIAN_POINT('',(-3.7049883595448,-10.9509841362163,1.55));
#16229=CARTESIAN_POINT('',(-3.7049883595448,-10.9509841362163,1.54));
#16230=CARTESIAN_POINT('',(-3.7049883595448,-10.9509841362163,1.55));
#16231=CARTESIAN_POINT('',(-3.7049883595448,-10.9509841362163,1.55));
#16232=CARTESIAN_POINT('',(0.,0.,1.55));
#16233=CARTESIAN_POINT('',(-3.97378410139443,-10.723771894034,1.55));
#16234=CARTESIAN_POINT('',(-3.97378410139443,-10.723771894034,1.55));
#16235=CARTESIAN_POINT('',(-3.83705755448825,-10.723771894034,1.55));
#16236=CARTESIAN_POINT('',(-3.97378410139443,-10.5880433511198,1.55));
#16237=CARTESIAN_POINT('',(-3.97378410139443,-10.5880433511198,1.55));
#16238=CARTESIAN_POINT('',(-4.03133566493402,-10.5880433511198,1.55));
#16239=CARTESIAN_POINT('',(-4.03133566493402,-10.5880433511198,1.55));
#16240=CARTESIAN_POINT('',(-4.03133566493402,-10.723771894034,1.55));
#16241=CARTESIAN_POINT('',(-4.03133566493402,-10.723771894034,1.55));
#16242=CARTESIAN_POINT('',(-4.16739687584553,-10.723771894034,1.55));
#16243=CARTESIAN_POINT('',(-4.16739687584553,-10.723771894034,1.55));
#16244=CARTESIAN_POINT('',(-4.16739687584553,-10.7816561255709,1.55));
#16245=CARTESIAN_POINT('',(-4.16739687584553,-10.7816561255709,1.55));
#16246=CARTESIAN_POINT('',(-4.03133566493402,-10.7816561255709,1.55));
#16247=CARTESIAN_POINT('',(-4.03133566493402,-10.7816561255709,1.55));
#16248=CARTESIAN_POINT('',(-4.03133566493402,-10.9177173364824,1.55));
#16249=CARTESIAN_POINT('',(-4.03133566493402,-10.9177173364824,1.55));
#16250=CARTESIAN_POINT('',(-3.97378410139443,-10.9177173364824,1.55));
#16251=CARTESIAN_POINT('',(-3.97378410139443,-10.9177173364824,1.55));
#16252=CARTESIAN_POINT('',(-3.97378410139443,-10.7816561255709,1.55));
#16253=CARTESIAN_POINT('',(-3.97378410139443,-10.7816561255709,1.55));
#16254=CARTESIAN_POINT('',(-3.83705755448825,-10.7816561255709,1.55));
#16255=CARTESIAN_POINT('',(-3.83705755448825,-10.7816561255709,1.55));
#16256=CARTESIAN_POINT('',(-3.83705755448825,-10.723771894034,1.55));
#16257=CARTESIAN_POINT('',(-3.97378410139443,-10.723771894034,1.55));
#16258=CARTESIAN_POINT('',(-3.97378410139443,-10.723771894034,1.55));
#16259=CARTESIAN_POINT('',(-3.83705755448825,-10.723771894034,1.55));
#16260=CARTESIAN_POINT('',(-3.83705755448825,-10.723771894034,1.55));
#16261=CARTESIAN_POINT('',(-3.83705755448825,-10.7816561255709,1.55));
#16262=CARTESIAN_POINT('',(-3.83705755448825,-10.7816561255709,1.55));
#16263=CARTESIAN_POINT('',(-3.97378410139443,-10.7816561255709,1.55));
#16264=CARTESIAN_POINT('',(-3.97378410139443,-10.7816561255709,1.55));
#16265=CARTESIAN_POINT('',(-3.97378410139443,-10.9177173364824,1.55));
#16266=CARTESIAN_POINT('',(-3.97378410139443,-10.9177173364824,1.55));
#16267=CARTESIAN_POINT('',(-4.03133566493402,-10.9177173364824,1.55));
#16268=CARTESIAN_POINT('',(-4.03133566493402,-10.9177173364824,1.55));
#16269=CARTESIAN_POINT('',(-4.03133566493402,-10.7816561255709,1.55));
#16270=CARTESIAN_POINT('',(-4.03133566493402,-10.7816561255709,1.55));
#16271=CARTESIAN_POINT('',(-4.16739687584553,-10.7816561255709,1.55));
#16272=CARTESIAN_POINT('',(-4.16739687584553,-10.7816561255709,1.55));
#16273=CARTESIAN_POINT('',(-4.16739687584553,-10.723771894034,1.55));
#16274=CARTESIAN_POINT('',(-4.16739687584553,-10.723771894034,1.55));
#16275=CARTESIAN_POINT('',(-4.03133566493402,-10.723771894034,1.55));
#16276=CARTESIAN_POINT('',(-4.03133566493402,-10.723771894034,1.55));
#16277=CARTESIAN_POINT('',(-4.03133566493402,-10.5880433511198,1.55));
#16278=CARTESIAN_POINT('',(-4.03133566493402,-10.5880433511198,1.55));
#16279=CARTESIAN_POINT('',(-3.97378410139443,-10.5880433511198,1.55));
#16280=CARTESIAN_POINT('',(-3.97378410139443,-10.5880433511198,1.55));
#16281=CARTESIAN_POINT('',(0.,0.,1.55));
#16282=CARTESIAN_POINT('',(3.52913905673636,10.6729912598696,1.55));
#16283=CARTESIAN_POINT('',(3.52913905673636,10.6729912598696,1.55));
#16284=CARTESIAN_POINT('',(3.90856027860131,10.6729912598696,1.55));
#16285=CARTESIAN_POINT('',(3.90856027860131,10.9263674656574,1.55));
#16286=CARTESIAN_POINT('',(3.90856027860131,10.9263674656574,1.55));
#16287=CARTESIAN_POINT('',(3.90856027860131,10.9916407775545,1.55));
#16288=CARTESIAN_POINT('',(3.90856027860131,10.9916407775545,1.55));
#16289=CARTESIAN_POINT('',(3.42528053583604,10.9916407775545,1.55));
#16290=CARTESIAN_POINT('',(3.42528053583604,10.9916407775545,1.55));
#16291=CARTESIAN_POINT('',(3.42528053583604,10.930547529966,1.55));
#16292=CARTESIAN_POINT('',(3.42528053583604,10.930547529966,1.55));
#16293=CARTESIAN_POINT('',(3.80470175770099,10.930547529966,1.55));
#16294=CARTESIAN_POINT('',(3.80470175770099,10.930547529966,1.55));
#16295=CARTESIAN_POINT('',(3.42528053583604,10.6771713241783,1.55));
#16296=CARTESIAN_POINT('',(3.42528053583604,10.6771713241783,1.55));
#16297=CARTESIAN_POINT('',(3.42528053583604,10.6118980122812,1.55));
#16298=CARTESIAN_POINT('',(3.42528053583604,10.6118980122812,1.55));
#16299=CARTESIAN_POINT('',(3.90856027860131,10.6118980122812,1.55));
#16300=CARTESIAN_POINT('',(3.90856027860131,10.6118980122812,1.55));
#16301=CARTESIAN_POINT('',(3.90856027860131,10.6729912598696,1.55));
#16302=CARTESIAN_POINT('',(3.52913905673636,10.6729912598696,1.55));
#16303=CARTESIAN_POINT('',(3.52913905673636,10.6729912598696,1.55));
#16304=CARTESIAN_POINT('',(3.90856027860131,10.6729912598696,1.55));
#16305=CARTESIAN_POINT('',(3.90856027860131,10.6729912598696,1.55));
#16306=CARTESIAN_POINT('',(3.90856027860131,10.6118980122812,1.55));
#16307=CARTESIAN_POINT('',(3.90856027860131,10.6118980122812,1.55));
#16308=CARTESIAN_POINT('',(3.42528053583604,10.6118980122812,1.55));
#16309=CARTESIAN_POINT('',(3.42528053583604,10.6118980122812,1.55));
#16310=CARTESIAN_POINT('',(3.42528053583604,10.6771713241783,1.55));
#16311=CARTESIAN_POINT('',(3.42528053583604,10.6771713241783,1.55));
#16312=CARTESIAN_POINT('',(3.80470175770099,10.930547529966,1.55));
#16313=CARTESIAN_POINT('',(3.80470175770099,10.930547529966,1.55));
#16314=CARTESIAN_POINT('',(3.42528053583604,10.930547529966,1.55));
#16315=CARTESIAN_POINT('',(3.42528053583604,10.930547529966,1.55));
#16316=CARTESIAN_POINT('',(3.42528053583604,10.9916407775545,1.55));
#16317=CARTESIAN_POINT('',(3.42528053583604,10.9916407775545,1.55));
#16318=CARTESIAN_POINT('',(3.90856027860131,10.9916407775545,1.55));
#16319=CARTESIAN_POINT('',(3.90856027860131,10.9916407775545,1.55));
#16320=CARTESIAN_POINT('',(3.90856027860131,10.9263674656574,1.55));
#16321=CARTESIAN_POINT('',(3.90856027860131,10.9263674656574,1.55));
#16322=CARTESIAN_POINT('',(3.64437056719126,10.0735948738987,1.55));
#16323=CARTESIAN_POINT('',(3.80920336541803,10.4562710026348,1.55));
#16324=CARTESIAN_POINT('',(3.80920336541803,10.4562710026348,1.55));
#16325=CARTESIAN_POINT('',(3.7191712110772,10.4562710026348,1.55));
#16326=CARTESIAN_POINT('',(3.57608439435694,10.4540201987763,1.55));
#16327=CARTESIAN_POINT('',(3.55132555191321,10.4469462437924,1.55));
#16328=CARTESIAN_POINT('',(3.5320329474116,10.4379430283583,1.55));
#16329=CARTESIAN_POINT('',(3.51788503744376,10.4270105524741,1.55));
#16330=CARTESIAN_POINT('',(3.50389269957776,10.4161982913958,1.55));
#16331=CARTESIAN_POINT('',(3.49248310818331,10.4009655363969,1.55));
#16332=CARTESIAN_POINT('',(3.47576285094858,10.3610941537603,1.55));
#16333=CARTESIAN_POINT('',(3.47126124323154,10.3389076585834,1.55));
#16334=CARTESIAN_POINT('',(3.47126124323154,10.2852099093873,1.55));
#16335=CARTESIAN_POINT('',(3.47576285094858,10.2601295235352,1.55));
#16336=CARTESIAN_POINT('',(3.48476606638266,10.2389076585834,1.55));
#16337=CARTESIAN_POINT('',(3.49388488730676,10.2174132949766,1.55));
#16338=CARTESIAN_POINT('',(3.50534484451771,10.2003224495802,1.55));
#16339=CARTESIAN_POINT('',(3.51981429789392,10.1871391698374,1.55));
#16340=CARTESIAN_POINT('',(3.53429936859703,10.1739416609746,1.55));
#16341=CARTESIAN_POINT('',(3.55036092168813,10.1639880444355,1.55));
#16342=CARTESIAN_POINT('',(3.56772426573958,10.1569140894516,1.55));
#16343=CARTESIAN_POINT('',(3.59802840797525,10.1445679574296,1.55));
#16344=CARTESIAN_POINT('',(3.6304252303698,10.1382645717667,1.55));
#16345=CARTESIAN_POINT('',(3.70856027860131,10.1382645717667,1.55));
#16346=CARTESIAN_POINT('',(3.74457314033765,10.145660070159,1.55));
#16347=CARTESIAN_POINT('',(3.77351204709006,10.1604510669435,1.55));
#16348=CARTESIAN_POINT('',(3.80283620162226,10.1754389681489,1.55));
#16349=CARTESIAN_POINT('',(3.82431590561096,10.1971070154966,1.55));
#16350=CARTESIAN_POINT('',(3.85261172554665,10.253698655368,1.55));
#16351=CARTESIAN_POINT('',(3.85968568053057,10.2836021923455,1.55));
#16352=CARTESIAN_POINT('',(3.85936413712221,10.3154349897731,1.55));
#16353=CARTESIAN_POINT('',(3.85908487788579,10.3430816541785,1.55));
#16354=CARTESIAN_POINT('',(3.85421944258845,10.3700973691943,1.55));
#16355=CARTESIAN_POINT('',(3.83299757763668,10.4228304881654,1.55));
#16356=CARTESIAN_POINT('',(3.82142201493572,10.4427661794837,1.55));
#16357=CARTESIAN_POINT('',(3.80920336541803,10.4562710026348,1.55));
#16358=CARTESIAN_POINT('',(3.57608439435694,10.4540201987763,1.55));
#16359=CARTESIAN_POINT('',(3.56032876734729,10.5112549254644,1.55));
#16360=CARTESIAN_POINT('',(3.56032876734729,10.5112549254644,1.55));
#16361=CARTESIAN_POINT('',(3.84135770625404,10.5186504238567,1.55));
#16362=CARTESIAN_POINT('',(3.86643809210614,10.4871391698374,1.55));
#16363=CARTESIAN_POINT('',(3.88508760979102,10.4549848290014,1.55));
#16364=CARTESIAN_POINT('',(3.89762780271707,10.421544314532,1.55));
#16365=CARTESIAN_POINT('',(3.91020763798113,10.3879980871611,1.55));
#16366=CARTESIAN_POINT('',(3.91659886381032,10.3540201987763,1.55));
#16367=CARTESIAN_POINT('',(3.91659886381032,10.2717050862361,1.55));
#16368=CARTESIAN_POINT('',(3.90663101815115,10.2286182695159,1.55));
#16369=CARTESIAN_POINT('',(3.8860522400161,10.1900330605127,1.55));
#16370=CARTESIAN_POINT('',(3.86541115589189,10.1513310277798,1.55));
#16371=CARTESIAN_POINT('',(3.83653455512864,10.1218658579403,1.55));
#16372=CARTESIAN_POINT('',(3.75936413712221,10.0826375621204,1.55));
#16373=CARTESIAN_POINT('',(3.71659886381032,10.0726697164612,1.55));
#16374=CARTESIAN_POINT('',(3.62174355834408,10.0726697164612,1.55));
#16375=CARTESIAN_POINT('',(3.5780136548071,10.0826375621204,1.55));
#16376=CARTESIAN_POINT('',(3.49634162908363,10.1218658579403,1.55));
#16377=CARTESIAN_POINT('',(3.46611654869778,10.150161677876,1.55));
#16378=CARTESIAN_POINT('',(3.44618085737945,10.1868176264291,1.55));
#16379=CARTESIAN_POINT('',(3.42631856349946,10.2233386184019,1.55));
#16380=CARTESIAN_POINT('',(3.41659886381032,10.2659173048857,1.55));
#16381=CARTESIAN_POINT('',(3.41659886381032,10.3488755042426,1.55));
#16382=CARTESIAN_POINT('',(3.42206510175244,10.3803867582619,1.55));
#16383=CARTESIAN_POINT('',(3.4336406644534,10.4086825781976,1.55));
#16384=CARTESIAN_POINT('',(3.44505744731201,10.4365902696297,1.55));
#16385=CARTESIAN_POINT('',(3.46065031075565,10.4588433499017,1.55));
#16386=CARTESIAN_POINT('',(3.50116478020903,10.4909976907377,1.55));
#16387=CARTESIAN_POINT('',(3.52753133969456,10.5032163402554,1.55));
#16388=CARTESIAN_POINT('',(3.56032876734729,10.5112549254644,1.55));
#16389=CARTESIAN_POINT('',(3.84135770625404,10.5186504238567,1.55));
#16390=CARTESIAN_POINT('',(3.66193648438909,10.5186504238567,1.55));
#16391=CARTESIAN_POINT('',(3.66193648438909,10.5186504238567,1.55));
#16392=CARTESIAN_POINT('',(3.66193648438909,10.3147919029564,1.55));
#16393=CARTESIAN_POINT('',(3.66193648438909,10.3147919029564,1.55));
#16394=CARTESIAN_POINT('',(3.7191712110772,10.3147919029564,1.55));
#16395=CARTESIAN_POINT('',(3.7191712110772,10.3147919029564,1.55));
#16396=CARTESIAN_POINT('',(3.7191712110772,10.4562710026348,1.55));
#16397=CARTESIAN_POINT('',(3.80920336541803,10.4562710026348,1.55));
#16398=CARTESIAN_POINT('',(3.80920336541803,10.4562710026348,1.55));
#16399=CARTESIAN_POINT('',(3.7191712110772,10.4562710026348,1.55));
#16400=CARTESIAN_POINT('',(3.7191712110772,10.4562710026348,1.55));
#16401=CARTESIAN_POINT('',(3.7191712110772,10.3147919029564,1.55));
#16402=CARTESIAN_POINT('',(3.7191712110772,10.3147919029564,1.55));
#16403=CARTESIAN_POINT('',(3.66193648438909,10.3147919029564,1.55));
#16404=CARTESIAN_POINT('',(3.66193648438909,10.3147919029564,1.55));
#16405=CARTESIAN_POINT('',(3.66193648438909,10.5186504238567,1.55));
#16406=CARTESIAN_POINT('',(3.66193648438909,10.5186504238567,1.55));
#16407=CARTESIAN_POINT('',(3.84135770625404,10.5186504238567,1.55));
#16408=CARTESIAN_POINT('',(3.84135770625404,10.5186504238567,1.55));
#16409=CARTESIAN_POINT('',(3.84135770625404,10.5186504238567,1.54));
#16410=CARTESIAN_POINT('',(3.9121883646119,10.4296580582276,1.55));
#16411=CARTESIAN_POINT('',(3.9121883646119,10.4296580582276,1.54));
#16412=CARTESIAN_POINT('',(3.96495951687259,10.189182421933,1.55));
#16413=CARTESIAN_POINT('',(3.96495951687259,10.189182421933,1.54));
#16414=CARTESIAN_POINT('',(3.70181368751849,10.0368406520353,1.55));
#16415=CARTESIAN_POINT('',(3.70181368751849,10.0368406520353,1.54));
#16416=CARTESIAN_POINT('',(3.47685516066598,10.116634963646,1.55));
#16417=CARTESIAN_POINT('',(3.47685516066598,10.116634963646,1.54));
#16418=CARTESIAN_POINT('',(3.38435175745703,10.3017535287676,1.55));
#16419=CARTESIAN_POINT('',(3.38435175745703,10.3017535287676,1.54));
#16420=CARTESIAN_POINT('',(3.43773533929831,10.4812075166289,1.55));
#16421=CARTESIAN_POINT('',(3.43773533929831,10.4812075166289,1.54));
#16422=CARTESIAN_POINT('',(3.56032876734729,10.5112549254644,1.55));
#16423=CARTESIAN_POINT('',(3.56032876734729,10.5112549254644,1.54));
#16424=CARTESIAN_POINT('',(3.56032876734729,10.5112549254644,1.55));
#16425=CARTESIAN_POINT('',(3.56032876734729,10.5112549254644,1.55));
#16426=CARTESIAN_POINT('',(3.57608439435694,10.4540201987763,1.55));
#16427=CARTESIAN_POINT('',(3.57608439435694,10.4540201987763,1.55));
#16428=CARTESIAN_POINT('',(3.57608439435694,10.4540201987763,1.54));
#16429=CARTESIAN_POINT('',(3.53108670395221,10.4411637158035,1.55));
#16430=CARTESIAN_POINT('',(3.53108670395221,10.4411637158035,1.54));
#16431=CARTESIAN_POINT('',(3.47846071072784,10.4065684357023,1.55));
#16432=CARTESIAN_POINT('',(3.47846071072784,10.4065684357023,1.54));
#16433=CARTESIAN_POINT('',(3.45469821901567,10.2111270891001,1.55));
#16434=CARTESIAN_POINT('',(3.45469821901567,10.2111270891001,1.54));
#16435=CARTESIAN_POINT('',(3.6488184534222,10.1001666193572,1.55));
#16436=CARTESIAN_POINT('',(3.6488184534222,10.1001666193572,1.54));
#16437=CARTESIAN_POINT('',(3.89725566265401,10.1976105295941,1.55));
#16438=CARTESIAN_POINT('',(3.89725566265401,10.1976105295941,1.54));
#16439=CARTESIAN_POINT('',(3.84682642706167,10.4146876187129,1.55));
#16440=CARTESIAN_POINT('',(3.84682642706167,10.4146876187129,1.54));
#16441=CARTESIAN_POINT('',(3.80920336541803,10.4562710026348,1.55));
#16442=CARTESIAN_POINT('',(3.80920336541803,10.4562710026348,1.54));
#16443=CARTESIAN_POINT('',(0.,0.,1.55));
#16444=CARTESIAN_POINT('',(3.23814227217044,10.8016086232136,1.55));
#16445=CARTESIAN_POINT('',(3.23814227217044,10.8016086232136,1.55));
#16446=CARTESIAN_POINT('',(3.29762780271707,10.8016086232136,1.55));
#16447=CARTESIAN_POINT('',(3.23814227217044,10.6199365974902,1.55));
#16448=CARTESIAN_POINT('',(3.23814227217044,10.6199365974902,1.55));
#16449=CARTESIAN_POINT('',(3.29762780271707,10.6199365974902,1.55));
#16450=CARTESIAN_POINT('',(3.29762780271707,10.6199365974902,1.55));
#16451=CARTESIAN_POINT('',(3.29762780271707,10.8016086232136,1.55));
#16452=CARTESIAN_POINT('',(3.23814227217044,10.8016086232136,1.55));
#16453=CARTESIAN_POINT('',(3.23814227217044,10.8016086232136,1.55));
#16454=CARTESIAN_POINT('',(3.29762780271707,10.8016086232136,1.55));
#16455=CARTESIAN_POINT('',(3.29762780271707,10.8016086232136,1.55));
#16456=CARTESIAN_POINT('',(3.29762780271707,10.6199365974902,1.55));
#16457=CARTESIAN_POINT('',(3.29762780271707,10.6199365974902,1.55));
#16458=CARTESIAN_POINT('',(3.23814227217044,10.6199365974902,1.55));
#16459=CARTESIAN_POINT('',(3.23814227217044,10.6199365974902,1.55));
#16460=CARTESIAN_POINT('',(0.,0.,1.55));
#16461=CARTESIAN_POINT('',(-3.59545527924172,11.4886484342415,1.55));
#16462=CARTESIAN_POINT('',(-3.59545527924172,11.4886484342415,1.55));
#16463=CARTESIAN_POINT('',(-3.1696840710155,11.4886484342415,1.55));
#16464=CARTESIAN_POINT('',(-3.59545527924172,11.6477101308996,1.55));
#16465=CARTESIAN_POINT('',(-3.59545527924172,11.6477101308996,1.55));
#16466=CARTESIAN_POINT('',(-3.65265322268645,11.6477101308996,1.55));
#16467=CARTESIAN_POINT('',(-3.65265322268645,11.6477101308996,1.55));
#16468=CARTESIAN_POINT('',(-3.65265322268645,11.2659620589202,1.55));
#16469=CARTESIAN_POINT('',(-3.65265322268645,11.2659620589202,1.55));
#16470=CARTESIAN_POINT('',(-3.59545527924172,11.2659620589202,1.55));
#16471=CARTESIAN_POINT('',(-3.59545527924172,11.2659620589202,1.55));
#16472=CARTESIAN_POINT('',(-3.59545527924172,11.4247024188173,1.55));
#16473=CARTESIAN_POINT('',(-3.59545527924172,11.4247024188173,1.55));
#16474=CARTESIAN_POINT('',(-3.1696840710155,11.4247024188173,1.55));
#16475=CARTESIAN_POINT('',(-3.1696840710155,11.4247024188173,1.55));
#16476=CARTESIAN_POINT('',(-3.1696840710155,11.4886484342415,1.55));
#16477=CARTESIAN_POINT('',(-3.59545527924172,11.4886484342415,1.55));
#16478=CARTESIAN_POINT('',(-3.59545527924172,11.4886484342415,1.55));
#16479=CARTESIAN_POINT('',(-3.1696840710155,11.4886484342415,1.55));
#16480=CARTESIAN_POINT('',(-3.1696840710155,11.4886484342415,1.55));
#16481=CARTESIAN_POINT('',(-3.1696840710155,11.4247024188173,1.55));
#16482=CARTESIAN_POINT('',(-3.1696840710155,11.4247024188173,1.55));
#16483=CARTESIAN_POINT('',(-3.59545527924172,11.4247024188173,1.55));
#16484=CARTESIAN_POINT('',(-3.59545527924172,11.4247024188173,1.55));
#16485=CARTESIAN_POINT('',(-3.59545527924172,11.2659620589202,1.55));
#16486=CARTESIAN_POINT('',(-3.59545527924172,11.2659620589202,1.55));
#16487=CARTESIAN_POINT('',(-3.65265322268645,11.2659620589202,1.55));
#16488=CARTESIAN_POINT('',(-3.65265322268645,11.2659620589202,1.55));
#16489=CARTESIAN_POINT('',(-3.65265322268645,11.6477101308996,1.55));
#16490=CARTESIAN_POINT('',(-3.65265322268645,11.6477101308996,1.55));
#16491=CARTESIAN_POINT('',(-3.59545527924172,11.6477101308996,1.55));
#16492=CARTESIAN_POINT('',(-3.59545527924172,11.6477101308996,1.55));
#16493=CARTESIAN_POINT('',(-3.42287352369409,10.73362616443,1.55));
#16494=CARTESIAN_POINT('',(-3.40425990649108,10.3395481771721,1.55));
#16495=CARTESIAN_POINT('',(-3.34577661600265,10.3395481771721,1.55));
#16496=CARTESIAN_POINT('',(-3.29982545919031,10.3549723416965,1.55));
#16497=CARTESIAN_POINT('',(-3.23298741291782,10.4173116733161,1.55));
#16498=CARTESIAN_POINT('',(-3.21627790134969,10.456514758149,1.55));
#16499=CARTESIAN_POINT('',(-3.21627790134969,10.551309102622,1.55));
#16500=CARTESIAN_POINT('',(-3.23330874967874,10.5908335242158,1.55));
#16501=CARTESIAN_POINT('',(-3.26704910957591,10.6216818532646,1.55));
#16502=CARTESIAN_POINT('',(-3.30094949489427,10.65267649127,1.55));
#16503=CARTESIAN_POINT('',(-3.3489899836119,10.6682756835988,1.55));
#16504=CARTESIAN_POINT('',(-3.45021106330342,10.6682756835988,1.55));
#16505=CARTESIAN_POINT('',(-3.48459409672244,10.6615276116194,1.55));
#16506=CARTESIAN_POINT('',(-3.51415707872759,10.6483528044215,1.55));
#16507=CARTESIAN_POINT('',(-3.54345196863372,10.6352974730502,1.55));
#16508=CARTESIAN_POINT('',(-3.56621363399751,10.615897791568,1.55));
#16509=CARTESIAN_POINT('',(-3.58228047204378,10.590190850694,1.55));
#16510=CARTESIAN_POINT('',(-3.59820288907391,10.5647149834458,1.55));
#16511=CARTESIAN_POINT('',(-3.60638072911319,10.5362062748585,1.55));
#16512=CARTESIAN_POINT('',(-3.60638072911319,10.4594067889973,1.55));
#16513=CARTESIAN_POINT('',(-3.59095656458877,10.4208463776862,1.55));
#16514=CARTESIAN_POINT('',(-3.559786898779,10.3880700280718,1.55));
#16515=CARTESIAN_POINT('',(-3.52877769861868,10.3554624155321,1.55));
#16516=CARTESIAN_POINT('',(-3.47688201446023,10.3395481771721,1.55));
#16517=CARTESIAN_POINT('',(-3.40425990649108,10.3395481771721,1.55));
#16518=CARTESIAN_POINT('',(-3.40425990649108,10.3395481771721,1.55));
#16519=CARTESIAN_POINT('',(-3.40490258001293,10.2739954779433,1.55));
#16520=CARTESIAN_POINT('',(-3.4852367702443,10.2739954779433,1.55));
#16521=CARTESIAN_POINT('',(-3.54789743862476,10.2952037041644,1.55));
#16522=CARTESIAN_POINT('',(-3.59320592191525,10.3382628301284,1.55));
#16523=CARTESIAN_POINT('',(-3.63835394489543,10.3811694618968,1.55));
#16524=CARTESIAN_POINT('',(-3.66132931523144,10.4362705422107,1.55));
#16525=CARTESIAN_POINT('',(-3.66132931523144,10.5487384085346,1.55));
#16526=CARTESIAN_POINT('',(-3.6507252021209,10.5885841668893,1.55));
#16527=CARTESIAN_POINT('',(-3.6291956391389,10.6242525473521,1.55));
#16528=CARTESIAN_POINT('',(-3.6077518870266,10.6597787635381,1.55));
#16529=CARTESIAN_POINT('',(-3.57842443091268,10.6872345524934,1.55));
#16530=CARTESIAN_POINT('',(-3.50194628181242,10.7245096167608,1.55));
#16531=CARTESIAN_POINT('',(-3.45888715584841,10.7338283828276,1.55));
#16532=CARTESIAN_POINT('',(-3.361522117288,10.7338283828276,1.55));
#16533=CARTESIAN_POINT('',(-3.31782031780214,10.7241882799999,1.55));
#16534=CARTESIAN_POINT('',(-3.27893856973016,10.7042654008225,1.55));
#16535=CARTESIAN_POINT('',(-3.24044174780896,10.6845397565323,1.55));
#16536=CARTESIAN_POINT('',(-3.21113651317489,10.6567075602055,1.55));
#16537=CARTESIAN_POINT('',(-3.17129075482013,10.5847281257582,1.55));
#16538=CARTESIAN_POINT('',(-3.16132931523144,10.5455250409253,1.55));
#16539=CARTESIAN_POINT('',(-3.16132931523144,10.4587641154754,1.55));
#16540=CARTESIAN_POINT('',(-3.17225476510291,10.4182756835988,1.55));
#16541=CARTESIAN_POINT('',(-3.19442700160676,10.3826073031361,1.55));
#16542=CARTESIAN_POINT('',(-3.21650967691645,10.347082999377,1.55));
#16543=CARTESIAN_POINT('',(-3.24616222011576,10.3199466347556,1.55));
#16544=CARTESIAN_POINT('',(-3.28440129466589,10.301309102622,1.55));
#16545=CARTESIAN_POINT('',(-3.32225416001799,10.2828598069041,1.55));
#16546=CARTESIAN_POINT('',(-3.36248612757077,10.2739954779433,1.55));
#16547=CARTESIAN_POINT('',(-3.40490258001293,10.2739954779433,1.55));
#16548=CARTESIAN_POINT('',(-3.40490258001293,10.2739954779433,1.55));
#16549=CARTESIAN_POINT('',(-3.27125691015951,10.2932333007279,1.55));
#16550=CARTESIAN_POINT('',(-3.27125691015951,10.2932333007279,1.54));
#16551=CARTESIAN_POINT('',(-3.42447755797182,10.2612157571953,1.55));
#16552=CARTESIAN_POINT('',(-3.42447755797182,10.2612157571953,1.54));
#16553=CARTESIAN_POINT('',(-3.64633117353054,10.3175605239481,1.55));
#16554=CARTESIAN_POINT('',(-3.64633117353054,10.3175605239481,1.54));
#16555=CARTESIAN_POINT('',(-3.71121067885146,10.6830645407717,1.55));
#16556=CARTESIAN_POINT('',(-3.71121067885146,10.6830645407717,1.54));
#16557=CARTESIAN_POINT('',(-3.2479351854544,10.8155924089773,1.55));
#16558=CARTESIAN_POINT('',(-3.2479351854544,10.8155924089773,1.54));
#16559=CARTESIAN_POINT('',(-3.11128266075593,10.4525714323939,1.55));
#16560=CARTESIAN_POINT('',(-3.11128266075593,10.4525714323939,1.54));
#16561=CARTESIAN_POINT('',(-3.27125691015951,10.2932333007279,1.55));
#16562=CARTESIAN_POINT('',(-3.27125691015951,10.2932333007279,1.54));
#16563=CARTESIAN_POINT('',(-3.42447755797182,10.2612157571953,1.55));
#16564=CARTESIAN_POINT('',(-3.42447755797182,10.2612157571953,1.54));
#16565=CARTESIAN_POINT('',(-3.64633117353054,10.3175605239481,1.55));
#16566=CARTESIAN_POINT('',(-3.64633117353054,10.3175605239481,1.54));
#16567=CARTESIAN_POINT('',(-3.51042126375421,10.3492866931787,1.55));
#16568=CARTESIAN_POINT('',(-3.51042126375421,10.3492866931787,1.54));
#16569=CARTESIAN_POINT('',(-3.35959088023711,10.3263564177326,1.55));
#16570=CARTESIAN_POINT('',(-3.35959088023711,10.3263564177326,1.54));
#16571=CARTESIAN_POINT('',(-3.19344773138661,10.411609184062,1.55));
#16572=CARTESIAN_POINT('',(-3.19344773138661,10.411609184062,1.54));
#16573=CARTESIAN_POINT('',(-3.22710326224393,10.6609167193131,1.55));
#16574=CARTESIAN_POINT('',(-3.22710326224393,10.6609167193131,1.54));
#16575=CARTESIAN_POINT('',(-3.45705185444266,10.6929622308012,1.55));
#16576=CARTESIAN_POINT('',(-3.45705185444266,10.6929622308012,1.54));
#16577=CARTESIAN_POINT('',(-3.6225150325171,10.5799323826425,1.55));
#16578=CARTESIAN_POINT('',(-3.6225150325171,10.5799323826425,1.54));
#16579=CARTESIAN_POINT('',(-3.6008183783842,10.4080308148859,1.55));
#16580=CARTESIAN_POINT('',(-3.6008183783842,10.4080308148859,1.54));
#16581=CARTESIAN_POINT('',(-3.51042126375421,10.3492866931787,1.55));
#16582=CARTESIAN_POINT('',(-3.51042126375421,10.3492866931787,1.54));
#16583=CARTESIAN_POINT('',(-3.35959088023711,10.3263564177326,1.55));
#16584=CARTESIAN_POINT('',(-3.35959088023711,10.3263564177326,1.54));
#16585=CARTESIAN_POINT('',(-3.19344773138661,10.411609184062,1.55));
#16586=CARTESIAN_POINT('',(-3.19344773138661,10.411609184062,1.54));
#16587=CARTESIAN_POINT('',(-3.40425990649108,10.3395481771721,1.54));
#16588=CARTESIAN_POINT('',(-3.34577661600265,10.3395481771721,1.54));
#16589=CARTESIAN_POINT('',(-3.29982545919031,10.3549723416965,1.54));
#16590=CARTESIAN_POINT('',(-3.23298741291782,10.4173116733161,1.54));
#16591=CARTESIAN_POINT('',(-3.21627790134969,10.456514758149,1.54));
#16592=CARTESIAN_POINT('',(-3.21627790134969,10.551309102622,1.54));
#16593=CARTESIAN_POINT('',(-3.23330874967874,10.5908335242158,1.54));
#16594=CARTESIAN_POINT('',(-3.26704910957591,10.6216818532646,1.54));
#16595=CARTESIAN_POINT('',(-3.30094949489427,10.65267649127,1.54));
#16596=CARTESIAN_POINT('',(-3.3489899836119,10.6682756835988,1.54));
#16597=CARTESIAN_POINT('',(-3.45021106330342,10.6682756835988,1.54));
#16598=CARTESIAN_POINT('',(-3.48459409672244,10.6615276116194,1.54));
#16599=CARTESIAN_POINT('',(-3.51415707872759,10.6483528044215,1.54));
#16600=CARTESIAN_POINT('',(-3.54345196863372,10.6352974730502,1.54));
#16601=CARTESIAN_POINT('',(-3.56621363399751,10.615897791568,1.54));
#16602=CARTESIAN_POINT('',(-3.58228047204378,10.590190850694,1.54));
#16603=CARTESIAN_POINT('',(-3.59820288907391,10.5647149834458,1.54));
#16604=CARTESIAN_POINT('',(-3.60638072911319,10.5362062748585,1.54));
#16605=CARTESIAN_POINT('',(-3.60638072911319,10.4594067889973,1.54));
#16606=CARTESIAN_POINT('',(-3.59095656458877,10.4208463776862,1.54));
#16607=CARTESIAN_POINT('',(-3.559786898779,10.3880700280718,1.54));
#16608=CARTESIAN_POINT('',(-3.52877769861868,10.3554624155321,1.54));
#16609=CARTESIAN_POINT('',(-3.47688201446023,10.3395481771721,1.54));
#16610=CARTESIAN_POINT('',(-3.40425990649108,10.3395481771721,1.54));
#16611=CARTESIAN_POINT('',(-3.40425990649108,10.3395481771721,1.54));
#16612=CARTESIAN_POINT('',(0.,0.,1.54));
#16613=CARTESIAN_POINT('',(-3.4379818898538,9.94056795929588,1.55));
#16614=CARTESIAN_POINT('',(-3.65265322268645,10.2357564033932,1.55));
#16615=CARTESIAN_POINT('',(-3.65265322268645,10.2357564033932,1.55));
#16616=CARTESIAN_POINT('',(-3.1696840710155,10.0474530614909,1.55));
#16617=CARTESIAN_POINT('',(-3.65265322268645,10.1708463776862,1.55));
#16618=CARTESIAN_POINT('',(-3.65265322268645,10.1708463776862,1.55));
#16619=CARTESIAN_POINT('',(-3.22238329980728,10.0143553751155,1.55));
#16620=CARTESIAN_POINT('',(-3.24873291420316,10.0220674573778,1.55));
#16621=CARTESIAN_POINT('',(-3.27508252859905,10.0307435499227,1.55));
#16622=CARTESIAN_POINT('',(-3.30143214299494,10.0403836527505,1.55));
#16623=CARTESIAN_POINT('',(-3.4187174194547,10.0832929002358,1.55));
#16624=CARTESIAN_POINT('',(-3.53557952945595,10.1273588027077,1.55));
#16625=CARTESIAN_POINT('',(-3.65265322268645,10.1708463776862,1.55));
#16626=CARTESIAN_POINT('',(-3.22238329980728,10.0143553751155,1.55));
#16627=CARTESIAN_POINT('',(-3.65265322268645,9.86396977100244,1.55));
#16628=CARTESIAN_POINT('',(-3.53557952945595,9.90574354992274,1.55));
#16629=CARTESIAN_POINT('',(-3.41850583622544,9.94751732884305,1.55));
#16630=CARTESIAN_POINT('',(-3.30143214299494,9.98929110776336,1.55));
#16631=CARTESIAN_POINT('',(-3.27319517294148,9.9993665133634,1.55));
#16632=CARTESIAN_POINT('',(-3.24680489363761,10.0076073031361,1.55));
#16633=CARTESIAN_POINT('',(-3.22238329980728,10.0143553751155,1.55));
#16634=CARTESIAN_POINT('',(-3.65265322268645,9.86396977100244,1.55));
#16635=CARTESIAN_POINT('',(-3.65265322268645,9.79488236740346,1.55));
#16636=CARTESIAN_POINT('',(-3.65265322268645,9.79488236740346,1.55));
#16637=CARTESIAN_POINT('',(-3.1696840710155,9.9809363519793,1.55));
#16638=CARTESIAN_POINT('',(-3.1696840710155,9.9809363519793,1.55));
#16639=CARTESIAN_POINT('',(-3.1696840710155,10.0474530614909,1.55));
#16640=CARTESIAN_POINT('',(-3.65265322268645,10.2357564033932,1.55));
#16641=CARTESIAN_POINT('',(-3.65265322268645,10.2357564033932,1.55));
#16642=CARTESIAN_POINT('',(-3.1696840710155,10.0474530614909,1.55));
#16643=CARTESIAN_POINT('',(-3.1696840710155,10.0474530614909,1.55));
#16644=CARTESIAN_POINT('',(-3.1696840710155,9.9809363519793,1.55));
#16645=CARTESIAN_POINT('',(-3.1696840710155,9.9809363519793,1.55));
#16646=CARTESIAN_POINT('',(-3.65265322268645,9.79488236740346,1.55));
#16647=CARTESIAN_POINT('',(-3.65265322268645,9.79488236740346,1.55));
#16648=CARTESIAN_POINT('',(-3.65265322268645,9.86396977100244,1.55));
#16649=CARTESIAN_POINT('',(-3.65265322268645,9.86396977100244,1.55));
#16650=CARTESIAN_POINT('',(-3.65265322268645,9.86396977100244,1.54));
#16651=CARTESIAN_POINT('',(-3.50953900079802,9.91503522986473,1.55));
#16652=CARTESIAN_POINT('',(-3.50953900079802,9.91503522986473,1.54));
#16653=CARTESIAN_POINT('',(-3.35660013711559,9.97726914375404,1.55));
#16654=CARTESIAN_POINT('',(-3.35660013711559,9.97726914375404,1.54));
#16655=CARTESIAN_POINT('',(-3.22238329980728,10.0143553751155,1.55));
#16656=CARTESIAN_POINT('',(-3.22238329980728,10.0143553751155,1.54));
#16657=CARTESIAN_POINT('',(-3.22238329980728,10.0143553751155,1.55));
#16658=CARTESIAN_POINT('',(-3.22238329980728,10.0143553751155,1.55));
#16659=CARTESIAN_POINT('',(-3.22238329980728,10.0143553751155,1.54));
#16660=CARTESIAN_POINT('',(-3.36733614513974,10.0567805981397,1.55));
#16661=CARTESIAN_POINT('',(-3.36733614513974,10.0567805981397,1.54));
#16662=CARTESIAN_POINT('',(-3.50956972645003,10.1176973388281,1.55));
#16663=CARTESIAN_POINT('',(-3.50956972645003,10.1176973388281,1.54));
#16664=CARTESIAN_POINT('',(-3.65265322268645,10.1708463776862,1.55));
#16665=CARTESIAN_POINT('',(-3.65265322268645,10.1708463776862,1.54));
#16666=CARTESIAN_POINT('',(-3.65265322268645,10.1708463776862,1.55));
#16667=CARTESIAN_POINT('',(-3.65265322268645,10.1708463776862,1.55));
#16668=CARTESIAN_POINT('',(0.,0.,1.55));
#16669=CARTESIAN_POINT('',(-3.91229332551422,10.7637127015937,1.55));
#16670=CARTESIAN_POINT('',(-3.91229332551422,10.7637127015937,1.55));
#16671=CARTESIAN_POINT('',(-3.78022391677386,10.7637127015937,1.55));
#16672=CARTESIAN_POINT('',(-3.91229332551422,10.8951394368122,1.55));
#16673=CARTESIAN_POINT('',(-3.91229332551422,10.8951394368122,1.55));
#16674=CARTESIAN_POINT('',(-3.96788458515432,10.8951394368122,1.55));
#16675=CARTESIAN_POINT('',(-3.96788458515432,10.8951394368122,1.55));
#16676=CARTESIAN_POINT('',(-3.96788458515432,10.7637127015937,1.55));
#16677=CARTESIAN_POINT('',(-3.96788458515432,10.7637127015937,1.55));
#16678=CARTESIAN_POINT('',(-4.09931132037283,10.7637127015937,1.55));
#16679=CARTESIAN_POINT('',(-4.09931132037283,10.7637127015937,1.55));
#16680=CARTESIAN_POINT('',(-4.09931132037283,10.7081214419536,1.55));
#16681=CARTESIAN_POINT('',(-4.09931132037283,10.7081214419536,1.55));
#16682=CARTESIAN_POINT('',(-3.96788458515432,10.7081214419536,1.55));
#16683=CARTESIAN_POINT('',(-3.96788458515432,10.7081214419536,1.55));
#16684=CARTESIAN_POINT('',(-3.96788458515432,10.5766947067351,1.55));
#16685=CARTESIAN_POINT('',(-3.96788458515432,10.5766947067351,1.55));
#16686=CARTESIAN_POINT('',(-3.91229332551422,10.5766947067351,1.55));
#16687=CARTESIAN_POINT('',(-3.91229332551422,10.5766947067351,1.55));
#16688=CARTESIAN_POINT('',(-3.91229332551422,10.7081214419536,1.55));
#16689=CARTESIAN_POINT('',(-3.91229332551422,10.7081214419536,1.55));
#16690=CARTESIAN_POINT('',(-3.78022391677386,10.7081214419536,1.55));
#16691=CARTESIAN_POINT('',(-3.78022391677386,10.7081214419536,1.55));
#16692=CARTESIAN_POINT('',(-3.78022391677386,10.7637127015937,1.55));
#16693=CARTESIAN_POINT('',(-3.91229332551422,10.7637127015937,1.55));
#16694=CARTESIAN_POINT('',(-3.91229332551422,10.7637127015937,1.55));
#16695=CARTESIAN_POINT('',(-3.78022391677386,10.7637127015937,1.55));
#16696=CARTESIAN_POINT('',(-3.78022391677386,10.7637127015937,1.55));
#16697=CARTESIAN_POINT('',(-3.78022391677386,10.7081214419536,1.55));
#16698=CARTESIAN_POINT('',(-3.78022391677386,10.7081214419536,1.55));
#16699=CARTESIAN_POINT('',(-3.91229332551422,10.7081214419536,1.55));
#16700=CARTESIAN_POINT('',(-3.91229332551422,10.7081214419536,1.55));
#16701=CARTESIAN_POINT('',(-3.91229332551422,10.5766947067351,1.55));
#16702=CARTESIAN_POINT('',(-3.91229332551422,10.5766947067351,1.55));
#16703=CARTESIAN_POINT('',(-3.96788458515432,10.5766947067351,1.55));
#16704=CARTESIAN_POINT('',(-3.96788458515432,10.5766947067351,1.55));
#16705=CARTESIAN_POINT('',(-3.96788458515432,10.7081214419536,1.55));
#16706=CARTESIAN_POINT('',(-3.96788458515432,10.7081214419536,1.55));
#16707=CARTESIAN_POINT('',(-4.09931132037283,10.7081214419536,1.55));
#16708=CARTESIAN_POINT('',(-4.09931132037283,10.7081214419536,1.55));
#16709=CARTESIAN_POINT('',(-4.09931132037283,10.7637127015937,1.55));
#16710=CARTESIAN_POINT('',(-4.09931132037283,10.7637127015937,1.55));
#16711=CARTESIAN_POINT('',(-3.96788458515432,10.7637127015937,1.55));
#16712=CARTESIAN_POINT('',(-3.96788458515432,10.7637127015937,1.55));
#16713=CARTESIAN_POINT('',(-3.96788458515432,10.8951394368122,1.55));
#16714=CARTESIAN_POINT('',(-3.96788458515432,10.8951394368122,1.55));
#16715=CARTESIAN_POINT('',(-3.91229332551422,10.8951394368122,1.55));
#16716=CARTESIAN_POINT('',(-3.91229332551422,10.8951394368122,1.55));
#16717=CARTESIAN_POINT('',(-3.21943509903618,11.015299565352,1.55));
#16718=CARTESIAN_POINT('',(-3.65265322268645,10.8180186141901,1.55));
#16719=CARTESIAN_POINT('',(-3.65265322268645,10.8180186141901,1.55));
#16720=CARTESIAN_POINT('',(-3.65265322268645,10.8819646296143,1.55));
#16721=CARTESIAN_POINT('',(-3.65265322268645,11.1968746553212,1.55));
#16722=CARTESIAN_POINT('',(-3.55967978652536,11.1968746553212,1.55));
#16723=CARTESIAN_POINT('',(-3.46670635036426,11.1968746553212,1.55));
#16724=CARTESIAN_POINT('',(-3.37373291420316,11.1968746553212,1.55));
#16725=CARTESIAN_POINT('',(-3.32521106330342,11.1968746553212,1.55));
#16726=CARTESIAN_POINT('',(-3.28665065199237,11.1914119303855,1.55));
#16727=CARTESIAN_POINT('',(-3.22945270854764,11.1695610306425,1.55));
#16728=CARTESIAN_POINT('',(-3.20599512500008,11.1496381514652,1.55));
#16729=CARTESIAN_POINT('',(-3.18832160314918,11.1210391797428,1.55));
#16730=CARTESIAN_POINT('',(-3.17055927774431,11.092296507724,1.55));
#16731=CARTESIAN_POINT('',(-3.16132931523144,11.0548438069922,1.55));
#16732=CARTESIAN_POINT('',(-3.16132931523144,10.9632628301284,1.55));
#16733=CARTESIAN_POINT('',(-3.16936273425458,10.9266304393829,1.55));
#16734=CARTESIAN_POINT('',(-3.184786898779,10.8977101308996,1.55));
#16735=CARTESIAN_POINT('',(-3.20014879735667,10.8689065710665,1.55));
#16736=CARTESIAN_POINT('',(-3.22302597332913,10.848545606478,1.55));
#16737=CARTESIAN_POINT('',(-3.28215193733941,10.8241240126477,1.55));
#16738=CARTESIAN_POINT('',(-3.32231903245509,10.8180186141901,1.55));
#16739=CARTESIAN_POINT('',(-3.37373291420316,10.8180186141901,1.55));
#16740=CARTESIAN_POINT('',(-3.46670635036426,10.8180186141901,1.55));
#16741=CARTESIAN_POINT('',(-3.55967978652536,10.8180186141901,1.55));
#16742=CARTESIAN_POINT('',(-3.65265322268645,10.8180186141901,1.55));
#16743=CARTESIAN_POINT('',(-3.65265322268645,11.1968746553212,1.55));
#16744=CARTESIAN_POINT('',(-3.65265322268645,11.132928639897,1.55));
#16745=CARTESIAN_POINT('',(-3.65265322268645,11.132928639897,1.55));
#16746=CARTESIAN_POINT('',(-3.65265322268645,10.8819646296143,1.55));
#16747=CARTESIAN_POINT('',(-3.559786898779,10.8819646296143,1.55));
#16748=CARTESIAN_POINT('',(-3.46692057487154,10.8819646296143,1.55));
#16749=CARTESIAN_POINT('',(-3.37405425096409,10.8819646296143,1.55));
#16750=CARTESIAN_POINT('',(-3.33195913528286,10.8819646296143,1.55));
#16751=CARTESIAN_POINT('',(-3.30111080623401,10.8858206707454,1.55));
#16752=CARTESIAN_POINT('',(-3.26126504787926,10.9012448352698,1.55));
#16753=CARTESIAN_POINT('',(-3.24616222011576,10.9147409792287,1.55));
#16754=CARTESIAN_POINT('',(-3.2352367702443,10.9333785113623,1.55));
#16755=CARTESIAN_POINT('',(-3.22425330913457,10.9521150038436,1.55));
#16756=CARTESIAN_POINT('',(-3.21916993219802,10.9754736270436,1.55));
#16757=CARTESIAN_POINT('',(-3.21916993219802,11.0497024188173,1.55));
#16758=CARTESIAN_POINT('',(-3.22977404530856,11.0831214419536,1.55));
#16759=CARTESIAN_POINT('',(-3.25098227152964,11.103044321131,1.55));
#16760=CARTESIAN_POINT('',(-3.27236119810811,11.1231275551895,1.55));
#16761=CARTESIAN_POINT('',(-3.31332160314918,11.132928639897,1.55));
#16762=CARTESIAN_POINT('',(-3.37405425096409,11.132928639897,1.55));
#16763=CARTESIAN_POINT('',(-3.46692057487154,11.132928639897,1.55));
#16764=CARTESIAN_POINT('',(-3.559786898779,11.132928639897,1.55));
#16765=CARTESIAN_POINT('',(-3.65265322268645,11.132928639897,1.55));
#16766=CARTESIAN_POINT('',(-3.65265322268645,10.8180186141901,1.55));
#16767=CARTESIAN_POINT('',(-3.65265322268645,10.8180186141901,1.55));
#16768=CARTESIAN_POINT('',(-3.65265322268645,10.8819646296143,1.55));
#16769=CARTESIAN_POINT('',(-3.65265322268645,10.8819646296143,1.55));
#16770=CARTESIAN_POINT('',(-3.65265322268645,10.8819646296143,1.54));
#16771=CARTESIAN_POINT('',(-3.56742326347569,10.8819646296143,1.55));
#16772=CARTESIAN_POINT('',(-3.56742326347569,10.8819646296143,1.54));
#16773=CARTESIAN_POINT('',(-3.4565268089105,10.8833380528302,1.55));
#16774=CARTESIAN_POINT('',(-3.4565268089105,10.8833380528302,1.54));
#16775=CARTESIAN_POINT('',(-3.24087093248639,10.879675590921,1.55));
#16776=CARTESIAN_POINT('',(-3.24087093248639,10.879675590921,1.54));
#16777=CARTESIAN_POINT('',(-3.20758500187421,11.0201230760428,1.55));
#16778=CARTESIAN_POINT('',(-3.20758500187421,11.0201230760428,1.54));
#16779=CARTESIAN_POINT('',(-3.24539965423383,11.1316294970198,1.55));
#16780=CARTESIAN_POINT('',(-3.24539965423383,11.1316294970198,1.54));
#16781=CARTESIAN_POINT('',(-3.4538554714554,11.1337081256234,1.55));
#16782=CARTESIAN_POINT('',(-3.4538554714554,11.1337081256234,1.54));
#16783=CARTESIAN_POINT('',(-3.56743208955133,11.132928639897,1.55));
#16784=CARTESIAN_POINT('',(-3.56743208955133,11.132928639897,1.54));
#16785=CARTESIAN_POINT('',(-3.65265322268645,11.132928639897,1.55));
#16786=CARTESIAN_POINT('',(-3.65265322268645,11.132928639897,1.54));
#16787=CARTESIAN_POINT('',(-3.65265322268645,11.132928639897,1.55));
#16788=CARTESIAN_POINT('',(-3.65265322268645,11.132928639897,1.55));
#16789=CARTESIAN_POINT('',(-3.65265322268645,11.1968746553212,1.55));
#16790=CARTESIAN_POINT('',(-3.65265322268645,11.1968746553212,1.55));
#16791=CARTESIAN_POINT('',(-3.65265322268645,11.1968746553212,1.54));
#16792=CARTESIAN_POINT('',(-3.60195085348086,11.1968746553212,1.55));
#16793=CARTESIAN_POINT('',(-3.60195085348086,11.1968746553212,1.54));
#16794=CARTESIAN_POINT('',(-3.50361432802509,11.1949391670891,1.55));
#16795=CARTESIAN_POINT('',(-3.50361432802509,11.1949391670891,1.54));
#16796=CARTESIAN_POINT('',(-3.33770026210888,11.2036488641337,1.55));
#16797=CARTESIAN_POINT('',(-3.33770026210888,11.2036488641337,1.54));
#16798=CARTESIAN_POINT('',(-3.18869503318443,11.1660495131117,1.55));
#16799=CARTESIAN_POINT('',(-3.18869503318443,11.1660495131117,1.54));
#16800=CARTESIAN_POINT('',(-3.14853144157931,11.0057082329542,1.55));
#16801=CARTESIAN_POINT('',(-3.14853144157931,11.0057082329542,1.54));
#16802=CARTESIAN_POINT('',(-3.18518723311382,10.8504187543887,1.55));
#16803=CARTESIAN_POINT('',(-3.18518723311382,10.8504187543887,1.54));
#16804=CARTESIAN_POINT('',(-3.33713956845804,10.8109043525608,1.55));
#16805=CARTESIAN_POINT('',(-3.33713956845804,10.8109043525608,1.54));
#16806=CARTESIAN_POINT('',(-3.50380901841006,10.8200512603699,1.55));
#16807=CARTESIAN_POINT('',(-3.50380901841006,10.8200512603699,1.54));
#16808=CARTESIAN_POINT('',(-3.60195817000792,10.8180186141901,1.55));
#16809=CARTESIAN_POINT('',(-3.60195817000792,10.8180186141901,1.54));
#16810=CARTESIAN_POINT('',(-3.65265322268645,10.8180186141901,1.55));
#16811=CARTESIAN_POINT('',(-3.65265322268645,10.8180186141901,1.54));
#16812=CARTESIAN_POINT('',(3.67233863625331,11.497358421505,1.55));
#16813=CARTESIAN_POINT('',(3.48219371911578,11.1627018708021,1.55));
#16814=CARTESIAN_POINT('',(3.48219371911578,11.1627018708021,1.55));
#16815=CARTESIAN_POINT('',(3.85132555191321,11.1627018708021,1.55));
#16816=CARTESIAN_POINT('',(3.85132555191321,11.1627018708021,1.55));
#16817=CARTESIAN_POINT('',(3.85132555191321,11.1969998343605,1.55));
#16818=CARTESIAN_POINT('',(3.85132555191321,11.2312977979189,1.55));
#16819=CARTESIAN_POINT('',(3.85132555191321,11.2655957614773,1.55));
#16820=CARTESIAN_POINT('',(3.85132555191321,11.2974285589049,1.55));
#16821=CARTESIAN_POINT('',(3.84843166123797,11.322508944757,1.55));
#16822=CARTESIAN_POINT('',(3.84264387988749,11.3405153756252,1.55));
#16823=CARTESIAN_POINT('',(3.83682598869183,11.3586154815673,1.55));
#16824=CARTESIAN_POINT('',(3.82817442651128,11.3729912598696,1.55));
#16825=CARTESIAN_POINT('',(3.80245095384247,11.3987147325384,1.55));
#16826=CARTESIAN_POINT('',(3.78187217570742,11.4106118386477,1.55));
#16827=CARTESIAN_POINT('',(3.75647024644697,11.4189719672651,1.55));
#16828=CARTESIAN_POINT('',(3.73068271612069,11.4274590025623,1.55));
#16829=CARTESIAN_POINT('',(3.69987860657559,11.4318337035995,1.55));
#16830=CARTESIAN_POINT('',(3.61274034290999,11.4318337035995,1.55));
#16831=CARTESIAN_POINT('',(3.57383359049842,11.4234735749821,1.55));
#16832=CARTESIAN_POINT('',(3.54682394419617,11.4067533177474,1.55));
#16833=CARTESIAN_POINT('',(3.51995820174717,11.3901221438504,1.55));
#16834=CARTESIAN_POINT('',(3.50148632361739,11.3700973691943,1.55));
#16835=CARTESIAN_POINT('',(3.49216156477495,11.346624700384,1.55));
#16836=CARTESIAN_POINT('',(3.48532743844018,11.3294215547827,1.55));
#16837=CARTESIAN_POINT('',(3.48251526252414,11.301930166622,1.55));
#16838=CARTESIAN_POINT('',(3.48219371911578,11.2639880444355,1.55));
#16839=CARTESIAN_POINT('',(3.48190762052838,11.230228411122,1.55));
#16840=CARTESIAN_POINT('',(3.48219371911578,11.1964639286799,1.55));
#16841=CARTESIAN_POINT('',(3.48219371911578,11.1627018708021,1.55));
#16842=CARTESIAN_POINT('',(3.90856027860131,11.0987147325384,1.55));
#16843=CARTESIAN_POINT('',(3.90856027860131,11.0987147325384,1.55));
#16844=CARTESIAN_POINT('',(3.42528053583604,11.0987147325384,1.55));
#16845=CARTESIAN_POINT('',(3.42528053583604,11.0987147325384,1.55));
#16846=CARTESIAN_POINT('',(3.42528053583604,11.1541273799124,1.55));
#16847=CARTESIAN_POINT('',(3.42528053583604,11.2095400272865,1.55));
#16848=CARTESIAN_POINT('',(3.42528053583604,11.2649526746606,1.55));
#16849=CARTESIAN_POINT('',(3.42528053583604,11.3022517100303,1.55));
#16850=CARTESIAN_POINT('',(3.42753133969456,11.3308690733744,1.55));
#16851=CARTESIAN_POINT('',(3.4320329474116,11.3508047646927,1.55));
#16852=CARTESIAN_POINT('',(3.43828617080468,11.3784976111478,1.55));
#16853=CARTESIAN_POINT('',(3.45003937827977,11.401930166622,1.55));
#16854=CARTESIAN_POINT('',(3.46675963551449,11.4212227711236,1.55));
#16855=CARTESIAN_POINT('',(3.48873149638576,11.4465749182828,1.55));
#16856=CARTESIAN_POINT('',(3.51595577699359,11.4659173048857,1.55));
#16857=CARTESIAN_POINT('',(3.5828368059325,11.4909976907377,1.55));
#16858=CARTESIAN_POINT('',(3.62110047152736,11.4974285589049,1.55));
#16859=CARTESIAN_POINT('',(3.70084323680067,11.4974285589049,1.55));
#16860=CARTESIAN_POINT('',(3.7336406644534,11.4932484945963,1.55));
#16861=CARTESIAN_POINT('',(3.79023230432478,11.4758851505448,1.55));
#16862=CARTESIAN_POINT('',(3.81370497313507,11.4649526746606,1.55));
#16863=CARTESIAN_POINT('',(3.83235449081996,11.4517693949178,1.55));
#16864=CARTESIAN_POINT('',(3.85115557049198,11.438478976529,1.55));
#16865=CARTESIAN_POINT('',(3.86547346188105,11.4237951183905,1.55));
#16866=CARTESIAN_POINT('',(3.87608439435694,11.4077179479725,1.55));
#16867=CARTESIAN_POINT('',(3.88664506607716,11.3917169302146,1.55));
#16868=CARTESIAN_POINT('',(3.89505545545019,11.3726697164612,1.55));
#16869=CARTESIAN_POINT('',(3.90598793133443,11.3276536392908,1.55));
#16870=CARTESIAN_POINT('',(3.90856027860131,11.301930166622,1.55));
#16871=CARTESIAN_POINT('',(3.90856027860131,11.2726697164612,1.55));
#16872=CARTESIAN_POINT('',(3.90856027860131,11.2146847218203,1.55));
#16873=CARTESIAN_POINT('',(3.90856027860131,11.1566997271793,1.55));
#16874=CARTESIAN_POINT('',(3.90856027860131,11.0987147325384,1.55));
#16875=CARTESIAN_POINT('',(3.90856027860131,11.0987147325384,1.55));
#16876=CARTESIAN_POINT('',(3.90856027860131,11.0987147325384,1.55));
#16877=CARTESIAN_POINT('',(3.42528053583604,11.0987147325384,1.55));
#16878=CARTESIAN_POINT('',(3.42528053583604,11.0987147325384,1.55));
#16879=CARTESIAN_POINT('',(3.42528053583604,11.0987147325384,1.54));
#16880=CARTESIAN_POINT('',(3.42528053583604,11.1907724071783,1.55));
#16881=CARTESIAN_POINT('',(3.42528053583604,11.1907724071783,1.54));
#16882=CARTESIAN_POINT('',(3.37671261540197,11.4054163527618,1.55));
#16883=CARTESIAN_POINT('',(3.37671261540197,11.4054163527618,1.54));
#16884=CARTESIAN_POINT('',(3.678076845401,11.5415853784709,1.55));
#16885=CARTESIAN_POINT('',(3.678076845401,11.5415853784709,1.54));
#16886=CARTESIAN_POINT('',(3.94501182051386,11.4123926623847,1.55));
#16887=CARTESIAN_POINT('',(3.94501182051386,11.4123926623847,1.54));
#16888=CARTESIAN_POINT('',(3.90856027860131,11.1907842591296,1.55));
#16889=CARTESIAN_POINT('',(3.90856027860131,11.1907842591296,1.54));
#16890=CARTESIAN_POINT('',(3.90856027860131,11.0987147325384,1.55));
#16891=CARTESIAN_POINT('',(3.90856027860131,11.0987147325384,1.54));
#16892=CARTESIAN_POINT('',(3.48219371911578,11.1627018708021,1.55));
#16893=CARTESIAN_POINT('',(3.48219371911578,11.1627018708021,1.54));
#16894=CARTESIAN_POINT('',(3.48219371911578,11.1627018708021,1.54));
#16895=CARTESIAN_POINT('',(3.85132555191321,11.1627018708021,1.54));
#16896=CARTESIAN_POINT('',(3.48219371911578,11.1627018708021,1.55));
#16897=CARTESIAN_POINT('',(3.85132555191321,11.1627018708021,1.55));
#16898=CARTESIAN_POINT('',(3.85132555191321,11.1627018708021,1.55));
#16899=CARTESIAN_POINT('',(3.85132555191321,11.1627018708021,1.54));
#16900=CARTESIAN_POINT('',(3.85132555191321,11.2279361140458,1.55));
#16901=CARTESIAN_POINT('',(3.85132555191321,11.2279361140458,1.54));
#16902=CARTESIAN_POINT('',(3.87935798798632,11.3852953285814,1.55));
#16903=CARTESIAN_POINT('',(3.87935798798632,11.3852953285814,1.54));
#16904=CARTESIAN_POINT('',(3.65966123508778,11.4560039507894,1.55));
#16905=CARTESIAN_POINT('',(3.65966123508778,11.4560039507894,1.54));
#16906=CARTESIAN_POINT('',(3.4556294684708,11.381685144123,1.55));
#16907=CARTESIAN_POINT('',(3.4556294684708,11.381685144123,1.54));
#16908=CARTESIAN_POINT('',(3.48219371911578,11.2279358017502,1.55));
#16909=CARTESIAN_POINT('',(3.48219371911578,11.2279358017502,1.54));
#16910=CARTESIAN_POINT('',(3.48219371911578,11.1627018708021,1.55));
#16911=CARTESIAN_POINT('',(3.48219371911578,11.1627018708021,1.54));
#16912=CARTESIAN_POINT('',(3.85132555191321,11.1627018708021,1.54));
#16913=CARTESIAN_POINT('',(3.85132555191321,11.1969998343605,1.54));
#16914=CARTESIAN_POINT('',(3.85132555191321,11.2312977979189,1.54));
#16915=CARTESIAN_POINT('',(3.85132555191321,11.2655957614773,1.54));
#16916=CARTESIAN_POINT('',(3.85132555191321,11.2974285589049,1.54));
#16917=CARTESIAN_POINT('',(3.84843166123797,11.322508944757,1.54));
#16918=CARTESIAN_POINT('',(3.84264387988749,11.3405153756252,1.54));
#16919=CARTESIAN_POINT('',(3.83682598869183,11.3586154815673,1.54));
#16920=CARTESIAN_POINT('',(3.82817442651128,11.3729912598696,1.54));
#16921=CARTESIAN_POINT('',(3.80245095384247,11.3987147325384,1.54));
#16922=CARTESIAN_POINT('',(3.78187217570742,11.4106118386477,1.54));
#16923=CARTESIAN_POINT('',(3.75647024644697,11.4189719672651,1.54));
#16924=CARTESIAN_POINT('',(3.73068271612069,11.4274590025623,1.54));
#16925=CARTESIAN_POINT('',(3.69987860657559,11.4318337035995,1.54));
#16926=CARTESIAN_POINT('',(3.61274034290999,11.4318337035995,1.54));
#16927=CARTESIAN_POINT('',(3.57383359049842,11.4234735749821,1.54));
#16928=CARTESIAN_POINT('',(3.54682394419617,11.4067533177474,1.54));
#16929=CARTESIAN_POINT('',(3.51995820174717,11.3901221438504,1.54));
#16930=CARTESIAN_POINT('',(3.50148632361739,11.3700973691943,1.54));
#16931=CARTESIAN_POINT('',(3.49216156477495,11.346624700384,1.54));
#16932=CARTESIAN_POINT('',(3.48532743844018,11.3294215547827,1.54));
#16933=CARTESIAN_POINT('',(3.48251526252414,11.301930166622,1.54));
#16934=CARTESIAN_POINT('',(3.48219371911578,11.2639880444355,1.54));
#16935=CARTESIAN_POINT('',(3.48190762052838,11.230228411122,1.54));
#16936=CARTESIAN_POINT('',(3.48219371911578,11.1964639286799,1.54));
#16937=CARTESIAN_POINT('',(3.48219371911578,11.1627018708021,1.54));
#16938=CARTESIAN_POINT('',(0.,0.,1.54));
#16939=CARTESIAN_POINT('',(0.,0.,1.55));
#16940=CARTESIAN_POINT('',(-3.7049883595448,-10.7470586538477,1.55));
#16941=CARTESIAN_POINT('',(-3.7049883595448,-10.7470586538477,1.55));
#16942=CARTESIAN_POINT('',(-3.2049883595448,-10.7470586538477,1.55));
#16943=CARTESIAN_POINT('',(-3.7049883595448,-10.8132595853181,1.55));
#16944=CARTESIAN_POINT('',(-3.7049883595448,-10.8132595853181,1.55));
#16945=CARTESIAN_POINT('',(-3.2049883595448,-10.8132595853181,1.55));
#16946=CARTESIAN_POINT('',(-3.2049883595448,-10.8132595853181,1.55));
#16947=CARTESIAN_POINT('',(-3.2049883595448,-10.7470586538477,1.55));
#16948=CARTESIAN_POINT('',(-3.7049883595448,-10.7470586538477,1.55));
#16949=CARTESIAN_POINT('',(-3.7049883595448,-10.7470586538477,1.55));
#16950=CARTESIAN_POINT('',(-3.2049883595448,-10.7470586538477,1.55));
#16951=CARTESIAN_POINT('',(-3.2049883595448,-10.7470586538477,1.55));
#16952=CARTESIAN_POINT('',(-3.2049883595448,-10.8132595853181,1.55));
#16953=CARTESIAN_POINT('',(-3.2049883595448,-10.8132595853181,1.55));
#16954=CARTESIAN_POINT('',(-3.7049883595448,-10.8132595853181,1.55));
#16955=CARTESIAN_POINT('',(-3.7049883595448,-10.8132595853181,1.55));
#16956=CARTESIAN_POINT('',(0.,0.,1.55));
#16957=CARTESIAN_POINT('',(3.23814227217044,-10.7411555550319,1.55));
#16958=CARTESIAN_POINT('',(3.23814227217044,-10.7411555550319,1.55));
#16959=CARTESIAN_POINT('',(3.29762780271707,-10.7411555550319,1.55));
#16960=CARTESIAN_POINT('',(3.23814227217044,-10.9228275807553,1.55));
#16961=CARTESIAN_POINT('',(3.23814227217044,-10.9228275807553,1.55));
#16962=CARTESIAN_POINT('',(3.29762780271707,-10.9228275807553,1.55));
#16963=CARTESIAN_POINT('',(3.29762780271707,-10.9228275807553,1.55));
#16964=CARTESIAN_POINT('',(3.29762780271707,-10.7411555550319,1.55));
#16965=CARTESIAN_POINT('',(3.23814227217044,-10.7411555550319,1.55));
#16966=CARTESIAN_POINT('',(3.23814227217044,-10.7411555550319,1.55));
#16967=CARTESIAN_POINT('',(3.29762780271707,-10.7411555550319,1.55));
#16968=CARTESIAN_POINT('',(3.29762780271707,-10.7411555550319,1.55));
#16969=CARTESIAN_POINT('',(3.29762780271707,-10.9228275807553,1.55));
#16970=CARTESIAN_POINT('',(3.29762780271707,-10.9228275807553,1.55));
#16971=CARTESIAN_POINT('',(3.23814227217044,-10.9228275807553,1.55));
#16972=CARTESIAN_POINT('',(3.23814227217044,-10.9228275807553,1.55));
#16973=CARTESIAN_POINT('',(0.,0.,1.55));
#16974=CARTESIAN_POINT('',(3.52913905673636,-10.8697729183759,1.55));
#16975=CARTESIAN_POINT('',(3.52913905673636,-10.8697729183759,1.55));
#16976=CARTESIAN_POINT('',(3.90856027860131,-10.8697729183759,1.55));
#16977=CARTESIAN_POINT('',(3.90856027860131,-10.6163967125881,1.55));
#16978=CARTESIAN_POINT('',(3.90856027860131,-10.6163967125881,1.55));
#16979=CARTESIAN_POINT('',(3.90856027860131,-10.551123400691,1.55));
#16980=CARTESIAN_POINT('',(3.90856027860131,-10.551123400691,1.55));
#16981=CARTESIAN_POINT('',(3.42528053583604,-10.551123400691,1.55));
#16982=CARTESIAN_POINT('',(3.42528053583604,-10.551123400691,1.55));
#16983=CARTESIAN_POINT('',(3.42528053583604,-10.6122166482795,1.55));
#16984=CARTESIAN_POINT('',(3.42528053583604,-10.6122166482795,1.55));
#16985=CARTESIAN_POINT('',(3.80470175770099,-10.6122166482795,1.55));
#16986=CARTESIAN_POINT('',(3.80470175770099,-10.6122166482795,1.55));
#16987=CARTESIAN_POINT('',(3.42528053583604,-10.8655928540672,1.55));
#16988=CARTESIAN_POINT('',(3.42528053583604,-10.8655928540672,1.55));
#16989=CARTESIAN_POINT('',(3.42528053583604,-10.9308661659644,1.55));
#16990=CARTESIAN_POINT('',(3.42528053583604,-10.9308661659644,1.55));
#16991=CARTESIAN_POINT('',(3.90856027860131,-10.9308661659644,1.55));
#16992=CARTESIAN_POINT('',(3.90856027860131,-10.9308661659644,1.55));
#16993=CARTESIAN_POINT('',(3.90856027860131,-10.8697729183759,1.55));
#16994=CARTESIAN_POINT('',(3.52913905673636,-10.8697729183759,1.55));
#16995=CARTESIAN_POINT('',(3.52913905673636,-10.8697729183759,1.55));
#16996=CARTESIAN_POINT('',(3.90856027860131,-10.8697729183759,1.55));
#16997=CARTESIAN_POINT('',(3.90856027860131,-10.8697729183759,1.55));
#16998=CARTESIAN_POINT('',(3.90856027860131,-10.9308661659644,1.55));
#16999=CARTESIAN_POINT('',(3.90856027860131,-10.9308661659644,1.55));
#17000=CARTESIAN_POINT('',(3.42528053583604,-10.9308661659644,1.55));
#17001=CARTESIAN_POINT('',(3.42528053583604,-10.9308661659644,1.55));
#17002=CARTESIAN_POINT('',(3.42528053583604,-10.8655928540672,1.55));
#17003=CARTESIAN_POINT('',(3.42528053583604,-10.8655928540672,1.55));
#17004=CARTESIAN_POINT('',(3.80470175770099,-10.6122166482795,1.55));
#17005=CARTESIAN_POINT('',(3.80470175770099,-10.6122166482795,1.55));
#17006=CARTESIAN_POINT('',(3.42528053583604,-10.6122166482795,1.55));
#17007=CARTESIAN_POINT('',(3.42528053583604,-10.6122166482795,1.55));
#17008=CARTESIAN_POINT('',(3.42528053583604,-10.551123400691,1.55));
#17009=CARTESIAN_POINT('',(3.42528053583604,-10.551123400691,1.55));
#17010=CARTESIAN_POINT('',(3.90856027860131,-10.551123400691,1.55));
#17011=CARTESIAN_POINT('',(3.90856027860131,-10.551123400691,1.55));
#17012=CARTESIAN_POINT('',(3.90856027860131,-10.6163967125881,1.55));
#17013=CARTESIAN_POINT('',(3.90856027860131,-10.6163967125881,1.55));
#17014=CARTESIAN_POINT('',(-1.27,10.68,1.54));
#17015=CARTESIAN_POINT('',(1.27,10.68,1.54));
#17016=CARTESIAN_POINT('',(-1.27,-10.68,1.54));
#17017=CARTESIAN_POINT('',(1.27,-10.68,1.54));
#17018=CARTESIAN_POINT('',(3.84311277004914,-0.826887934747226,1.55));
#17019=CARTESIAN_POINT('',(3.66936332904449,-0.708751850980464,1.55));
#17020=CARTESIAN_POINT('',(3.63696437206926,-0.708751850980464,1.55));
#17021=CARTESIAN_POINT('',(3.61049761848386,-0.71879096440941,1.55));
#17022=CARTESIAN_POINT('',(3.5899630682883,-0.739781837942655,1.55));
#17023=CARTESIAN_POINT('',(3.56965662466336,-0.760539535870366,1.55));
#17024=CARTESIAN_POINT('',(3.5589330813261,-0.787239465061301,1.55));
#17025=CARTESIAN_POINT('',(3.5589330813261,-0.853406349024793,1.55));
#17026=CARTESIAN_POINT('',(3.56897219475505,-0.879873102610191,1.55));
#17027=CARTESIAN_POINT('',(3.61004129514618,-0.920942203001325,1.55));
#17028=CARTESIAN_POINT('',(3.63513907871854,-0.930981316430268,1.55));
#17029=CARTESIAN_POINT('',(3.69583008262988,-0.930981316430268,1.55));
#17030=CARTESIAN_POINT('',(3.7218405128776,-0.920485879663646,1.55));
#17031=CARTESIAN_POINT('',(3.74283138641085,-0.899495006130398,1.55));
#17032=CARTESIAN_POINT('',(3.76405042161294,-0.878275970928315,1.55));
#17033=CARTESIAN_POINT('',(3.77431769671072,-0.851581055674077,1.55));
#17034=CARTESIAN_POINT('',(3.7747740200484,-0.819638422036528,1.55));
#17035=CARTESIAN_POINT('',(3.77523015716966,-0.787708823548394,1.55));
#17036=CARTESIAN_POINT('',(3.76427858328178,-0.761229034813581,1.55));
#17037=CARTESIAN_POINT('',(3.74374403308621,-0.740238161280333,1.55));
#17038=CARTESIAN_POINT('',(3.7229863351585,-0.719019181176454,1.55));
#17039=CARTESIAN_POINT('',(3.69811169931828,-0.708751850980464,1.55));
#17040=CARTESIAN_POINT('',(3.66936332904449,-0.708751850980464,1.55));
#17041=CARTESIAN_POINT('',(3.66936332904449,-0.708751850980464,1.55));
#17042=CARTESIAN_POINT('',(3.35267493269507,-0.680916127382029,1.55));
#17043=CARTESIAN_POINT('',(3.32848979579807,-0.680916127382029,1.55));
#17044=CARTESIAN_POINT('',(3.30521730557643,-0.686392007434183,1.55));
#17045=CARTESIAN_POINT('',(3.28285746203015,-0.697800090876163,1.55));
#17046=CARTESIAN_POINT('',(3.26068234951118,-0.709113923794004,1.55));
#17047=CARTESIAN_POINT('',(3.24315733165205,-0.725635814474598,1.55));
#17048=CARTESIAN_POINT('',(3.23083660153471,-0.747995658020882,1.55));
#17049=CARTESIAN_POINT('',(3.21832299097783,-0.770705543846326,1.55));
#17050=CARTESIAN_POINT('',(3.21212734468986,-0.794540638464167,1.55));
#17051=CARTESIAN_POINT('',(3.21212734468986,-0.860707522427662,1.55));
#17052=CARTESIAN_POINT('',(3.22490439814488,-0.894019126078248,1.55));
#17053=CARTESIAN_POINT('',(3.27692525864032,-0.946039986573687,1.55));
#17054=CARTESIAN_POINT('',(3.30978053895322,-0.958817040028707,1.55));
#17055=CARTESIAN_POINT('',(3.39009344638477,-0.958817040028707,1.55));
#17056=CARTESIAN_POINT('',(3.42386137337304,-0.945583663236008,1.55));
#17057=CARTESIAN_POINT('',(3.45032812695844,-0.91866058631293,1.55));
#17058=CARTESIAN_POINT('',(3.4765667522076,-0.891969570973265,1.55));
#17059=CARTESIAN_POINT('',(3.49002825733653,-0.858425905739264,1.55));
#17060=CARTESIAN_POINT('',(3.49002825733653,-0.778112998307715,1.55));
#17061=CARTESIAN_POINT('',(3.47679488054384,-0.745257717994805,1.55));
#17062=CARTESIAN_POINT('',(3.45078445029612,-0.719703611084768,1.55));
#17063=CARTESIAN_POINT('',(3.42431369450134,-0.693697254514458,1.55));
#17064=CARTESIAN_POINT('',(3.39191873973549,-0.680916127382029,1.55));
#17065=CARTESIAN_POINT('',(3.35267493269507,-0.680916127382029,1.55));
#17066=CARTESIAN_POINT('',(3.35267493269507,-0.680916127382029,1.55));
#17067=CARTESIAN_POINT('',(3.52653412435088,-0.725179491136919,1.55));
#17068=CARTESIAN_POINT('',(3.53931117780589,-0.690498917473293,1.55));
#17069=CARTESIAN_POINT('',(3.55756411131307,-0.664488487225577,1.55));
#17070=CARTESIAN_POINT('',(3.58129292487239,-0.647604523731443,1.55));
#17071=CARTESIAN_POINT('',(3.60523729603095,-0.630567182714776,1.55));
#17072=CARTESIAN_POINT('',(3.63331378536783,-0.622050416821403,1.55));
#17073=CARTESIAN_POINT('',(3.71636463282545,-0.622050416821403,1.55));
#17074=CARTESIAN_POINT('',(3.75834637989195,-0.639847026990895,1.55));
#17075=CARTESIAN_POINT('',(3.79257063021789,-0.675896570667557,1.55));
#17076=CARTESIAN_POINT('',(3.82635070942044,-0.711478254094244,1.55));
#17077=CARTESIAN_POINT('',(3.84322252070029,-0.759403741462866,1.55));
#17078=CARTESIAN_POINT('',(3.84322252070029,-0.878504132597154,1.55));
#17079=CARTESIAN_POINT('',(3.82588223386848,-0.926418083053479,1.55));
#17080=CARTESIAN_POINT('',(3.75652108654123,-0.999429817082162,1.55));
#17081=CARTESIAN_POINT('',(3.71408301613706,-1.01768275058933,1.55));
#17082=CARTESIAN_POINT('',(3.63240113869247,-1.01768275058933,1.55));
#17083=CARTESIAN_POINT('',(3.60456541509403,-1.00946893051111,1.55));
#17084=CARTESIAN_POINT('',(3.58129292487239,-0.992584967016971,1.55));
#17085=CARTESIAN_POINT('',(3.55793836541571,-0.975641463097417,1.55));
#17086=CARTESIAN_POINT('',(3.53931117780589,-0.950603219950479,1.55));
#17087=CARTESIAN_POINT('',(3.52653412435088,-0.916378969624532,1.55));
#17088=CARTESIAN_POINT('',(3.52653412435088,-0.725179491136919,1.55));
#17089=CARTESIAN_POINT('',(3.52653412435088,-0.916378969624532,1.55));
#17090=CARTESIAN_POINT('',(3.52653412435088,-0.916378969624532,1.55));
#17091=CARTESIAN_POINT('',(3.5128444242205,-0.958817040028707,1.55));
#17092=CARTESIAN_POINT('',(3.49094090401189,-0.990759673666256,1.55));
#17093=CARTESIAN_POINT('',(3.42979357676287,-1.03456671408346,1.55));
#17094=CARTESIAN_POINT('',(3.39328770974853,-1.04551847418777,1.55));
#17095=CARTESIAN_POINT('',(3.29244025212141,-1.04551847418777,1.55));
#17096=CARTESIAN_POINT('',(3.24315733165205,-1.0249839239922,1.55));
#17097=CARTESIAN_POINT('',(3.20300087793627,-0.983458500263386,1.55));
#17098=CARTESIAN_POINT('',(3.16306494015978,-0.942161110062692,1.55));
#17099=CARTESIAN_POINT('',(3.14322252070029,-0.88763059935074,1.55));
#17100=CARTESIAN_POINT('',(3.14322252070029,-0.752102568059996,1.55));
#17101=CARTESIAN_POINT('',(3.16330074755818,-0.697800090876163,1.55));
#17102=CARTESIAN_POINT('',(3.24361365498973,-0.614749243418537,1.55));
#17103=CARTESIAN_POINT('',(3.29335289879677,-0.594214693222968,1.55));
#17104=CARTESIAN_POINT('',(3.39785094312532,-0.594214693222968,1.55));
#17105=CARTESIAN_POINT('',(3.43526945681502,-0.605622776664951,1.55));
#17106=CARTESIAN_POINT('',(3.46538679710185,-0.628438943548915,1.55));
#17107=CARTESIAN_POINT('',(3.49499456745384,-0.650869072603453,1.55));
#17108=CARTESIAN_POINT('',(3.51558236424657,-0.683197744070427,1.55));
#17109=CARTESIAN_POINT('',(3.52653412435088,-0.725179491136919,1.55));
#17110=CARTESIAN_POINT('',(3.52653412435088,-0.916378969624532,1.55));
#17111=CARTESIAN_POINT('',(3.52653412435088,-0.916378969624532,1.54));
#17112=CARTESIAN_POINT('',(3.49301585540503,-1.02028560335667,1.55));
#17113=CARTESIAN_POINT('',(3.49301585540503,-1.02028560335667,1.54));
#17114=CARTESIAN_POINT('',(3.27653426973875,-1.11373913081184,1.55));
#17115=CARTESIAN_POINT('',(3.27653426973875,-1.11373913081184,1.54));
#17116=CARTESIAN_POINT('',(3.07259376958291,-0.805264087447822,1.55));
#17117=CARTESIAN_POINT('',(3.07259376958291,-0.805264087447822,1.54));
#17118=CARTESIAN_POINT('',(3.29312820564572,-0.52990462432208,1.55));
#17119=CARTESIAN_POINT('',(3.29312820564572,-0.52990462432208,1.54));
#17120=CARTESIAN_POINT('',(3.49929189974318,-0.620750963474082,1.55));
#17121=CARTESIAN_POINT('',(3.49929189974318,-0.620750963474082,1.54));
#17122=CARTESIAN_POINT('',(3.52653412435088,-0.725179491136919,1.55));
#17123=CARTESIAN_POINT('',(3.52653412435088,-0.725179491136919,1.54));
#17124=CARTESIAN_POINT('',(3.52653412435088,-0.916378969624532,1.55));
#17125=CARTESIAN_POINT('',(3.52653412435088,-0.725179491136919,1.55));
#17126=CARTESIAN_POINT('',(3.52653412435088,-0.725179491136919,1.55));
#17127=CARTESIAN_POINT('',(3.52653412435088,-0.725179491136919,1.54));
#17128=CARTESIAN_POINT('',(3.55855602998858,-0.63826289012028,1.55));
#17129=CARTESIAN_POINT('',(3.55855602998858,-0.63826289012028,1.54));
#17130=CARTESIAN_POINT('',(3.7372211419328,-0.568252062590184,1.55));
#17131=CARTESIAN_POINT('',(3.7372211419328,-0.568252062590184,1.54));
#17132=CARTESIAN_POINT('',(3.89926852089351,-0.831683649154897,1.55));
#17133=CARTESIAN_POINT('',(3.89926852089351,-0.831683649154897,1.54));
#17134=CARTESIAN_POINT('',(3.72438139478803,-1.06634094927359,1.55));
#17135=CARTESIAN_POINT('',(3.72438139478803,-1.06634094927359,1.54));
#17136=CARTESIAN_POINT('',(3.55895427837445,-1.00321866790196,1.55));
#17137=CARTESIAN_POINT('',(3.55895427837445,-1.00321866790196,1.54));
#17138=CARTESIAN_POINT('',(3.52653412435088,-0.916378969624532,1.55));
#17139=CARTESIAN_POINT('',(3.52653412435088,-0.916378969624532,1.54));
#17140=CARTESIAN_POINT('',(3.51239949916262,-0.731283316587389,1.55));
#17141=CARTESIAN_POINT('',(3.51239949916262,-0.731283316587389,1.54));
#17142=CARTESIAN_POINT('',(3.36954175250261,-0.671568083327094,1.55));
#17143=CARTESIAN_POINT('',(3.36954175250261,-0.671568083327094,1.54));
#17144=CARTESIAN_POINT('',(3.28235866906346,-0.691323180594416,1.55));
#17145=CARTESIAN_POINT('',(3.28235866906346,-0.691323180594416,1.54));
#17146=CARTESIAN_POINT('',(3.19504497763139,-0.768415670574146,1.55));
#17147=CARTESIAN_POINT('',(3.19504497763139,-0.768415670574146,1.54));
#17148=CARTESIAN_POINT('',(3.22020977243015,-0.965054257947279,1.55));
#17149=CARTESIAN_POINT('',(3.22020977243015,-0.965054257947279,1.54));
#17150=CARTESIAN_POINT('',(3.4823617960924,-0.97388089782603,1.55));
#17151=CARTESIAN_POINT('',(3.4823617960924,-0.97388089782603,1.54));
#17152=CARTESIAN_POINT('',(3.51239949916262,-0.731283316587389,1.55));
#17153=CARTESIAN_POINT('',(3.51239949916262,-0.731283316587389,1.54));
#17154=CARTESIAN_POINT('',(3.36954175250261,-0.671568083327094,1.55));
#17155=CARTESIAN_POINT('',(3.36954175250261,-0.671568083327094,1.54));
#17156=CARTESIAN_POINT('',(3.28235866906346,-0.691323180594416,1.55));
#17157=CARTESIAN_POINT('',(3.28235866906346,-0.691323180594416,1.54));
#17158=CARTESIAN_POINT('',(3.35267493269507,-0.680916127382029,1.54));
#17159=CARTESIAN_POINT('',(3.32848979579807,-0.680916127382029,1.54));
#17160=CARTESIAN_POINT('',(3.30521730557643,-0.686392007434183,1.54));
#17161=CARTESIAN_POINT('',(3.28285746203015,-0.697800090876163,1.54));
#17162=CARTESIAN_POINT('',(3.26068234951118,-0.709113923794004,1.54));
#17163=CARTESIAN_POINT('',(3.24315733165205,-0.725635814474598,1.54));
#17164=CARTESIAN_POINT('',(3.23083660153471,-0.747995658020882,1.54));
#17165=CARTESIAN_POINT('',(3.21832299097783,-0.770705543846326,1.54));
#17166=CARTESIAN_POINT('',(3.21212734468986,-0.794540638464167,1.54));
#17167=CARTESIAN_POINT('',(3.21212734468986,-0.860707522427662,1.54));
#17168=CARTESIAN_POINT('',(3.22490439814488,-0.894019126078248,1.54));
#17169=CARTESIAN_POINT('',(3.27692525864032,-0.946039986573687,1.54));
#17170=CARTESIAN_POINT('',(3.30978053895322,-0.958817040028707,1.54));
#17171=CARTESIAN_POINT('',(3.39009344638477,-0.958817040028707,1.54));
#17172=CARTESIAN_POINT('',(3.42386137337304,-0.945583663236008,1.54));
#17173=CARTESIAN_POINT('',(3.45032812695844,-0.91866058631293,1.54));
#17174=CARTESIAN_POINT('',(3.4765667522076,-0.891969570973265,1.54));
#17175=CARTESIAN_POINT('',(3.49002825733653,-0.858425905739264,1.54));
#17176=CARTESIAN_POINT('',(3.49002825733653,-0.778112998307715,1.54));
#17177=CARTESIAN_POINT('',(3.47679488054384,-0.745257717994805,1.54));
#17178=CARTESIAN_POINT('',(3.45078445029612,-0.719703611084768,1.54));
#17179=CARTESIAN_POINT('',(3.42431369450134,-0.693697254514458,1.54));
#17180=CARTESIAN_POINT('',(3.39191873973549,-0.680916127382029,1.54));
#17181=CARTESIAN_POINT('',(3.35267493269507,-0.680916127382029,1.54));
#17182=CARTESIAN_POINT('',(3.35267493269507,-0.680916127382029,1.54));
#17183=CARTESIAN_POINT('',(3.7565916343937,-0.734849882218262,1.55));
#17184=CARTESIAN_POINT('',(3.7565916343937,-0.734849882218262,1.54));
#17185=CARTESIAN_POINT('',(3.67149346703619,-0.69772710384619,1.55));
#17186=CARTESIAN_POINT('',(3.67149346703619,-0.69772710384619,1.54));
#17187=CARTESIAN_POINT('',(3.55554677637662,-0.73688403122639,1.55));
#17188=CARTESIAN_POINT('',(3.55554677637662,-0.73688403122639,1.54));
#17189=CARTESIAN_POINT('',(3.54600141623775,-0.928042854273534,1.55));
#17190=CARTESIAN_POINT('',(3.54600141623775,-0.928042854273534,1.54));
#17191=CARTESIAN_POINT('',(3.72859073174622,-0.946056663767124,1.55));
#17192=CARTESIAN_POINT('',(3.72859073174622,-0.946056663767124,1.54));
#17193=CARTESIAN_POINT('',(3.7873643107891,-0.830416081683141,1.55));
#17194=CARTESIAN_POINT('',(3.7873643107891,-0.830416081683141,1.54));
#17195=CARTESIAN_POINT('',(3.7565916343937,-0.734849882218262,1.55));
#17196=CARTESIAN_POINT('',(3.7565916343937,-0.734849882218262,1.54));
#17197=CARTESIAN_POINT('',(3.67149346703619,-0.69772710384619,1.55));
#17198=CARTESIAN_POINT('',(3.67149346703619,-0.69772710384619,1.54));
#17199=CARTESIAN_POINT('',(3.55554677637662,-0.73688403122639,1.55));
#17200=CARTESIAN_POINT('',(3.55554677637662,-0.73688403122639,1.54));
#17201=CARTESIAN_POINT('',(3.66936332904449,-0.708751850980464,1.54));
#17202=CARTESIAN_POINT('',(3.63696437206926,-0.708751850980464,1.54));
#17203=CARTESIAN_POINT('',(3.61049761848386,-0.71879096440941,1.54));
#17204=CARTESIAN_POINT('',(3.5899630682883,-0.739781837942655,1.54));
#17205=CARTESIAN_POINT('',(3.56965662466336,-0.760539535870366,1.54));
#17206=CARTESIAN_POINT('',(3.5589330813261,-0.787239465061301,1.54));
#17207=CARTESIAN_POINT('',(3.5589330813261,-0.853406349024793,1.54));
#17208=CARTESIAN_POINT('',(3.56897219475505,-0.879873102610191,1.54));
#17209=CARTESIAN_POINT('',(3.61004129514618,-0.920942203001325,1.54));
#17210=CARTESIAN_POINT('',(3.63513907871854,-0.930981316430268,1.54));
#17211=CARTESIAN_POINT('',(3.69583008262988,-0.930981316430268,1.54));
#17212=CARTESIAN_POINT('',(3.7218405128776,-0.920485879663646,1.54));
#17213=CARTESIAN_POINT('',(3.74283138641085,-0.899495006130398,1.54));
#17214=CARTESIAN_POINT('',(3.76405042161294,-0.878275970928315,1.54));
#17215=CARTESIAN_POINT('',(3.77431769671072,-0.851581055674077,1.54));
#17216=CARTESIAN_POINT('',(3.7747740200484,-0.819638422036528,1.54));
#17217=CARTESIAN_POINT('',(3.77523015716966,-0.787708823548394,1.54));
#17218=CARTESIAN_POINT('',(3.76427858328178,-0.761229034813581,1.54));
#17219=CARTESIAN_POINT('',(3.74374403308621,-0.740238161280333,1.54));
#17220=CARTESIAN_POINT('',(3.7229863351585,-0.719019181176454,1.54));
#17221=CARTESIAN_POINT('',(3.69811169931828,-0.708751850980464,1.54));
#17222=CARTESIAN_POINT('',(3.66936332904449,-0.708751850980464,1.54));
#17223=CARTESIAN_POINT('',(3.66936332904449,-0.708751850980464,1.54));
#17224=CARTESIAN_POINT('',(3.68998957046544,-0.190328407700774,1.55));
#17225=CARTESIAN_POINT('',(3.75971534990498,0.236293781353304,1.55));
#17226=CARTESIAN_POINT('',(3.75971534990498,0.236293781353304,1.55));
#17227=CARTESIAN_POINT('',(3.51466971757122,0.236293781353304,1.55));
#17228=CARTESIAN_POINT('',(3.51466971757122,0.236293781353304,1.55));
#17229=CARTESIAN_POINT('',(3.51466971757122,0.177428070792678,1.55));
#17230=CARTESIAN_POINT('',(3.51466971757122,0.118562360232052,1.55));
#17231=CARTESIAN_POINT('',(3.51466971757122,0.0596966496714257,1.55));
#17232=CARTESIAN_POINT('',(3.51466971757122,0.000830939110799817,1.55));
#17233=CARTESIAN_POINT('',(3.52562147767552,-0.0406944846180132,1.55));
#17234=CARTESIAN_POINT('',(3.54752499788412,-0.0653359448526958,1.55));
#17235=CARTESIAN_POINT('',(3.56920192995264,-0.0897224934297766,1.55));
#17236=CARTESIAN_POINT('',(3.60000218171724,-0.101841811867037,1.55));
#17237=CARTESIAN_POINT('',(3.66799435903145,-0.101841811867037,1.55));
#17238=CARTESIAN_POINT('',(3.69263581926613,-0.0949969618018465,1.55));
#17239=CARTESIAN_POINT('',(3.73370491965726,-0.0657922681903747,1.55));
#17240=CARTESIAN_POINT('',(3.74693829644996,-0.0466266880078461,1.55));
#17241=CARTESIAN_POINT('',(3.75378314651515,-0.0228978744485214,1.55));
#17242=CARTESIAN_POINT('',(3.75810879263009,-0.00790230125005675,1.55));
#17243=CARTESIAN_POINT('',(3.75971534990498,0.0204528426310073,1.55));
#17244=CARTESIAN_POINT('',(3.75971534990498,0.0615219430221414,1.55));
#17245=CARTESIAN_POINT('',(3.75971534990498,0.119779222465862,1.55));
#17246=CARTESIAN_POINT('',(3.75971534990498,0.178036501909583,1.55));
#17247=CARTESIAN_POINT('',(3.75971534990498,0.236293781353304,1.55));
#17248=CARTESIAN_POINT('',(3.43344416346431,0.236293781353304,1.55));
#17249=CARTESIAN_POINT('',(3.43344416346431,0.236293781353304,1.55));
#17250=CARTESIAN_POINT('',(3.15508692747995,0.236293781353304,1.55));
#17251=CARTESIAN_POINT('',(3.84094090401189,0.327102125551478,1.55));
#17252=CARTESIAN_POINT('',(3.84094090401189,0.241161230288549,1.55));
#17253=CARTESIAN_POINT('',(3.84094090401189,0.155220335025619,1.55));
#17254=CARTESIAN_POINT('',(3.84094090401189,0.06927943976269,1.55));
#17255=CARTESIAN_POINT('',(3.84094090401189,0.0236471059947632,1.55));
#17256=CARTESIAN_POINT('',(3.8386592873235,-0.0110334676688625,1.55));
#17257=CARTESIAN_POINT('',(3.83455237728438,-0.0352186045658627,1.55));
#17258=CARTESIAN_POINT('',(3.82888796779791,-0.0685756826528695,1.55));
#17259=CARTESIAN_POINT('',(3.81812473712793,-0.0968222551525656,1.55));
#17260=CARTESIAN_POINT('',(3.80215342030915,-0.119638422036529,1.55));
#17261=CARTESIAN_POINT('',(3.78633216955445,-0.142240208828963,1.55));
#17262=CARTESIAN_POINT('',(3.76427858328178,-0.160707522427663,1.55));
#17263=CARTESIAN_POINT('',(3.73598653634566,-0.174397222558041,1.55));
#17264=CARTESIAN_POINT('',(3.70751557680245,-0.188173493304758,1.55));
#17265=CARTESIAN_POINT('',(3.67620817910968,-0.195388096091285,1.55));
#17266=CARTESIAN_POINT('',(3.58403086489846,-0.195388096091285,1.55));
#17267=CARTESIAN_POINT('',(3.5347479444291,-0.176678839246436,1.55));
#17268=CARTESIAN_POINT('',(3.45352239032219,-0.102754458542395,1.55));
#17269=CARTESIAN_POINT('',(3.43344416346431,-0.0356749279035416,1.55));
#17270=CARTESIAN_POINT('',(3.43344416346431,0.0610656196844625,1.55));
#17271=CARTESIAN_POINT('',(3.43344416346431,0.11947500690741,1.55));
#17272=CARTESIAN_POINT('',(3.43344416346431,0.177884394130357,1.55));
#17273=CARTESIAN_POINT('',(3.43344416346431,0.236293781353304,1.55));
#17274=CARTESIAN_POINT('',(3.84094090401189,0.327102125551478,1.55));
#17275=CARTESIAN_POINT('',(3.15508692747995,0.327102125551478,1.55));
#17276=CARTESIAN_POINT('',(3.15508692747995,0.327102125551478,1.55));
#17277=CARTESIAN_POINT('',(3.15508692747995,0.236293781353304,1.55));
#17278=CARTESIAN_POINT('',(3.43344416346431,0.236293781353304,1.55));
#17279=CARTESIAN_POINT('',(3.43344416346431,0.236293781353304,1.55));
#17280=CARTESIAN_POINT('',(3.15508692747995,0.236293781353304,1.55));
#17281=CARTESIAN_POINT('',(3.15508692747995,0.236293781353304,1.55));
#17282=CARTESIAN_POINT('',(3.15508692747995,0.327102125551478,1.55));
#17283=CARTESIAN_POINT('',(3.15508692747995,0.327102125551478,1.55));
#17284=CARTESIAN_POINT('',(3.84094090401189,0.327102125551478,1.55));
#17285=CARTESIAN_POINT('',(3.84094090401189,0.327102125551478,1.55));
#17286=CARTESIAN_POINT('',(3.84094090401189,0.327102125551478,1.54));
#17287=CARTESIAN_POINT('',(3.84094090401189,0.227899143136318,1.55));
#17288=CARTESIAN_POINT('',(3.84094090401189,0.227899143136318,1.54));
#17289=CARTESIAN_POINT('',(3.84840204669484,0.0686177540442646,1.55));
#17290=CARTESIAN_POINT('',(3.84840204669484,0.0686177540442646,1.54));
#17291=CARTESIAN_POINT('',(3.82562116680283,-0.124270874386287,1.55));
#17292=CARTESIAN_POINT('',(3.82562116680283,-0.124270874386287,1.54));
#17293=CARTESIAN_POINT('',(3.69038723935601,-0.207257115368019,1.55));
#17294=CARTESIAN_POINT('',(3.69038723935601,-0.207257115368019,1.54));
#17295=CARTESIAN_POINT('',(3.55276729856576,-0.188671110346277,1.55));
#17296=CARTESIAN_POINT('',(3.55276729856576,-0.188671110346277,1.54));
#17297=CARTESIAN_POINT('',(3.44454976810127,-0.117343005816291,1.55));
#17298=CARTESIAN_POINT('',(3.44454976810127,-0.117343005816291,1.54));
#17299=CARTESIAN_POINT('',(3.43027113356803,0.103480405571334,1.55));
#17300=CARTESIAN_POINT('',(3.43027113356803,0.103480405571334,1.54));
#17301=CARTESIAN_POINT('',(3.43344416346431,0.186688714540789,1.55));
#17302=CARTESIAN_POINT('',(3.43344416346431,0.186688714540789,1.54));
#17303=CARTESIAN_POINT('',(3.43344416346431,0.236293781353304,1.55));
#17304=CARTESIAN_POINT('',(3.43344416346431,0.236293781353304,1.54));
#17305=CARTESIAN_POINT('',(3.75971534990498,0.236293781353304,1.55));
#17306=CARTESIAN_POINT('',(3.75971534990498,0.236293781353304,1.54));
#17307=CARTESIAN_POINT('',(3.75971534990498,0.236293781353304,1.54));
#17308=CARTESIAN_POINT('',(3.51466971757122,0.236293781353304,1.54));
#17309=CARTESIAN_POINT('',(3.75971534990498,0.236293781353304,1.55));
#17310=CARTESIAN_POINT('',(3.51466971757122,0.236293781353304,1.55));
#17311=CARTESIAN_POINT('',(3.51466971757122,0.236293781353304,1.55));
#17312=CARTESIAN_POINT('',(3.51466971757122,0.236293781353304,1.54));
#17313=CARTESIAN_POINT('',(3.51466971757122,0.167951974202297,1.55));
#17314=CARTESIAN_POINT('',(3.51466971757122,0.167951974202297,1.54));
#17315=CARTESIAN_POINT('',(3.50605491767693,0.0537629239611354,1.55));
#17316=CARTESIAN_POINT('',(3.50605491767693,0.0537629239611354,1.54));
#17317=CARTESIAN_POINT('',(3.53360159050855,-0.073396409659502,1.55));
#17318=CARTESIAN_POINT('',(3.53360159050855,-0.073396409659502,1.54));
#17319=CARTESIAN_POINT('',(3.63474283537771,-0.116929617573472,1.55));
#17320=CARTESIAN_POINT('',(3.63474283537771,-0.116929617573472,1.54));
#17321=CARTESIAN_POINT('',(3.74924738077465,-0.0698199768668462,1.55));
#17322=CARTESIAN_POINT('',(3.74924738077465,-0.0698199768668462,1.54));
#17323=CARTESIAN_POINT('',(3.76146225968661,0.0166662651020681,1.55));
#17324=CARTESIAN_POINT('',(3.76146225968661,0.0166662651020681,1.54));
#17325=CARTESIAN_POINT('',(3.75921623282452,0.137963544426745,1.55));
#17326=CARTESIAN_POINT('',(3.75921623282452,0.137963544426745,1.54));
#17327=CARTESIAN_POINT('',(3.75971534990498,0.202125093747595,1.55));
#17328=CARTESIAN_POINT('',(3.75971534990498,0.202125093747595,1.54));
#17329=CARTESIAN_POINT('',(3.75971534990498,0.236293781353304,1.55));
#17330=CARTESIAN_POINT('',(3.75971534990498,0.236293781353304,1.54));
#17331=CARTESIAN_POINT('',(3.51466971757122,0.236293781353304,1.54));
#17332=CARTESIAN_POINT('',(3.51466971757122,0.177428070792678,1.54));
#17333=CARTESIAN_POINT('',(3.51466971757122,0.118562360232052,1.54));
#17334=CARTESIAN_POINT('',(3.51466971757122,0.0596966496714257,1.54));
#17335=CARTESIAN_POINT('',(3.51466971757122,0.000830939110799817,1.54));
#17336=CARTESIAN_POINT('',(3.52562147767552,-0.0406944846180132,1.54));
#17337=CARTESIAN_POINT('',(3.54752499788412,-0.0653359448526958,1.54));
#17338=CARTESIAN_POINT('',(3.56920192995264,-0.0897224934297766,1.54));
#17339=CARTESIAN_POINT('',(3.60000218171724,-0.101841811867037,1.54));
#17340=CARTESIAN_POINT('',(3.66799435903145,-0.101841811867037,1.54));
#17341=CARTESIAN_POINT('',(3.69263581926613,-0.0949969618018465,1.54));
#17342=CARTESIAN_POINT('',(3.73370491965726,-0.0657922681903747,1.54));
#17343=CARTESIAN_POINT('',(3.74693829644996,-0.0466266880078461,1.54));
#17344=CARTESIAN_POINT('',(3.75378314651515,-0.0228978744485214,1.54));
#17345=CARTESIAN_POINT('',(3.75810879263009,-0.00790230125005675,1.54));
#17346=CARTESIAN_POINT('',(3.75971534990498,0.0204528426310073,1.54));
#17347=CARTESIAN_POINT('',(3.75971534990498,0.0615219430221414,1.54));
#17348=CARTESIAN_POINT('',(3.75971534990498,0.119779222465862,1.54));
#17349=CARTESIAN_POINT('',(3.75971534990498,0.178036501909583,1.54));
#17350=CARTESIAN_POINT('',(3.75971534990498,0.236293781353304,1.54));
#17351=CARTESIAN_POINT('',(0.,0.,1.54));
#17352=CARTESIAN_POINT('',(3.68046117367131,0.82241461149828,1.55));
#17353=CARTESIAN_POINT('',(3.44530857024397,0.681209035590592,1.55));
#17354=CARTESIAN_POINT('',(3.44530857024397,0.681209035590592,1.55));
#17355=CARTESIAN_POINT('',(3.15508692747995,0.681209035590592,1.55));
#17356=CARTESIAN_POINT('',(3.84094090401189,0.408327679658389,1.55));
#17357=CARTESIAN_POINT('',(3.84094090401189,0.408327679658389,1.55));
#17358=CARTESIAN_POINT('',(3.84094090401189,0.513738370662299,1.55));
#17359=CARTESIAN_POINT('',(3.84094090401189,0.513738370662299,1.55));
#17360=CARTESIAN_POINT('',(3.51740765759729,0.721821812644047,1.55));
#17361=CARTESIAN_POINT('',(3.55391352461163,0.701287262448478,1.55));
#17362=CARTESIAN_POINT('',(3.59452630166509,0.67618947887612,1.55));
#17363=CARTESIAN_POINT('',(3.63924598875765,0.646528461926966,1.55));
#17364=CARTESIAN_POINT('',(3.70632605835675,0.602036579029609,1.55));
#17365=CARTESIAN_POINT('',(3.77370926559381,0.558001734417189,1.55));
#17366=CARTESIAN_POINT('',(3.84094090401189,0.513738370662299,1.55));
#17367=CARTESIAN_POINT('',(3.51740765759729,0.721821812644047,1.55));
#17368=CARTESIAN_POINT('',(3.84094090401189,0.927167314599717,1.55));
#17369=CARTESIAN_POINT('',(3.77173186446387,0.881991304169469,1.55));
#17370=CARTESIAN_POINT('',(3.70252282491585,0.836815293739222,1.55));
#17371=CARTESIAN_POINT('',(3.63331378536783,0.791639283308974,1.55));
#17372=CARTESIAN_POINT('',(3.59494727792753,0.766595650979817,1.55));
#17373=CARTESIAN_POINT('',(3.55619514130003,0.74326900951497,1.55));
#17374=CARTESIAN_POINT('',(3.51740765759729,0.721821812644047,1.55));
#17375=CARTESIAN_POINT('',(3.84094090401189,0.927167314599717,1.55));
#17376=CARTESIAN_POINT('',(3.84094090401189,1.03622859230506,1.55));
#17377=CARTESIAN_POINT('',(3.84094090401189,1.03622859230506,1.55));
#17378=CARTESIAN_POINT('',(3.44530857024397,0.772017379788766,1.55));
#17379=CARTESIAN_POINT('',(3.44530857024397,0.772017379788766,1.55));
#17380=CARTESIAN_POINT('',(3.15508692747995,0.772017379788766,1.55));
#17381=CARTESIAN_POINT('',(3.15508692747995,0.772017379788766,1.55));
#17382=CARTESIAN_POINT('',(3.15508692747995,0.681209035590592,1.55));
#17383=CARTESIAN_POINT('',(3.44530857024397,0.681209035590592,1.55));
#17384=CARTESIAN_POINT('',(3.44530857024397,0.681209035590592,1.55));
#17385=CARTESIAN_POINT('',(3.15508692747995,0.681209035590592,1.55));
#17386=CARTESIAN_POINT('',(3.15508692747995,0.681209035590592,1.55));
#17387=CARTESIAN_POINT('',(3.15508692747995,0.772017379788766,1.55));
#17388=CARTESIAN_POINT('',(3.15508692747995,0.772017379788766,1.55));
#17389=CARTESIAN_POINT('',(3.44530857024397,0.772017379788766,1.55));
#17390=CARTESIAN_POINT('',(3.44530857024397,0.772017379788766,1.55));
#17391=CARTESIAN_POINT('',(3.84094090401189,1.03622859230506,1.55));
#17392=CARTESIAN_POINT('',(3.84094090401189,1.03622859230506,1.55));
#17393=CARTESIAN_POINT('',(3.84094090401189,0.927167314599717,1.55));
#17394=CARTESIAN_POINT('',(3.84094090401189,0.927167314599717,1.55));
#17395=CARTESIAN_POINT('',(3.84094090401189,0.927167314599717,1.54));
#17396=CARTESIAN_POINT('',(3.73395441711817,0.857332179198759,1.55));
#17397=CARTESIAN_POINT('',(3.73395441711817,0.857332179198759,1.54));
#17398=CARTESIAN_POINT('',(3.62725458766722,0.782560703388587,1.55));
#17399=CARTESIAN_POINT('',(3.62725458766722,0.782560703388587,1.54));
#17400=CARTESIAN_POINT('',(3.51740765759729,0.721821812644047,1.55));
#17401=CARTESIAN_POINT('',(3.51740765759729,0.721821812644047,1.54));
#17402=CARTESIAN_POINT('',(3.51740765759729,0.721821812644047,1.55));
#17403=CARTESIAN_POINT('',(3.51740765759729,0.721821812644047,1.55));
#17404=CARTESIAN_POINT('',(3.51740765759729,0.721821812644047,1.54));
#17405=CARTESIAN_POINT('',(3.61545003147246,0.666672977339259,1.55));
#17406=CARTESIAN_POINT('',(3.61545003147246,0.666672977339259,1.54));
#17407=CARTESIAN_POINT('',(3.73382482339112,0.584260496138876,1.55));
#17408=CARTESIAN_POINT('',(3.73382482339112,0.584260496138876,1.54));
#17409=CARTESIAN_POINT('',(3.84094090401189,0.513738370662299,1.55));
#17410=CARTESIAN_POINT('',(3.84094090401189,0.513738370662299,1.54));
#17411=CARTESIAN_POINT('',(3.84094090401189,0.513738370662299,1.55));
#17412=CARTESIAN_POINT('',(3.84094090401189,0.513738370662299,1.55));
#17413=CARTESIAN_POINT('',(3.84094090401189,0.408327679658389,1.55));
#17414=CARTESIAN_POINT('',(3.84094090401189,0.408327679658389,1.55));
#17415=CARTESIAN_POINT('',(2.66311042427216,-4.91733337773646,1.55));
#17416=CARTESIAN_POINT('',(3.00926101011528,-5.11795706676831,1.55));
#17417=CARTESIAN_POINT('',(3.00926101011528,-5.11795706676831,1.55));
#17418=CARTESIAN_POINT('',(3.00926101011528,-4.73605420582353,1.55));
#17419=CARTESIAN_POINT('',(3.00926101011528,-4.73605420582353,1.55));
#17420=CARTESIAN_POINT('',(2.97377642373249,-4.73605420582353,1.55));
#17421=CARTESIAN_POINT('',(2.9382918373497,-4.73605420582353,1.55));
#17422=CARTESIAN_POINT('',(2.90280725096691,-4.73605420582353,1.55));
#17423=CARTESIAN_POINT('',(2.86987311923038,-4.73605420582353,1.55));
#17424=CARTESIAN_POINT('',(2.84392501543796,-4.73904821779958,1.55));
#17425=CARTESIAN_POINT('',(2.825295607587,-4.74536890974901,1.55));
#17426=CARTESIAN_POINT('',(2.80676741756536,-4.75165525993492,1.55));
#17427=CARTESIAN_POINT('',(2.79169613985579,-4.76000630163191,1.55));
#17428=CARTESIAN_POINT('',(2.78071809594362,-4.77131701354143,1.55));
#17429=CARTESIAN_POINT('',(2.76531949448284,-4.78718223928889,1.55));
#17430=CARTESIAN_POINT('',(2.75277398416717,-4.80791049324868,1.55));
#17431=CARTESIAN_POINT('',(2.74412461623637,-4.83452393303577,1.55));
#17432=CARTESIAN_POINT('',(2.73554125535308,-4.8609342742151,1.55));
#17433=CARTESIAN_POINT('',(2.73081789634282,-4.89307350056737,1.55));
#17434=CARTESIAN_POINT('',(2.73081789634282,-4.98322652784615,1.55));
#17435=CARTESIAN_POINT('',(2.73946726427363,-5.02314668752679,1.55));
#17436=CARTESIAN_POINT('',(2.75676600013524,-5.05142346730057,1.55));
#17437=CARTESIAN_POINT('',(2.77382604863527,-5.07931008504102,1.55));
#17438=CARTESIAN_POINT('',(2.79469015183184,-5.09832965492533,1.55));
#17439=CARTESIAN_POINT('',(2.81897491563756,-5.10764435885081,1.55));
#17440=CARTESIAN_POINT('',(2.83668098340823,-5.11443572731079,1.55));
#17441=CARTESIAN_POINT('',(2.86521576726764,-5.11795706676831,1.55));
#17442=CARTESIAN_POINT('',(2.9044705909536,-5.11795706676831,1.55));
#17443=CARTESIAN_POINT('',(2.93940073067416,-5.11795706676831,1.55));
#17444=CARTESIAN_POINT('',(2.97433087039472,-5.11795706676831,1.55));
#17445=CARTESIAN_POINT('',(3.00926101011528,-5.11795706676831,1.55));
#17446=CARTESIAN_POINT('',(3.07546194158567,-4.67717197029459,1.55));
#17447=CARTESIAN_POINT('',(3.07546194158567,-4.67717197029459,1.55));
#17448=CARTESIAN_POINT('',(3.07546194158567,-5.17717197029459,1.55));
#17449=CARTESIAN_POINT('',(3.07546194158567,-5.17717197029459,1.55));
#17450=CARTESIAN_POINT('',(3.01813215671097,-5.17717197029459,1.55));
#17451=CARTESIAN_POINT('',(2.96080237183628,-5.17717197029459,1.55));
#17452=CARTESIAN_POINT('',(2.90347258696158,-5.17717197029459,1.55));
#17453=CARTESIAN_POINT('',(2.8648830992703,-5.17717197029459,1.55));
#17454=CARTESIAN_POINT('',(2.83527564750716,-5.17484329431322,1.55));
#17455=CARTESIAN_POINT('',(2.81465023167216,-5.16985327435314,1.55));
#17456=CARTESIAN_POINT('',(2.78610210142328,-5.16294646864776,1.55));
#17457=CARTESIAN_POINT('',(2.76175602009531,-5.15155653449951,1.55));
#17458=CARTESIAN_POINT('',(2.74146327225766,-5.1342577986379,1.55));
#17459=CARTESIAN_POINT('',(2.71523904108317,-5.11190271632522,1.55));
#17460=CARTESIAN_POINT('',(2.69555508862492,-5.08335959504509,1.55));
#17461=CARTESIAN_POINT('',(2.68258103672872,-5.04876212332187,1.55));
#17462=CARTESIAN_POINT('',(2.66949761453201,-5.01387299746399,1.55));
#17463=CARTESIAN_POINT('',(2.66295362488573,-4.97424449191801,1.55));
#17464=CARTESIAN_POINT('',(2.66295362488573,-4.89174282857802,1.55));
#17465=CARTESIAN_POINT('',(2.66727830885114,-4.85814336084682,1.55));
#17466=CARTESIAN_POINT('',(2.68524238070742,-4.79959379331521,1.55));
#17467=CARTESIAN_POINT('',(2.69655309261694,-4.77497636151215,1.55));
#17468=CARTESIAN_POINT('',(2.71019248050782,-4.75601428566385,1.55));
#17469=CARTESIAN_POINT('',(2.72410299619045,-4.73667527605629,1.55));
#17470=CARTESIAN_POINT('',(2.73913459627629,-4.72141681394063,1.55));
#17471=CARTESIAN_POINT('',(2.75576799614322,-4.71043877002845,1.55));
#17472=CARTESIAN_POINT('',(2.77216966851131,-4.69961366626551,1.55));
#17473=CARTESIAN_POINT('',(2.79202880785313,-4.69114402618281,1.55));
#17474=CARTESIAN_POINT('',(2.83860232748055,-4.6798333142733,1.55));
#17475=CARTESIAN_POINT('',(2.86521576726764,-4.67717197029459,1.55));
#17476=CARTESIAN_POINT('',(2.89548855502545,-4.67717197029459,1.55));
#17477=CARTESIAN_POINT('',(2.95547968387886,-4.67717197029459,1.55));
#17478=CARTESIAN_POINT('',(3.01547081273226,-4.67717197029459,1.55));
#17479=CARTESIAN_POINT('',(3.07546194158567,-4.67717197029459,1.55));
#17480=CARTESIAN_POINT('',(3.07546194158567,-4.67717197029459,1.55));
#17481=CARTESIAN_POINT('',(3.07546194158567,-4.67717197029459,1.55));
#17482=CARTESIAN_POINT('',(3.07546194158567,-5.17717197029459,1.55));
#17483=CARTESIAN_POINT('',(3.07546194158567,-5.17717197029459,1.55));
#17484=CARTESIAN_POINT('',(3.07546194158567,-5.17717197029459,1.54));
#17485=CARTESIAN_POINT('',(2.98021372236227,-5.17717197029459,1.55));
#17486=CARTESIAN_POINT('',(2.98021372236227,-5.17717197029459,1.54));
#17487=CARTESIAN_POINT('',(2.75746033604831,-5.22826101327592,1.55));
#17488=CARTESIAN_POINT('',(2.75746033604831,-5.22826101327592,1.54));
#17489=CARTESIAN_POINT('',(2.6202272703239,-4.91008070669583,1.55));
#17490=CARTESIAN_POINT('',(2.6202272703239,-4.91008070669583,1.54));
#17491=CARTESIAN_POINT('',(2.72028215196154,-4.68119380641558,1.55));
#17492=CARTESIAN_POINT('',(2.72028215196154,-4.68119380641558,1.54));
#17493=CARTESIAN_POINT('',(2.93694127474415,-4.67636760307039,1.55));
#17494=CARTESIAN_POINT('',(2.93694127474415,-4.67636760307039,1.54));
#17495=CARTESIAN_POINT('',(3.02783543595695,-4.67717197029459,1.55));
#17496=CARTESIAN_POINT('',(3.02783543595695,-4.67717197029459,1.54));
#17497=CARTESIAN_POINT('',(3.07546194158567,-4.67717197029459,1.55));
#17498=CARTESIAN_POINT('',(3.07546194158567,-4.67717197029459,1.54));
#17499=CARTESIAN_POINT('',(3.00926101011528,-5.11795706676831,1.55));
#17500=CARTESIAN_POINT('',(3.00926101011528,-5.11795706676831,1.54));
#17501=CARTESIAN_POINT('',(3.00926101011528,-5.11795706676831,1.54));
#17502=CARTESIAN_POINT('',(3.00926101011528,-4.73605420582353,1.54));
#17503=CARTESIAN_POINT('',(3.00926101011528,-5.11795706676831,1.55));
#17504=CARTESIAN_POINT('',(3.00926101011528,-4.73605420582353,1.55));
#17505=CARTESIAN_POINT('',(3.00926101011528,-4.73605420582353,1.55));
#17506=CARTESIAN_POINT('',(3.00926101011528,-4.73605420582353,1.54));
#17507=CARTESIAN_POINT('',(2.94178094375361,-4.73605420582353,1.55));
#17508=CARTESIAN_POINT('',(2.94178094375361,-4.73605420582353,1.54));
#17509=CARTESIAN_POINT('',(2.77940963370795,-4.70719125186603,1.55));
#17510=CARTESIAN_POINT('',(2.77940963370795,-4.70719125186603,1.54));
#17511=CARTESIAN_POINT('',(2.70569519404985,-4.93566402630465,1.55));
#17512=CARTESIAN_POINT('',(2.70569519404985,-4.93566402630465,1.54));
#17513=CARTESIAN_POINT('',(2.78273864843176,-5.14527550970159,1.55));
#17514=CARTESIAN_POINT('',(2.78273864843176,-5.14527550970159,1.54));
#17515=CARTESIAN_POINT('',(2.94177362337398,-5.11795706676831,1.55));
#17516=CARTESIAN_POINT('',(2.94177362337398,-5.11795706676831,1.54));
#17517=CARTESIAN_POINT('',(3.00926101011528,-5.11795706676831,1.55));
#17518=CARTESIAN_POINT('',(3.00926101011528,-5.11795706676831,1.54));
#17519=CARTESIAN_POINT('',(3.00926101011528,-4.73605420582353,1.54));
#17520=CARTESIAN_POINT('',(2.97377642373249,-4.73605420582353,1.54));
#17521=CARTESIAN_POINT('',(2.9382918373497,-4.73605420582353,1.54));
#17522=CARTESIAN_POINT('',(2.90280725096691,-4.73605420582353,1.54));
#17523=CARTESIAN_POINT('',(2.86987311923038,-4.73605420582353,1.54));
#17524=CARTESIAN_POINT('',(2.84392501543796,-4.73904821779958,1.54));
#17525=CARTESIAN_POINT('',(2.825295607587,-4.74536890974901,1.54));
#17526=CARTESIAN_POINT('',(2.80676741756536,-4.75165525993492,1.54));
#17527=CARTESIAN_POINT('',(2.79169613985579,-4.76000630163191,1.54));
#17528=CARTESIAN_POINT('',(2.78071809594362,-4.77131701354143,1.54));
#17529=CARTESIAN_POINT('',(2.76531949448284,-4.78718223928889,1.54));
#17530=CARTESIAN_POINT('',(2.75277398416717,-4.80791049324868,1.54));
#17531=CARTESIAN_POINT('',(2.74412461623637,-4.83452393303577,1.54));
#17532=CARTESIAN_POINT('',(2.73554125535308,-4.8609342742151,1.54));
#17533=CARTESIAN_POINT('',(2.73081789634282,-4.89307350056737,1.54));
#17534=CARTESIAN_POINT('',(2.73081789634282,-4.98322652784615,1.54));
#17535=CARTESIAN_POINT('',(2.73946726427363,-5.02314668752679,1.54));
#17536=CARTESIAN_POINT('',(2.75676600013524,-5.05142346730057,1.54));
#17537=CARTESIAN_POINT('',(2.77382604863527,-5.07931008504102,1.54));
#17538=CARTESIAN_POINT('',(2.79469015183184,-5.09832965492533,1.54));
#17539=CARTESIAN_POINT('',(2.81897491563756,-5.10764435885081,1.54));
#17540=CARTESIAN_POINT('',(2.83668098340823,-5.11443572731079,1.54));
#17541=CARTESIAN_POINT('',(2.86521576726764,-5.11795706676831,1.54));
#17542=CARTESIAN_POINT('',(2.9044705909536,-5.11795706676831,1.54));
#17543=CARTESIAN_POINT('',(2.93940073067416,-5.11795706676831,1.54));
#17544=CARTESIAN_POINT('',(2.97433087039472,-5.11795706676831,1.54));
#17545=CARTESIAN_POINT('',(3.00926101011528,-5.11795706676831,1.54));
#17546=CARTESIAN_POINT('',(0.,0.,1.54));
#17547=CARTESIAN_POINT('',(0.,0.,1.55));
#17548=CARTESIAN_POINT('',(3.16727830885114,-4.73605420582353,1.55));
#17549=CARTESIAN_POINT('',(3.16727830885114,-4.73605420582353,1.55));
#17550=CARTESIAN_POINT('',(3.16727830885114,-4.67717197029459,1.55));
#17551=CARTESIAN_POINT('',(3.47366553440004,-4.73605420582353,1.55));
#17552=CARTESIAN_POINT('',(3.47366553440004,-4.73605420582353,1.55));
#17553=CARTESIAN_POINT('',(3.47366553440004,-4.90638022046092,1.55));
#17554=CARTESIAN_POINT('',(3.47366553440004,-4.90638022046092,1.55));
#17555=CARTESIAN_POINT('',(3.19688576061428,-4.90638022046092,1.55));
#17556=CARTESIAN_POINT('',(3.19688576061428,-4.90638022046092,1.55));
#17557=CARTESIAN_POINT('',(3.19688576061428,-4.9655951239872,1.55));
#17558=CARTESIAN_POINT('',(3.19688576061428,-4.9655951239872,1.55));
#17559=CARTESIAN_POINT('',(3.47366553440004,-4.9655951239872,1.55));
#17560=CARTESIAN_POINT('',(3.47366553440004,-4.9655951239872,1.55));
#17561=CARTESIAN_POINT('',(3.47366553440004,-5.11795706676831,1.55));
#17562=CARTESIAN_POINT('',(3.47366553440004,-5.11795706676831,1.55));
#17563=CARTESIAN_POINT('',(3.17858902076065,-5.11795706676831,1.55));
#17564=CARTESIAN_POINT('',(3.17858902076065,-5.11795706676831,1.55));
#17565=CARTESIAN_POINT('',(3.17858902076065,-5.17717197029459,1.55));
#17566=CARTESIAN_POINT('',(3.17858902076065,-5.17717197029459,1.55));
#17567=CARTESIAN_POINT('',(3.53986646587043,-5.17717197029459,1.55));
#17568=CARTESIAN_POINT('',(3.53986646587043,-5.17717197029459,1.55));
#17569=CARTESIAN_POINT('',(3.53986646587043,-4.67717197029459,1.55));
#17570=CARTESIAN_POINT('',(3.53986646587043,-4.67717197029459,1.55));
#17571=CARTESIAN_POINT('',(3.16727830885114,-4.67717197029459,1.55));
#17572=CARTESIAN_POINT('',(3.16727830885114,-4.73605420582353,1.55));
#17573=CARTESIAN_POINT('',(3.16727830885114,-4.73605420582353,1.55));
#17574=CARTESIAN_POINT('',(3.16727830885114,-4.67717197029459,1.55));
#17575=CARTESIAN_POINT('',(3.16727830885114,-4.67717197029459,1.55));
#17576=CARTESIAN_POINT('',(3.53986646587043,-4.67717197029459,1.55));
#17577=CARTESIAN_POINT('',(3.53986646587043,-4.67717197029459,1.55));
#17578=CARTESIAN_POINT('',(3.53986646587043,-5.17717197029459,1.55));
#17579=CARTESIAN_POINT('',(3.53986646587043,-5.17717197029459,1.55));
#17580=CARTESIAN_POINT('',(3.17858902076065,-5.17717197029459,1.55));
#17581=CARTESIAN_POINT('',(3.17858902076065,-5.17717197029459,1.55));
#17582=CARTESIAN_POINT('',(3.17858902076065,-5.11795706676831,1.55));
#17583=CARTESIAN_POINT('',(3.17858902076065,-5.11795706676831,1.55));
#17584=CARTESIAN_POINT('',(3.47366553440004,-5.11795706676831,1.55));
#17585=CARTESIAN_POINT('',(3.47366553440004,-5.11795706676831,1.55));
#17586=CARTESIAN_POINT('',(3.47366553440004,-4.9655951239872,1.55));
#17587=CARTESIAN_POINT('',(3.47366553440004,-4.9655951239872,1.55));
#17588=CARTESIAN_POINT('',(3.19688576061428,-4.9655951239872,1.55));
#17589=CARTESIAN_POINT('',(3.19688576061428,-4.9655951239872,1.55));
#17590=CARTESIAN_POINT('',(3.19688576061428,-4.90638022046092,1.55));
#17591=CARTESIAN_POINT('',(3.19688576061428,-4.90638022046092,1.55));
#17592=CARTESIAN_POINT('',(3.47366553440004,-4.90638022046092,1.55));
#17593=CARTESIAN_POINT('',(3.47366553440004,-4.90638022046092,1.55));
#17594=CARTESIAN_POINT('',(3.47366553440004,-4.73605420582353,1.55));
#17595=CARTESIAN_POINT('',(3.47366553440004,-4.73605420582353,1.55));
#17596=CARTESIAN_POINT('',(0.,0.,1.55));
#17597=CARTESIAN_POINT('',(3.61970678523171,-4.73605420582353,1.55));
#17598=CARTESIAN_POINT('',(3.61970678523171,-4.73605420582353,1.55));
#17599=CARTESIAN_POINT('',(3.61970678523171,-4.67717197029459,1.55));
#17600=CARTESIAN_POINT('',(3.86455043127296,-4.73605420582353,1.55));
#17601=CARTESIAN_POINT('',(3.86455043127296,-4.73605420582353,1.55));
#17602=CARTESIAN_POINT('',(3.86455043127296,-5.17717197029459,1.55));
#17603=CARTESIAN_POINT('',(3.86455043127296,-5.17717197029459,1.55));
#17604=CARTESIAN_POINT('',(3.93075136274335,-5.17717197029459,1.55));
#17605=CARTESIAN_POINT('',(3.93075136274335,-5.17717197029459,1.55));
#17606=CARTESIAN_POINT('',(3.93075136274335,-4.67717197029459,1.55));
#17607=CARTESIAN_POINT('',(3.93075136274335,-4.67717197029459,1.55));
#17608=CARTESIAN_POINT('',(3.61970678523171,-4.67717197029459,1.55));
#17609=CARTESIAN_POINT('',(3.61970678523171,-4.73605420582353,1.55));
#17610=CARTESIAN_POINT('',(3.61970678523171,-4.73605420582353,1.55));
#17611=CARTESIAN_POINT('',(3.61970678523171,-4.67717197029459,1.55));
#17612=CARTESIAN_POINT('',(3.61970678523171,-4.67717197029459,1.55));
#17613=CARTESIAN_POINT('',(3.93075136274335,-4.67717197029459,1.55));
#17614=CARTESIAN_POINT('',(3.93075136274335,-4.67717197029459,1.55));
#17615=CARTESIAN_POINT('',(3.93075136274335,-5.17717197029459,1.55));
#17616=CARTESIAN_POINT('',(3.93075136274335,-5.17717197029459,1.55));
#17617=CARTESIAN_POINT('',(3.86455043127296,-5.17717197029459,1.55));
#17618=CARTESIAN_POINT('',(3.86455043127296,-5.17717197029459,1.55));
#17619=CARTESIAN_POINT('',(3.86455043127296,-4.73605420582353,1.55));
#17620=CARTESIAN_POINT('',(3.86455043127296,-4.73605420582353,1.55));
#17621=CARTESIAN_POINT('',(0.,0.,1.55));
#17622=CARTESIAN_POINT('',(3.44485224690629,-0.525309869233399,1.55));
#17623=CARTESIAN_POINT('',(3.44485224690629,-0.525309869233399,1.55));
#17624=CARTESIAN_POINT('',(3.36043242943562,-0.525309869233399,1.55));
#17625=CARTESIAN_POINT('',(3.44485224690629,-0.267943506782289,1.55));
#17626=CARTESIAN_POINT('',(3.44485224690629,-0.267943506782289,1.55));
#17627=CARTESIAN_POINT('',(3.36043242943562,-0.267943506782289,1.55));
#17628=CARTESIAN_POINT('',(3.36043242943562,-0.267943506782289,1.55));
#17629=CARTESIAN_POINT('',(3.36043242943562,-0.525309869233399,1.55));
#17630=CARTESIAN_POINT('',(3.44485224690629,-0.525309869233399,1.55));
#17631=CARTESIAN_POINT('',(3.44485224690629,-0.525309869233399,1.55));
#17632=CARTESIAN_POINT('',(3.36043242943562,-0.525309869233399,1.55));
#17633=CARTESIAN_POINT('',(3.36043242943562,-0.525309869233399,1.55));
#17634=CARTESIAN_POINT('',(3.36043242943562,-0.267943506782289,1.55));
#17635=CARTESIAN_POINT('',(3.36043242943562,-0.267943506782289,1.55));
#17636=CARTESIAN_POINT('',(3.44485224690629,-0.267943506782289,1.55));
#17637=CARTESIAN_POINT('',(3.44485224690629,-0.267943506782289,1.55));
#17638=CARTESIAN_POINT('',(0.,0.,1.54));
#17639=CARTESIAN_POINT('',(0.,0.,1.54));
#17640=CARTESIAN_POINT('',(0.,0.,0.));
#17641=CARTESIAN_POINT('',(0.32,0.32,2.54));
#17642=CARTESIAN_POINT('',(0.32,0.32,0.));
#17643=CARTESIAN_POINT('',(0.32,0.32,0.));
#17644=CARTESIAN_POINT('',(-0.32,0.32,0.));
#17645=CARTESIAN_POINT('',(0.32,0.32,2.54));
#17646=CARTESIAN_POINT('',(0.32,0.32,2.54));
#17647=CARTESIAN_POINT('',(0.32,0.32,2.54));
#17648=CARTESIAN_POINT('',(-0.32,0.32,2.54));
#17649=CARTESIAN_POINT('',(-0.32,0.32,2.54));
#17650=CARTESIAN_POINT('',(-0.32,0.32,2.54));
#17651=CARTESIAN_POINT('',(-0.32,0.32,0.));
#17652=CARTESIAN_POINT('',(-0.32,-0.32,0.));
#17653=CARTESIAN_POINT('',(-0.32,0.32,2.54));
#17654=CARTESIAN_POINT('',(-0.32,-0.32,2.54));
#17655=CARTESIAN_POINT('',(-0.32,-0.32,2.54));
#17656=CARTESIAN_POINT('',(-0.32,-0.32,2.54));
#17657=CARTESIAN_POINT('',(-0.32,-0.32,0.));
#17658=CARTESIAN_POINT('',(0.32,-0.32,0.));
#17659=CARTESIAN_POINT('',(-0.32,-0.32,2.54));
#17660=CARTESIAN_POINT('',(0.32,-0.32,2.54));
#17661=CARTESIAN_POINT('',(0.32,-0.32,2.54));
#17662=CARTESIAN_POINT('',(3.56,1.27,2.54));
#17663=CARTESIAN_POINT('',(3.56,1.27,0.));
#17664=CARTESIAN_POINT('',(3.56,1.27,0.));
#17665=CARTESIAN_POINT('',(3.81,1.02,0.));
#17666=CARTESIAN_POINT('',(3.56,1.27,2.54));
#17667=CARTESIAN_POINT('',(3.56,1.27,2.54));
#17668=CARTESIAN_POINT('',(3.56,1.27,2.54));
#17669=CARTESIAN_POINT('',(3.81,1.02,2.54));
#17670=CARTESIAN_POINT('',(3.81,1.02,2.54));
#17671=CARTESIAN_POINT('',(3.81,1.02,2.54));
#17672=CARTESIAN_POINT('',(3.81,1.02,0.));
#17673=CARTESIAN_POINT('',(3.81,-1.02,0.));
#17674=CARTESIAN_POINT('',(3.81,1.02,2.54));
#17675=CARTESIAN_POINT('',(3.81,-1.02,2.54));
#17676=CARTESIAN_POINT('',(3.81,-1.02,2.54));
#17677=CARTESIAN_POINT('',(3.81,-1.02,2.54));
#17678=CARTESIAN_POINT('',(3.81,-1.02,0.));
#17679=CARTESIAN_POINT('',(3.56,-1.27,0.));
#17680=CARTESIAN_POINT('',(3.81,-1.02,2.54));
#17681=CARTESIAN_POINT('',(3.56,-1.27,2.54));
#17682=CARTESIAN_POINT('',(3.56,-1.27,2.54));
#17683=CARTESIAN_POINT('',(3.56,-1.27,2.54));
#17684=CARTESIAN_POINT('',(3.56,-1.27,0.));
#17685=CARTESIAN_POINT('',(1.52,-1.27,0.));
#17686=CARTESIAN_POINT('',(3.56,-1.27,2.54));
#17687=CARTESIAN_POINT('',(1.52,-1.27,2.54));
#17688=CARTESIAN_POINT('',(1.52,-1.27,2.54));
#17689=CARTESIAN_POINT('',(1.52,-1.27,2.54));
#17690=CARTESIAN_POINT('',(1.52,-1.27,0.));
#17691=CARTESIAN_POINT('',(1.27,-1.02,0.));
#17692=CARTESIAN_POINT('',(1.52,-1.27,2.54));
#17693=CARTESIAN_POINT('',(1.27,-1.02,2.54));
#17694=CARTESIAN_POINT('',(1.27,-1.02,2.54));
#17695=CARTESIAN_POINT('',(1.02,-1.27,2.54));
#17696=CARTESIAN_POINT('',(1.02,-1.27,0.));
#17697=CARTESIAN_POINT('',(1.02,-1.27,0.));
#17698=CARTESIAN_POINT('',(1.02,-1.27,2.54));
#17699=CARTESIAN_POINT('',(1.02,-1.27,2.54));
#17700=CARTESIAN_POINT('',(1.02,-1.27,2.54));
#17701=CARTESIAN_POINT('',(-1.02,-1.27,2.54));
#17702=CARTESIAN_POINT('',(-1.02,-1.27,0.));
#17703=CARTESIAN_POINT('',(-1.02,-1.27,0.));
#17704=CARTESIAN_POINT('',(-1.02,-1.27,2.54));
#17705=CARTESIAN_POINT('',(-1.02,-1.27,2.54));
#17706=CARTESIAN_POINT('',(-1.02,-1.27,2.54));
#17707=CARTESIAN_POINT('',(-1.27,-1.02,2.54));
#17708=CARTESIAN_POINT('',(-1.27,-1.02,0.));
#17709=CARTESIAN_POINT('',(-1.27,-1.02,0.));
#17710=CARTESIAN_POINT('',(-1.27,-1.02,2.54));
#17711=CARTESIAN_POINT('',(-1.27,-1.02,2.54));
#17712=CARTESIAN_POINT('',(-1.27,-1.02,2.54));
#17713=CARTESIAN_POINT('',(-1.27,1.02,2.54));
#17714=CARTESIAN_POINT('',(-1.27,1.02,0.));
#17715=CARTESIAN_POINT('',(-1.27,1.02,0.));
#17716=CARTESIAN_POINT('',(-1.27,1.02,2.54));
#17717=CARTESIAN_POINT('',(-1.27,1.02,2.54));
#17718=CARTESIAN_POINT('',(-1.27,1.02,2.54));
#17719=CARTESIAN_POINT('',(-1.02,1.27,2.54));
#17720=CARTESIAN_POINT('',(-1.02,1.27,0.));
#17721=CARTESIAN_POINT('',(-1.02,1.27,0.));
#17722=CARTESIAN_POINT('',(-1.02,1.27,2.54));
#17723=CARTESIAN_POINT('',(-1.02,1.27,2.54));
#17724=CARTESIAN_POINT('',(-1.02,1.27,2.54));
#17725=CARTESIAN_POINT('',(1.02,1.27,2.54));
#17726=CARTESIAN_POINT('',(1.02,1.27,0.));
#17727=CARTESIAN_POINT('',(1.02,1.27,0.));
#17728=CARTESIAN_POINT('',(1.02,1.27,2.54));
#17729=CARTESIAN_POINT('',(1.02,1.27,2.54));
#17730=CARTESIAN_POINT('',(1.02,1.27,2.54));
#17731=CARTESIAN_POINT('',(1.02,1.27,2.54));
#17732=CARTESIAN_POINT('',(1.02,1.27,0.));
#17733=CARTESIAN_POINT('',(1.27,1.02,0.));
#17734=CARTESIAN_POINT('',(1.02,1.27,2.54));
#17735=CARTESIAN_POINT('',(1.27,1.02,2.54));
#17736=CARTESIAN_POINT('',(1.27,1.02,2.54));
#17737=CARTESIAN_POINT('',(1.52,1.27,2.54));
#17738=CARTESIAN_POINT('',(1.52,1.27,0.));
#17739=CARTESIAN_POINT('',(1.52,1.27,0.));
#17740=CARTESIAN_POINT('',(1.52,1.27,2.54));
#17741=CARTESIAN_POINT('',(1.52,1.27,2.54));
#17742=CARTESIAN_POINT('',(1.52,1.27,2.54));
#17743=CARTESIAN_POINT('',(2.86,-0.32,2.54));
#17744=CARTESIAN_POINT('',(2.86,-0.32,0.));
#17745=CARTESIAN_POINT('',(2.86,-0.32,0.));
#17746=CARTESIAN_POINT('',(2.22,-0.32,0.));
#17747=CARTESIAN_POINT('',(2.22,-0.32,2.54));
#17748=CARTESIAN_POINT('',(2.22,-0.32,2.54));
#17749=CARTESIAN_POINT('',(2.86,-0.32,2.54));
#17750=CARTESIAN_POINT('',(2.86,-0.32,2.54));
#17751=CARTESIAN_POINT('',(2.86,-0.32,2.54));
#17752=CARTESIAN_POINT('',(2.86,0.32,2.54));
#17753=CARTESIAN_POINT('',(2.86,0.32,0.));
#17754=CARTESIAN_POINT('',(2.86,0.32,0.));
#17755=CARTESIAN_POINT('',(2.86,0.32,2.54));
#17756=CARTESIAN_POINT('',(2.86,0.32,2.54));
#17757=CARTESIAN_POINT('',(2.86,0.32,2.54));
#17758=CARTESIAN_POINT('',(2.22,0.32,2.54));
#17759=CARTESIAN_POINT('',(2.22,0.32,0.));
#17760=CARTESIAN_POINT('',(2.22,0.32,0.));
#17761=CARTESIAN_POINT('',(2.22,0.32,2.54));
#17762=CARTESIAN_POINT('',(2.22,0.32,2.54));
#17763=CARTESIAN_POINT('',(2.22,0.32,2.54));
#17764=CARTESIAN_POINT('',(1.52,1.27,2.54));
#17765=CARTESIAN_POINT('',(1.52,1.27,0.));
#17766=CARTESIAN_POINT('',(1.52,1.27,2.54));
#17767=CARTESIAN_POINT('',(2.22,-0.32,2.54));
#17768=CARTESIAN_POINT('',(2.22,-0.32,0.));
#17769=CARTESIAN_POINT('',(2.22,-0.32,2.54));
#17770=CARTESIAN_POINT('',(0.32,-0.32,2.54));
#17771=CARTESIAN_POINT('',(0.32,-0.32,0.));
#17772=CARTESIAN_POINT('',(0.32,-0.32,2.54));
#17773=CARTESIAN_POINT('',(0.,0.,2.54));
#17774=CARTESIAN_POINT('',(0.,0.,0.));
#17775=CARTESIAN_POINT('',(0.,0.,0.));
#17776=CARTESIAN_POINT('',(-0.32,-0.32,11.5));
#17777=CARTESIAN_POINT('',(-0.32,-0.32,11.5));
#17778=CARTESIAN_POINT('',(-0.32,-0.32,11.4));
#17779=CARTESIAN_POINT('',(-0.32,-0.32,0.0999999999999994));
#17780=CARTESIAN_POINT('',(-0.32,-0.32,0.0999999999999994));
#17781=CARTESIAN_POINT('',(0.32,-0.32,0.0999999999999994));
#17782=CARTESIAN_POINT('',(0.32,-0.32,11.5));
#17783=CARTESIAN_POINT('',(0.32,-0.32,11.4));
#17784=CARTESIAN_POINT('',(-0.32,-0.32,11.4));
#17785=CARTESIAN_POINT('',(0.32,-0.32,11.5));
#17786=CARTESIAN_POINT('',(0.32,-0.32,0.0999999999999994));
#17787=CARTESIAN_POINT('',(0.32,0.32,0.0999999999999994));
#17788=CARTESIAN_POINT('',(0.32,0.32,11.5));
#17789=CARTESIAN_POINT('',(0.32,0.32,11.4));
#17790=CARTESIAN_POINT('',(0.32,-0.32,11.4));
#17791=CARTESIAN_POINT('',(0.32,0.32,11.5));
#17792=CARTESIAN_POINT('',(0.32,0.32,0.0999999999999994));
#17793=CARTESIAN_POINT('',(-0.32,0.32,0.0999999999999994));
#17794=CARTESIAN_POINT('',(-0.32,0.32,11.5));
#17795=CARTESIAN_POINT('',(-0.32,0.32,11.4));
#17796=CARTESIAN_POINT('',(0.32,0.32,11.4));
#17797=CARTESIAN_POINT('',(-0.32,0.32,11.5));
#17798=CARTESIAN_POINT('',(-0.32,0.32,0.0999999999999994));
#17799=CARTESIAN_POINT('',(-0.32,0.32,11.4));
#17800=CARTESIAN_POINT('',(0.,0.,11.5));
#17801=CARTESIAN_POINT('',(-0.32,0.22,11.5));
#17802=CARTESIAN_POINT('',(0.22,0.22,11.5));
#17803=CARTESIAN_POINT('',(-0.22,0.22,11.5));
#17804=CARTESIAN_POINT('',(-0.22,-0.32,11.5));
#17805=CARTESIAN_POINT('',(-0.22,-0.22,11.5));
#17806=CARTESIAN_POINT('',(0.32,-0.22,11.5));
#17807=CARTESIAN_POINT('',(0.22,-0.22,11.5));
#17808=CARTESIAN_POINT('',(0.22,0.32,11.5));
#17809=CARTESIAN_POINT('',(0.,0.,0.));
#17810=CARTESIAN_POINT('',(-0.22,0.,0.));
#17811=CARTESIAN_POINT('',(-0.22,-0.22,0.));
#17812=CARTESIAN_POINT('',(-0.22,0.22,0.));
#17813=CARTESIAN_POINT('',(0.,0.22,0.));
#17814=CARTESIAN_POINT('',(0.22,0.22,0.));
#17815=CARTESIAN_POINT('',(0.22,0.,0.));
#17816=CARTESIAN_POINT('',(0.22,-0.22,0.));
#17817=CARTESIAN_POINT('',(0.,-0.22,0.));
#17818=CARTESIAN_POINT('',(0.32,-0.32,0.0999999999999994));
#17819=CARTESIAN_POINT('',(0.106666666666666,0.106666666666666,-0.113333333333334));
#17820=CARTESIAN_POINT('',(0.106666666666666,-0.106666666666666,-0.113333333333334));
#17821=CARTESIAN_POINT('',(-0.32,-0.32,0.0999999999999994));
#17822=CARTESIAN_POINT('',(-0.32,-0.32,0.0999999999999994));
#17823=CARTESIAN_POINT('',(-0.32,0.32,0.0999999999999994));
#17824=CARTESIAN_POINT('',(-0.32,0.32,0.0999999999999994));
#17825=CARTESIAN_POINT('',(0.22,0.,11.5));
#17826=CARTESIAN_POINT('',(0.146666666666666,-0.146666666666666,11.5733333333333));
#17827=CARTESIAN_POINT('',(0.146666666666666,0.146666666666666,11.5733333333333));
#17828=CARTESIAN_POINT('',(0.,0.22,11.5));
#17829=CARTESIAN_POINT('',(-0.146666666666666,0.146666666666666,11.5733333333333));
#17830=CARTESIAN_POINT('',(0.,-0.22,11.5));
#17831=CARTESIAN_POINT('',(-0.146666666666666,-0.146666666666666,11.5733333333333));
#17832=CARTESIAN_POINT('',(-0.22,0.,11.5));
#17833=CARTESIAN_POINT('',(0.32,0.32,0.0999999999999994));
#17834=CARTESIAN_POINT('',(-2.16840434497101E-16,1.19262238973405E-15,-3.));
#17835=CARTESIAN_POINT('',(2.54,-1.62630325872826E-16,8.5));
#17836=CARTESIAN_POINT('',(-1.27,10.68,1.54));
#17837=CARTESIAN_POINT('',(-1.27,-10.68,1.54));
#17838=CARTESIAN_POINT('',(-1.5,0.6,-0.75));
#17839=CARTESIAN_POINT('',(1.,0.6,-0.75));
#17840=CARTESIAN_POINT('',(0.9,1.5,-0.75));
#17841=CARTESIAN_POINT('',(1.,0.6,-0.75));
#17842=CARTESIAN_POINT('',(-1.5,0.6,-0.75));
#17843=CARTESIAN_POINT('',(1.5,0.6,-0.75));
#17844=CARTESIAN_POINT('',(1.5,0.6,-0.75));
#17845=CARTESIAN_POINT('',(1.5,0.,-0.75));
#17846=CARTESIAN_POINT('',(-1.5,0.,-0.75));
#17847=CARTESIAN_POINT('',(-1.5,0.,-0.75));
#17848=CARTESIAN_POINT('',(-1.5,0.6,-0.75));
#17849=CARTESIAN_POINT('',(-1.5,0.6,-0.75));
#17850=CARTESIAN_POINT('',(-1.5,0.6,-0.75));
#17851=CARTESIAN_POINT('',(-1.,0.6,-0.75));
#17852=CARTESIAN_POINT('',(-1.,0.6,-0.75));
#17853=CARTESIAN_POINT('',(-0.9,1.5,-0.75));
#17854=CARTESIAN_POINT('',(-0.9,1.5,-0.75));
#17855=CARTESIAN_POINT('',(-1.5,0.6,0.75));
#17856=CARTESIAN_POINT('',(1.,0.6,0.75));
#17857=CARTESIAN_POINT('',(0.9,1.5,0.75));
#17858=CARTESIAN_POINT('',(1.,0.6,0.75));
#17859=CARTESIAN_POINT('',(-0.9,1.5,0.75));
#17860=CARTESIAN_POINT('',(-0.9,1.5,0.75));
#17861=CARTESIAN_POINT('',(-1.,0.6,0.75));
#17862=CARTESIAN_POINT('',(-1.,0.6,0.75));
#17863=CARTESIAN_POINT('',(-1.5,0.6,0.75));
#17864=CARTESIAN_POINT('',(-1.5,0.6,0.75));
#17865=CARTESIAN_POINT('',(-1.5,0.6,0.75));
#17866=CARTESIAN_POINT('',(-1.5,0.,0.75));
#17867=CARTESIAN_POINT('',(-1.5,0.,0.75));
#17868=CARTESIAN_POINT('',(1.5,0.,0.75));
#17869=CARTESIAN_POINT('',(1.5,0.6,0.75));
#17870=CARTESIAN_POINT('',(1.5,0.6,0.75));
#17871=CARTESIAN_POINT('',(-1.5,0.6,0.75));
#17872=CARTESIAN_POINT('',(1.,0.6,2.94317121994613));
#17873=CARTESIAN_POINT('',(0.9,1.5,2.94317121994613));
#17874=CARTESIAN_POINT('',(1.,0.6,2.94317121994613));
#17875=CARTESIAN_POINT('',(-0.9,1.5,2.94317121994613));
#17876=CARTESIAN_POINT('',(-0.9,1.5,2.94317121994613));
#17877=CARTESIAN_POINT('',(-1.,0.6,2.94317121994613));
#17878=CARTESIAN_POINT('',(-1.,0.6,2.94317121994613));
#17879=CARTESIAN_POINT('',(-1.,0.6,2.94317121994613));
#17880=CARTESIAN_POINT('',(1.5,0.6,0.45));
#17881=CARTESIAN_POINT('',(1.5,0.6,0.45));
#17882=CARTESIAN_POINT('',(1.60125,0.6,0.));
#17883=CARTESIAN_POINT('',(1.5,0.6,-0.45));
#17884=CARTESIAN_POINT('',(1.5,0.6,-0.75));
#17885=CARTESIAN_POINT('',(1.60125,2.07648230602334,0.));
#17886=CARTESIAN_POINT('',(1.5,2.07648230602334,-0.45));
#17887=CARTESIAN_POINT('',(1.5,0.,-0.45));
#17888=CARTESIAN_POINT('',(1.5,2.07648230602334,0.45));
#17889=CARTESIAN_POINT('',(1.5,0.,0.45));
#17890=CARTESIAN_POINT('',(1.60125,0.,0.));
#17891=CARTESIAN_POINT('',(1.60125,0.,0.));
#17892=CARTESIAN_POINT('',(1.5,0.,-0.75));
#17893=CARTESIAN_POINT('',(1.5,0.,0.45));
#17894=CARTESIAN_POINT('',(-1.5,0.,0.45));
#17895=CARTESIAN_POINT('',(-1.5,0.,0.45));
#17896=CARTESIAN_POINT('',(-1.60125,0.,0.));
#17897=CARTESIAN_POINT('',(-1.5,0.,-0.45));
#17898=CARTESIAN_POINT('',(-1.5,0.,-0.75));
#17899=CARTESIAN_POINT('',(-1.,0.6,2.94317121994613));
#17900=CARTESIAN_POINT('',(-1.5,0.6,-0.75));
#17901=CARTESIAN_POINT('',(-1.5,0.6,-0.45));
#17902=CARTESIAN_POINT('',(-1.60125,0.6,0.));
#17903=CARTESIAN_POINT('',(-1.5,0.6,0.45));
#17904=CARTESIAN_POINT('',(-1.5,0.6,0.45));
#17905=CARTESIAN_POINT('',(-1.60125,2.07648230602334,0.));
#17906=CARTESIAN_POINT('',(-1.5,2.07648230602334,0.45));
#17907=CARTESIAN_POINT('',(-1.5,2.07648230602334,-0.45));
#17908=CARTESIAN_POINT('',(1.5,0.6,0.45));
#17909=CARTESIAN_POINT('',(-1.5,0.6,0.45));
#17910=CARTESIAN_POINT('',(-1.5,0.6,-0.75));
#17911=CARTESIAN_POINT('',(1.5,0.6,-0.75));
#17912=CARTESIAN_POINT('',(3.35,-6.95,1.54));
#17913=CARTESIAN_POINT('',(0.,0.,-0.8));
#17914=CARTESIAN_POINT('',(-1.6,0.75,-0.8));
#17915=CARTESIAN_POINT('',(1.6,0.75,-0.8));
#17916=CARTESIAN_POINT('',(-1.6,0.75,-0.8));
#17917=CARTESIAN_POINT('',(1.6,-1.95943487863576E-16,-0.8));
#17918=CARTESIAN_POINT('',(1.6,-1.95943487863576E-16,-0.8));
#17919=CARTESIAN_POINT('',(1.1,0.,-0.8));
#17920=CARTESIAN_POINT('',(1.1,0.,-0.8));
#17921=CARTESIAN_POINT('',(1.1,0.0374999999999999,-0.8));
#17922=CARTESIAN_POINT('',(1.1,0.0374999999999999,-0.8));
#17923=CARTESIAN_POINT('',(-1.5625,0.0374999999999999,-0.8));
#17924=CARTESIAN_POINT('',(-1.1,0.0374999999999999,-0.8));
#17925=CARTESIAN_POINT('',(-1.1,0.0374999999999999,-0.8));
#17926=CARTESIAN_POINT('',(-1.1,0.,-0.8));
#17927=CARTESIAN_POINT('',(-1.1,0.,-0.8));
#17928=CARTESIAN_POINT('',(-1.6,-1.95943487863576E-16,-0.8));
#17929=CARTESIAN_POINT('',(-1.6,-1.95943487863576E-16,-0.8));
#17930=CARTESIAN_POINT('',(0.,0.,0.8));
#17931=CARTESIAN_POINT('',(1.6,-1.95943487863576E-16,0.8));
#17932=CARTESIAN_POINT('',(1.6,0.75,0.8));
#17933=CARTESIAN_POINT('',(1.6,-1.95943487863576E-16,0.8));
#17934=CARTESIAN_POINT('',(-1.6,0.75,0.8));
#17935=CARTESIAN_POINT('',(-1.6,0.75,0.8));
#17936=CARTESIAN_POINT('',(-1.6,-1.95943487863576E-16,0.8));
#17937=CARTESIAN_POINT('',(-1.6,-1.95943487863576E-16,0.8));
#17938=CARTESIAN_POINT('',(-1.1,0.,0.8));
#17939=CARTESIAN_POINT('',(-1.1,0.,0.8));
#17940=CARTESIAN_POINT('',(-1.1,0.0374999999999999,0.8));
#17941=CARTESIAN_POINT('',(-1.1,0.0374999999999999,0.8));
#17942=CARTESIAN_POINT('',(-1.5625,0.0374999999999999,0.8));
#17943=CARTESIAN_POINT('',(1.1,0.0374999999999999,0.8));
#17944=CARTESIAN_POINT('',(1.1,0.0374999999999999,0.8));
#17945=CARTESIAN_POINT('',(1.1,0.,0.8));
#17946=CARTESIAN_POINT('',(1.1,0.,0.8));
#17947=CARTESIAN_POINT('',(-1.1,0.,0.8));
#17948=CARTESIAN_POINT('',(-1.1,0.,0.8));
#17949=CARTESIAN_POINT('',(-1.6,-1.95943487863576E-16,0.8));
#17950=CARTESIAN_POINT('',(-1.6,-1.95943487863576E-16,0.8));
#17951=CARTESIAN_POINT('',(-1.6,0.75,0.8));
#17952=CARTESIAN_POINT('',(-1.6,0.75,0.8));
#17953=CARTESIAN_POINT('',(1.6,0.75,0.8));
#17954=CARTESIAN_POINT('',(-1.1,0.0374999999999999,0.8));
#17955=CARTESIAN_POINT('',(-1.1,0.0374999999999999,0.8));
#17956=CARTESIAN_POINT('',(-1.5625,0.0374999999999999,-3.99706897016627));
#17957=CARTESIAN_POINT('',(1.1,0.0374999999999999,0.8));
#17958=CARTESIAN_POINT('',(1.1,0.,0.8));
#17959=CARTESIAN_POINT('',(1.6,-1.95943487863576E-16,0.8));
#17960=CARTESIAN_POINT('',(1.1,0.,0.8));
#17961=CARTESIAN_POINT('',(1.6,-1.95943487863576E-16,0.8));
#17962=CARTESIAN_POINT('',(1.1,0.0374999999999999,0.8));
#17963=CARTESIAN_POINT('',(3.3,6.85,2.29));
#17964=CARTESIAN_POINT('',(-0.275,0.55,-0.25));
#17965=CARTESIAN_POINT('',(-0.275,0.,-0.25));
#17966=CARTESIAN_POINT('',(-0.275,0.,0.225));
#17967=CARTESIAN_POINT('',(-0.275,0.,-0.225));
#17968=CARTESIAN_POINT('',(-0.275,0.025,-0.225));
#17969=CARTESIAN_POINT('',(-0.275,0.025,-0.25));
#17970=CARTESIAN_POINT('',(-0.275,0.55,-0.25));
#17971=CARTESIAN_POINT('',(-0.275,0.525,-0.25));
#17972=CARTESIAN_POINT('',(-0.275,0.525,-0.225));
#17973=CARTESIAN_POINT('',(-0.275,0.55,-0.225));
#17974=CARTESIAN_POINT('',(-0.275,0.55,-0.25));
#17975=CARTESIAN_POINT('',(-0.275,0.55,0.225));
#17976=CARTESIAN_POINT('',(-0.275,0.525,0.225));
#17977=CARTESIAN_POINT('',(-0.275,0.525,0.25));
#17978=CARTESIAN_POINT('',(-0.275,0.55,0.25));
#17979=CARTESIAN_POINT('',(-0.275,0.025,0.25));
#17980=CARTESIAN_POINT('',(-0.275,0.025,0.225));
#17981=CARTESIAN_POINT('',(-0.275,0.525,-0.225));
#17982=CARTESIAN_POINT('',(-0.275,0.525,-0.241666666666667));
#17983=CARTESIAN_POINT('',(-0.275,0.541666666666667,-0.225));
#17984=CARTESIAN_POINT('',(-0.275,0.025,-0.241666666666667));
#17985=CARTESIAN_POINT('',(-0.275,0.025,-0.241666666666667));
#17986=CARTESIAN_POINT('',(-0.275,0.025,-0.225));
#17987=CARTESIAN_POINT('',(-0.275,0.00833333333333333,-0.225));
#17988=CARTESIAN_POINT('',(-0.275,0.00833333333333333,0.225));
#17989=CARTESIAN_POINT('',(-0.275,0.00833333333333328,0.225));
#17990=CARTESIAN_POINT('',(-0.275,0.025,0.225));
#17991=CARTESIAN_POINT('',(-0.275,0.025,0.241666666666667));
#17992=CARTESIAN_POINT('',(-0.275,0.525,0.241666666666667));
#17993=CARTESIAN_POINT('',(-0.275,0.525,0.241666666666667));
#17994=CARTESIAN_POINT('',(-0.275,0.525,0.225));
#17995=CARTESIAN_POINT('',(-0.275,0.541666666666667,0.225));
#17996=CARTESIAN_POINT('',(-0.275,0.541666666666667,-0.225));
#17997=CARTESIAN_POINT('',(-0.475,0.55,-0.225));
#17998=CARTESIAN_POINT('',(-0.475,0.525,-0.225));
#17999=CARTESIAN_POINT('',(-0.5,0.525,-0.225));
#18000=CARTESIAN_POINT('',(-0.475,0.525,-0.25));
#18001=CARTESIAN_POINT('',(-0.475,0.55,-0.25));
#18002=CARTESIAN_POINT('',(-0.475,0.025,-0.25));
#18003=CARTESIAN_POINT('',(-0.475,0.025,-0.225));
#18004=CARTESIAN_POINT('',(-0.5,0.025,-0.225));
#18005=CARTESIAN_POINT('',(-0.5,0.55,-0.225));
#18006=CARTESIAN_POINT('',(-0.475,0.025,-0.225));
#18007=CARTESIAN_POINT('',(-0.475,0.025,-0.225));
#18008=CARTESIAN_POINT('',(-0.475,0.,-0.225));
#18009=CARTESIAN_POINT('',(-0.475,0.025,-0.225));
#18010=CARTESIAN_POINT('',(-0.475,0.525,-0.225));
#18011=CARTESIAN_POINT('',(-0.475,0.525,-0.225));
#18012=CARTESIAN_POINT('',(-0.475,0.55,-0.225));
#18013=CARTESIAN_POINT('',(-0.475,0.525,-0.225));
#18014=CARTESIAN_POINT('',(-0.5,0.025,-0.225));
#18015=CARTESIAN_POINT('',(0.,0.,-0.225));
#18016=CARTESIAN_POINT('',(-0.5,0.025,-0.25));
#18017=CARTESIAN_POINT('',(-0.475,0.025,-0.25));
#18018=CARTESIAN_POINT('',(-0.475,0.025,0.225));
#18019=CARTESIAN_POINT('',(-0.475,0.,0.225));
#18020=CARTESIAN_POINT('',(-0.5,0.025,0.225));
#18021=CARTESIAN_POINT('',(-0.5,0.025,-0.25));
#18022=CARTESIAN_POINT('',(-0.475,0.,1.02999206386123E-16));
#18023=CARTESIAN_POINT('',(-0.475,0.525,1.02999206386123E-16));
#18024=CARTESIAN_POINT('',(-0.475,0.525,0.225));
#18025=CARTESIAN_POINT('',(-0.5,0.525,0.225));
#18026=CARTESIAN_POINT('',(-0.475,0.55,0.225));
#18027=CARTESIAN_POINT('',(-0.475,0.55,0.25));
#18028=CARTESIAN_POINT('',(-0.5,0.525,-0.25));
#18029=CARTESIAN_POINT('',(0.,0.525,-0.225));
#18030=CARTESIAN_POINT('',(-0.275,0.525,-0.25));
#18031=CARTESIAN_POINT('',(-0.5,0.55,-0.225));
#18032=CARTESIAN_POINT('',(-0.475,0.025,0.225));
#18033=CARTESIAN_POINT('',(-0.475,0.025,0.225));
#18034=CARTESIAN_POINT('',(-0.475,0.025,0.25));
#18035=CARTESIAN_POINT('',(-0.475,0.025,0.225));
#18036=CARTESIAN_POINT('',(-0.475,0.525,0.225));
#18037=CARTESIAN_POINT('',(-0.475,0.525,0.225));
#18038=CARTESIAN_POINT('',(-0.475,0.525,0.25));
#18039=CARTESIAN_POINT('',(-0.475,0.525,0.225));
#18040=CARTESIAN_POINT('',(-0.5,0.025,0.225));
#18041=CARTESIAN_POINT('',(-0.5,0.025,0.25));
#18042=CARTESIAN_POINT('',(0.,0.,0.225));
#18043=CARTESIAN_POINT('',(-0.475,0.55,0.225));
#18044=CARTESIAN_POINT('',(-0.475,0.55,0.25));
#18045=CARTESIAN_POINT('',(-0.5,0.55,0.225));
#18046=CARTESIAN_POINT('',(0.,0.525,0.225));
#18047=CARTESIAN_POINT('',(-0.275,0.55,0.225));
#18048=CARTESIAN_POINT('',(-0.5,0.525,0.25));
#18049=CARTESIAN_POINT('',(0.,0.,0.));
#18050=CARTESIAN_POINT('',(0.,0.55,0.));
#18051=CARTESIAN_POINT('',(-0.5,0.55,-0.25));
#18052=CARTESIAN_POINT('',(-0.5,0.55,0.25));
#18053=CARTESIAN_POINT('',(-0.5,0.55,-0.25));
#18054=CARTESIAN_POINT('',(0.475,0.55,-0.225));
#18055=CARTESIAN_POINT('',(0.475,0.525,-0.225));
#18056=CARTESIAN_POINT('',(0.5,0.525,-0.225));
#18057=CARTESIAN_POINT('',(0.475,0.525,-0.25));
#18058=CARTESIAN_POINT('',(0.5,0.55,-0.225));
#18059=CARTESIAN_POINT('',(0.5,0.025,-0.225));
#18060=CARTESIAN_POINT('',(0.475,0.025,-0.225));
#18061=CARTESIAN_POINT('',(0.475,0.025,-0.25));
#18062=CARTESIAN_POINT('',(0.475,0.55,-0.25));
#18063=CARTESIAN_POINT('',(0.475,0.025,-0.225));
#18064=CARTESIAN_POINT('',(0.475,0.025,-0.225));
#18065=CARTESIAN_POINT('',(0.475,0.,-0.225));
#18066=CARTESIAN_POINT('',(0.475,0.025,-0.225));
#18067=CARTESIAN_POINT('',(0.475,0.525,-0.225));
#18068=CARTESIAN_POINT('',(0.475,0.525,-0.225));
#18069=CARTESIAN_POINT('',(0.475,0.55,-0.225));
#18070=CARTESIAN_POINT('',(0.475,0.525,-0.225));
#18071=CARTESIAN_POINT('',(0.5,0.025,-0.225));
#18072=CARTESIAN_POINT('',(0.275,0.025,-0.225));
#18073=CARTESIAN_POINT('',(0.275,0.,-0.225));
#18074=CARTESIAN_POINT('',(0.275,0.025,-0.25));
#18075=CARTESIAN_POINT('',(0.5,0.025,-0.25));
#18076=CARTESIAN_POINT('',(0.,0.,-0.225));
#18077=CARTESIAN_POINT('',(0.475,0.025,-0.25));
#18078=CARTESIAN_POINT('',(0.475,0.025,0.225));
#18079=CARTESIAN_POINT('',(0.475,0.,0.225));
#18080=CARTESIAN_POINT('',(0.5,0.025,0.225));
#18081=CARTESIAN_POINT('',(0.475,0.,1.02999206386123E-16));
#18082=CARTESIAN_POINT('',(0.5,0.025,-0.25));
#18083=CARTESIAN_POINT('',(0.475,0.525,1.02999206386123E-16));
#18084=CARTESIAN_POINT('',(0.475,0.525,0.225));
#18085=CARTESIAN_POINT('',(0.5,0.525,0.225));
#18086=CARTESIAN_POINT('',(0.475,0.55,0.225));
#18087=CARTESIAN_POINT('',(0.5,0.525,-0.25));
#18088=CARTESIAN_POINT('',(0.475,0.55,0.25));
#18089=CARTESIAN_POINT('',(0.,0.525,-0.225));
#18090=CARTESIAN_POINT('',(0.275,0.525,-0.225));
#18091=CARTESIAN_POINT('',(0.275,0.525,-0.25));
#18092=CARTESIAN_POINT('',(0.275,0.55,-0.225));
#18093=CARTESIAN_POINT('',(0.5,0.55,-0.225));
#18094=CARTESIAN_POINT('',(0.275,0.525,-0.25));
#18095=CARTESIAN_POINT('',(0.475,0.025,0.225));
#18096=CARTESIAN_POINT('',(0.475,0.025,0.225));
#18097=CARTESIAN_POINT('',(0.475,0.025,0.25));
#18098=CARTESIAN_POINT('',(0.475,0.025,0.225));
#18099=CARTESIAN_POINT('',(0.475,0.525,0.225));
#18100=CARTESIAN_POINT('',(0.475,0.525,0.225));
#18101=CARTESIAN_POINT('',(0.475,0.525,0.25));
#18102=CARTESIAN_POINT('',(0.475,0.525,0.225));
#18103=CARTESIAN_POINT('',(0.5,0.025,0.225));
#18104=CARTESIAN_POINT('',(0.275,0.025,0.225));
#18105=CARTESIAN_POINT('',(0.275,0.025,0.25));
#18106=CARTESIAN_POINT('',(0.275,0.,0.225));
#18107=CARTESIAN_POINT('',(0.,0.,0.225));
#18108=CARTESIAN_POINT('',(0.5,0.025,0.25));
#18109=CARTESIAN_POINT('',(0.475,0.55,0.225));
#18110=CARTESIAN_POINT('',(0.5,0.55,0.225));
#18111=CARTESIAN_POINT('',(0.475,0.55,0.25));
#18112=CARTESIAN_POINT('',(0.,0.525,0.225));
#18113=CARTESIAN_POINT('',(0.275,0.525,0.225));
#18114=CARTESIAN_POINT('',(0.275,0.55,0.225));
#18115=CARTESIAN_POINT('',(0.275,0.525,0.25));
#18116=CARTESIAN_POINT('',(0.5,0.525,0.25));
#18117=CARTESIAN_POINT('',(0.275,0.55,0.225));
#18118=CARTESIAN_POINT('',(0.,0.,0.));
#18119=CARTESIAN_POINT('',(0.275,0.,-0.25));
#18120=CARTESIAN_POINT('',(0.,0.55,0.));
#18121=CARTESIAN_POINT('',(0.275,0.55,-0.25));
#18122=CARTESIAN_POINT('',(0.5,0.55,-0.25));
#18123=CARTESIAN_POINT('',(0.275,0.55,-0.25));
#18124=CARTESIAN_POINT('',(0.275,0.55,-0.25));
#18125=CARTESIAN_POINT('',(0.274999999987813,0.025,-0.241666666666667));
#18126=CARTESIAN_POINT('',(0.2750000001015,0.025,-0.241666666666667));
#18127=CARTESIAN_POINT('',(0.274999999987813,0.525,-0.241666666666667));
#18128=CARTESIAN_POINT('',(0.274999999987813,0.525,-0.225));
#18129=CARTESIAN_POINT('',(0.2750000001015,0.541666666666667,-0.225));
#18130=CARTESIAN_POINT('',(0.274999999987813,0.541666666666667,-0.225000000097578));
#18131=CARTESIAN_POINT('',(0.2750000001015,0.541666666666667,0.225));
#18132=CARTESIAN_POINT('',(0.274999999987813,0.525,0.225));
#18133=CARTESIAN_POINT('',(0.2750000001015,0.525,0.241666666666667));
#18134=CARTESIAN_POINT('',(0.274999999987813,0.525,0.241666666666667));
#18135=CARTESIAN_POINT('',(0.2750000001015,0.025,0.241666666666667));
#18136=CARTESIAN_POINT('',(0.274999999987813,0.025,0.225));
#18137=CARTESIAN_POINT('',(0.2750000001015,0.0083333333333333,0.225));
#18138=CARTESIAN_POINT('',(0.274999999987813,0.00833333333333333,0.224999999902422));
#18139=CARTESIAN_POINT('',(0.2750000001015,0.00833333333333333,-0.225));
#18140=CARTESIAN_POINT('',(0.274999999987813,0.025,-0.225));
#18141=CARTESIAN_POINT('',(0.275,0.55,0.25));
#18142=CARTESIAN_POINT('',(0.5,0.55,0.25));
#18143=CARTESIAN_POINT('',(0.5,0.55,-0.25));
#18144=CARTESIAN_POINT('',(500000.,0.525,-0.225000000043368));
#18145=CARTESIAN_POINT('',(500000.,0.525,-0.241666666710035));
#18146=CARTESIAN_POINT('',(500000.,0.541666666666667,-0.225000000043368));
#18147=CARTESIAN_POINT('',(500000.,0.541666666666667,-0.225000000043368));
#18148=CARTESIAN_POINT('',(500000.,0.541666666666667,0.224999999956632));
#18149=CARTESIAN_POINT('',(500000.,0.525,0.224999999956632));
#18150=CARTESIAN_POINT('',(500000.,0.525,0.241666666623298));
#18151=CARTESIAN_POINT('',(500000.,0.525,0.241666666623298));
#18152=CARTESIAN_POINT('',(500000.,0.025,0.241666666623299));
#18153=CARTESIAN_POINT('',(500000.,0.025,0.224999999956632));
#18154=CARTESIAN_POINT('',(500000.,0.0083333333333333,0.224999999956632));
#18155=CARTESIAN_POINT('',(500000.,0.00833333333333333,0.224999999956632));
#18156=CARTESIAN_POINT('',(500000.,0.00833333333333333,-0.225000000043368));
#18157=CARTESIAN_POINT('',(500000.,0.025,-0.225000000043368));
#18158=CARTESIAN_POINT('',(500000.,0.025,-0.241666666710035));
#18159=CARTESIAN_POINT('',(500000.,0.025,-0.241666666710035));
#18160=CARTESIAN_POINT('',(-1.65,7.26,1.79));
#18161=CARTESIAN_POINT('',(-0.275,0.55,-0.25));
#18162=CARTESIAN_POINT('',(-0.275,0.,-0.25));
#18163=CARTESIAN_POINT('',(-0.275,0.,0.225));
#18164=CARTESIAN_POINT('',(-0.275,0.,-0.225));
#18165=CARTESIAN_POINT('',(-0.275,0.025,-0.225));
#18166=CARTESIAN_POINT('',(-0.275,0.025,-0.25));
#18167=CARTESIAN_POINT('',(-0.275,0.55,-0.25));
#18168=CARTESIAN_POINT('',(-0.275,0.525,-0.25));
#18169=CARTESIAN_POINT('',(-0.275,0.525,-0.225));
#18170=CARTESIAN_POINT('',(-0.275,0.55,-0.225));
#18171=CARTESIAN_POINT('',(-0.275,0.55,-0.25));
#18172=CARTESIAN_POINT('',(-0.275,0.55,0.225));
#18173=CARTESIAN_POINT('',(-0.275,0.525,0.225));
#18174=CARTESIAN_POINT('',(-0.275,0.525,0.25));
#18175=CARTESIAN_POINT('',(-0.275,0.55,0.25));
#18176=CARTESIAN_POINT('',(-0.275,0.025,0.25));
#18177=CARTESIAN_POINT('',(-0.275,0.025,0.225));
#18178=CARTESIAN_POINT('',(-0.275,0.525,-0.225));
#18179=CARTESIAN_POINT('',(-0.275,0.525,-0.241666666666667));
#18180=CARTESIAN_POINT('',(-0.275,0.541666666666667,-0.225));
#18181=CARTESIAN_POINT('',(-0.275,0.025,-0.241666666666667));
#18182=CARTESIAN_POINT('',(-0.275,0.025,-0.241666666666667));
#18183=CARTESIAN_POINT('',(-0.275,0.025,-0.225));
#18184=CARTESIAN_POINT('',(-0.275,0.00833333333333333,-0.225));
#18185=CARTESIAN_POINT('',(-0.275,0.00833333333333333,0.225));
#18186=CARTESIAN_POINT('',(-0.275,0.00833333333333328,0.225));
#18187=CARTESIAN_POINT('',(-0.275,0.025,0.225));
#18188=CARTESIAN_POINT('',(-0.275,0.025,0.241666666666667));
#18189=CARTESIAN_POINT('',(-0.275,0.525,0.241666666666667));
#18190=CARTESIAN_POINT('',(-0.275,0.525,0.241666666666667));
#18191=CARTESIAN_POINT('',(-0.275,0.525,0.225));
#18192=CARTESIAN_POINT('',(-0.275,0.541666666666667,0.225));
#18193=CARTESIAN_POINT('',(-0.275,0.541666666666667,-0.225));
#18194=CARTESIAN_POINT('',(-0.475,0.55,-0.225));
#18195=CARTESIAN_POINT('',(-0.475,0.525,-0.225));
#18196=CARTESIAN_POINT('',(-0.5,0.525,-0.225));
#18197=CARTESIAN_POINT('',(-0.475,0.525,-0.25));
#18198=CARTESIAN_POINT('',(-0.475,0.55,-0.25));
#18199=CARTESIAN_POINT('',(-0.475,0.025,-0.25));
#18200=CARTESIAN_POINT('',(-0.475,0.025,-0.225));
#18201=CARTESIAN_POINT('',(-0.5,0.025,-0.225));
#18202=CARTESIAN_POINT('',(-0.5,0.55,-0.225));
#18203=CARTESIAN_POINT('',(-0.475,0.025,-0.225));
#18204=CARTESIAN_POINT('',(-0.475,0.025,-0.225));
#18205=CARTESIAN_POINT('',(-0.475,0.,-0.225));
#18206=CARTESIAN_POINT('',(-0.475,0.025,-0.225));
#18207=CARTESIAN_POINT('',(-0.475,0.525,-0.225));
#18208=CARTESIAN_POINT('',(-0.475,0.525,-0.225));
#18209=CARTESIAN_POINT('',(-0.475,0.55,-0.225));
#18210=CARTESIAN_POINT('',(-0.475,0.525,-0.225));
#18211=CARTESIAN_POINT('',(-0.5,0.025,-0.225));
#18212=CARTESIAN_POINT('',(0.,0.,-0.225));
#18213=CARTESIAN_POINT('',(-0.5,0.025,-0.25));
#18214=CARTESIAN_POINT('',(-0.475,0.025,-0.25));
#18215=CARTESIAN_POINT('',(-0.475,0.025,0.225));
#18216=CARTESIAN_POINT('',(-0.475,0.,0.225));
#18217=CARTESIAN_POINT('',(-0.5,0.025,0.225));
#18218=CARTESIAN_POINT('',(-0.5,0.025,-0.25));
#18219=CARTESIAN_POINT('',(-0.475,0.,1.02999206386123E-16));
#18220=CARTESIAN_POINT('',(-0.475,0.525,1.02999206386123E-16));
#18221=CARTESIAN_POINT('',(-0.475,0.525,0.225));
#18222=CARTESIAN_POINT('',(-0.5,0.525,0.225));
#18223=CARTESIAN_POINT('',(-0.475,0.55,0.225));
#18224=CARTESIAN_POINT('',(-0.475,0.55,0.25));
#18225=CARTESIAN_POINT('',(-0.5,0.525,-0.25));
#18226=CARTESIAN_POINT('',(0.,0.525,-0.225));
#18227=CARTESIAN_POINT('',(-0.275,0.525,-0.25));
#18228=CARTESIAN_POINT('',(-0.5,0.55,-0.225));
#18229=CARTESIAN_POINT('',(-0.475,0.025,0.225));
#18230=CARTESIAN_POINT('',(-0.475,0.025,0.225));
#18231=CARTESIAN_POINT('',(-0.475,0.025,0.25));
#18232=CARTESIAN_POINT('',(-0.475,0.025,0.225));
#18233=CARTESIAN_POINT('',(-0.475,0.525,0.225));
#18234=CARTESIAN_POINT('',(-0.475,0.525,0.225));
#18235=CARTESIAN_POINT('',(-0.475,0.525,0.25));
#18236=CARTESIAN_POINT('',(-0.475,0.525,0.225));
#18237=CARTESIAN_POINT('',(-0.5,0.025,0.225));
#18238=CARTESIAN_POINT('',(-0.5,0.025,0.25));
#18239=CARTESIAN_POINT('',(0.,0.,0.225));
#18240=CARTESIAN_POINT('',(-0.475,0.55,0.225));
#18241=CARTESIAN_POINT('',(-0.475,0.55,0.25));
#18242=CARTESIAN_POINT('',(-0.5,0.55,0.225));
#18243=CARTESIAN_POINT('',(0.,0.525,0.225));
#18244=CARTESIAN_POINT('',(-0.275,0.55,0.225));
#18245=CARTESIAN_POINT('',(-0.5,0.525,0.25));
#18246=CARTESIAN_POINT('',(0.,0.,0.));
#18247=CARTESIAN_POINT('',(0.,0.55,0.));
#18248=CARTESIAN_POINT('',(-0.5,0.55,-0.25));
#18249=CARTESIAN_POINT('',(-0.5,0.55,0.25));
#18250=CARTESIAN_POINT('',(-0.5,0.55,-0.25));
#18251=CARTESIAN_POINT('',(0.475,0.55,-0.225));
#18252=CARTESIAN_POINT('',(0.475,0.525,-0.225));
#18253=CARTESIAN_POINT('',(0.5,0.525,-0.225));
#18254=CARTESIAN_POINT('',(0.475,0.525,-0.25));
#18255=CARTESIAN_POINT('',(0.5,0.55,-0.225));
#18256=CARTESIAN_POINT('',(0.5,0.025,-0.225));
#18257=CARTESIAN_POINT('',(0.475,0.025,-0.225));
#18258=CARTESIAN_POINT('',(0.475,0.025,-0.25));
#18259=CARTESIAN_POINT('',(0.475,0.55,-0.25));
#18260=CARTESIAN_POINT('',(0.475,0.025,-0.225));
#18261=CARTESIAN_POINT('',(0.475,0.025,-0.225));
#18262=CARTESIAN_POINT('',(0.475,0.,-0.225));
#18263=CARTESIAN_POINT('',(0.475,0.025,-0.225));
#18264=CARTESIAN_POINT('',(0.475,0.525,-0.225));
#18265=CARTESIAN_POINT('',(0.475,0.525,-0.225));
#18266=CARTESIAN_POINT('',(0.475,0.55,-0.225));
#18267=CARTESIAN_POINT('',(0.475,0.525,-0.225));
#18268=CARTESIAN_POINT('',(0.5,0.025,-0.225));
#18269=CARTESIAN_POINT('',(0.275,0.025,-0.225));
#18270=CARTESIAN_POINT('',(0.275,0.,-0.225));
#18271=CARTESIAN_POINT('',(0.275,0.025,-0.25));
#18272=CARTESIAN_POINT('',(0.5,0.025,-0.25));
#18273=CARTESIAN_POINT('',(0.,0.,-0.225));
#18274=CARTESIAN_POINT('',(0.475,0.025,-0.25));
#18275=CARTESIAN_POINT('',(0.475,0.025,0.225));
#18276=CARTESIAN_POINT('',(0.475,0.,0.225));
#18277=CARTESIAN_POINT('',(0.5,0.025,0.225));
#18278=CARTESIAN_POINT('',(0.475,0.,1.02999206386123E-16));
#18279=CARTESIAN_POINT('',(0.5,0.025,-0.25));
#18280=CARTESIAN_POINT('',(0.475,0.525,1.02999206386123E-16));
#18281=CARTESIAN_POINT('',(0.475,0.525,0.225));
#18282=CARTESIAN_POINT('',(0.5,0.525,0.225));
#18283=CARTESIAN_POINT('',(0.475,0.55,0.225));
#18284=CARTESIAN_POINT('',(0.5,0.525,-0.25));
#18285=CARTESIAN_POINT('',(0.475,0.55,0.25));
#18286=CARTESIAN_POINT('',(0.,0.525,-0.225));
#18287=CARTESIAN_POINT('',(0.275,0.525,-0.225));
#18288=CARTESIAN_POINT('',(0.275,0.525,-0.25));
#18289=CARTESIAN_POINT('',(0.275,0.55,-0.225));
#18290=CARTESIAN_POINT('',(0.5,0.55,-0.225));
#18291=CARTESIAN_POINT('',(0.275,0.525,-0.25));
#18292=CARTESIAN_POINT('',(0.475,0.025,0.225));
#18293=CARTESIAN_POINT('',(0.475,0.025,0.225));
#18294=CARTESIAN_POINT('',(0.475,0.025,0.25));
#18295=CARTESIAN_POINT('',(0.475,0.025,0.225));
#18296=CARTESIAN_POINT('',(0.475,0.525,0.225));
#18297=CARTESIAN_POINT('',(0.475,0.525,0.225));
#18298=CARTESIAN_POINT('',(0.475,0.525,0.25));
#18299=CARTESIAN_POINT('',(0.475,0.525,0.225));
#18300=CARTESIAN_POINT('',(0.5,0.025,0.225));
#18301=CARTESIAN_POINT('',(0.275,0.025,0.225));
#18302=CARTESIAN_POINT('',(0.275,0.025,0.25));
#18303=CARTESIAN_POINT('',(0.275,0.,0.225));
#18304=CARTESIAN_POINT('',(0.,0.,0.225));
#18305=CARTESIAN_POINT('',(0.5,0.025,0.25));
#18306=CARTESIAN_POINT('',(0.475,0.55,0.225));
#18307=CARTESIAN_POINT('',(0.5,0.55,0.225));
#18308=CARTESIAN_POINT('',(0.475,0.55,0.25));
#18309=CARTESIAN_POINT('',(0.,0.525,0.225));
#18310=CARTESIAN_POINT('',(0.275,0.525,0.225));
#18311=CARTESIAN_POINT('',(0.275,0.55,0.225));
#18312=CARTESIAN_POINT('',(0.275,0.525,0.25));
#18313=CARTESIAN_POINT('',(0.5,0.525,0.25));
#18314=CARTESIAN_POINT('',(0.275,0.55,0.225));
#18315=CARTESIAN_POINT('',(0.,0.,0.));
#18316=CARTESIAN_POINT('',(0.275,0.,-0.25));
#18317=CARTESIAN_POINT('',(0.,0.55,0.));
#18318=CARTESIAN_POINT('',(0.275,0.55,-0.25));
#18319=CARTESIAN_POINT('',(0.5,0.55,-0.25));
#18320=CARTESIAN_POINT('',(0.275,0.55,-0.25));
#18321=CARTESIAN_POINT('',(0.275,0.55,-0.25));
#18322=CARTESIAN_POINT('',(0.274999999987813,0.025,-0.241666666666667));
#18323=CARTESIAN_POINT('',(0.2750000001015,0.025,-0.241666666666667));
#18324=CARTESIAN_POINT('',(0.274999999987813,0.525,-0.241666666666667));
#18325=CARTESIAN_POINT('',(0.274999999987813,0.525,-0.225));
#18326=CARTESIAN_POINT('',(0.2750000001015,0.541666666666667,-0.225));
#18327=CARTESIAN_POINT('',(0.274999999987813,0.541666666666667,-0.225000000097578));
#18328=CARTESIAN_POINT('',(0.2750000001015,0.541666666666667,0.225));
#18329=CARTESIAN_POINT('',(0.274999999987813,0.525,0.225));
#18330=CARTESIAN_POINT('',(0.2750000001015,0.525,0.241666666666667));
#18331=CARTESIAN_POINT('',(0.274999999987813,0.525,0.241666666666667));
#18332=CARTESIAN_POINT('',(0.2750000001015,0.025,0.241666666666667));
#18333=CARTESIAN_POINT('',(0.274999999987813,0.025,0.225));
#18334=CARTESIAN_POINT('',(0.2750000001015,0.0083333333333333,0.225));
#18335=CARTESIAN_POINT('',(0.274999999987813,0.00833333333333333,0.224999999902422));
#18336=CARTESIAN_POINT('',(0.2750000001015,0.00833333333333333,-0.225));
#18337=CARTESIAN_POINT('',(0.274999999987813,0.025,-0.225));
#18338=CARTESIAN_POINT('',(0.275,0.55,0.25));
#18339=CARTESIAN_POINT('',(0.5,0.55,0.25));
#18340=CARTESIAN_POINT('',(0.5,0.55,-0.25));
#18341=CARTESIAN_POINT('',(500000.,0.525,-0.225000000043368));
#18342=CARTESIAN_POINT('',(500000.,0.525,-0.241666666710035));
#18343=CARTESIAN_POINT('',(500000.,0.541666666666667,-0.225000000043368));
#18344=CARTESIAN_POINT('',(500000.,0.541666666666667,-0.225000000043368));
#18345=CARTESIAN_POINT('',(500000.,0.541666666666667,0.224999999956632));
#18346=CARTESIAN_POINT('',(500000.,0.525,0.224999999956632));
#18347=CARTESIAN_POINT('',(500000.,0.525,0.241666666623298));
#18348=CARTESIAN_POINT('',(500000.,0.525,0.241666666623298));
#18349=CARTESIAN_POINT('',(500000.,0.025,0.241666666623299));
#18350=CARTESIAN_POINT('',(500000.,0.025,0.224999999956632));
#18351=CARTESIAN_POINT('',(500000.,0.0083333333333333,0.224999999956632));
#18352=CARTESIAN_POINT('',(500000.,0.00833333333333333,0.224999999956632));
#18353=CARTESIAN_POINT('',(500000.,0.00833333333333333,-0.225000000043368));
#18354=CARTESIAN_POINT('',(500000.,0.025,-0.225000000043368));
#18355=CARTESIAN_POINT('',(500000.,0.025,-0.241666666710035));
#18356=CARTESIAN_POINT('',(500000.,0.025,-0.241666666710035));
#18357=CARTESIAN_POINT('',(-1.65,5.11,1.79));
#18358=CARTESIAN_POINT('',(-0.275,-0.55,-0.25));
#18359=CARTESIAN_POINT('',(-0.275,0.,-0.25));
#18360=CARTESIAN_POINT('',(-0.275,0.,0.225));
#18361=CARTESIAN_POINT('',(-0.275,0.,-0.225));
#18362=CARTESIAN_POINT('',(-0.275,-0.025,0.225));
#18363=CARTESIAN_POINT('',(-0.275,-0.025,0.25));
#18364=CARTESIAN_POINT('',(-0.275,-0.55,0.25));
#18365=CARTESIAN_POINT('',(-0.275,-0.525,0.25));
#18366=CARTESIAN_POINT('',(-0.275,-0.525,0.225));
#18367=CARTESIAN_POINT('',(-0.275,-0.55,0.225));
#18368=CARTESIAN_POINT('',(-0.275,-0.55,-0.25));
#18369=CARTESIAN_POINT('',(-0.275,-0.55,-0.225));
#18370=CARTESIAN_POINT('',(-0.275,-0.525,-0.225));
#18371=CARTESIAN_POINT('',(-0.275,-0.525,-0.25));
#18372=CARTESIAN_POINT('',(-0.275,-0.55,-0.25));
#18373=CARTESIAN_POINT('',(-0.275,-0.025,-0.25));
#18374=CARTESIAN_POINT('',(-0.275,-0.025,-0.225));
#18375=CARTESIAN_POINT('',(-0.275,-0.525,-0.225));
#18376=CARTESIAN_POINT('',(-0.275,-0.525,-0.241666666666667));
#18377=CARTESIAN_POINT('',(-0.275,-0.541666666666667,-0.225));
#18378=CARTESIAN_POINT('',(-0.275,-0.541666666666667,-0.225));
#18379=CARTESIAN_POINT('',(-0.275,-0.541666666666667,0.225));
#18380=CARTESIAN_POINT('',(-0.275,-0.525,0.225));
#18381=CARTESIAN_POINT('',(-0.275,-0.525,0.241666666666667));
#18382=CARTESIAN_POINT('',(-0.275,-0.525,0.241666666666667));
#18383=CARTESIAN_POINT('',(-0.275,-0.025,0.241666666666667));
#18384=CARTESIAN_POINT('',(-0.275,-0.025,0.225));
#18385=CARTESIAN_POINT('',(-0.275,-0.00833333333333328,0.225));
#18386=CARTESIAN_POINT('',(-0.275,-0.00833333333333333,0.225));
#18387=CARTESIAN_POINT('',(-0.275,-0.00833333333333333,-0.225));
#18388=CARTESIAN_POINT('',(-0.275,-0.025,-0.225));
#18389=CARTESIAN_POINT('',(-0.275,-0.025,-0.241666666666667));
#18390=CARTESIAN_POINT('',(-0.275,-0.025,-0.241666666666667));
#18391=CARTESIAN_POINT('',(-0.475,-0.55,-0.225));
#18392=CARTESIAN_POINT('',(-0.475,-0.525,-0.225));
#18393=CARTESIAN_POINT('',(-0.5,-0.525,-0.225));
#18394=CARTESIAN_POINT('',(-0.475,-0.525,-0.25));
#18395=CARTESIAN_POINT('',(-0.5,-0.55,-0.225));
#18396=CARTESIAN_POINT('',(-0.5,-0.025,-0.225));
#18397=CARTESIAN_POINT('',(-0.475,-0.025,-0.225));
#18398=CARTESIAN_POINT('',(-0.475,-0.025,-0.25));
#18399=CARTESIAN_POINT('',(-0.475,-0.55,-0.25));
#18400=CARTESIAN_POINT('',(-0.475,-0.025,-0.225));
#18401=CARTESIAN_POINT('',(-0.475,-0.025,-0.225));
#18402=CARTESIAN_POINT('',(-0.475,0.,-0.225));
#18403=CARTESIAN_POINT('',(-0.475,-0.025,-0.225));
#18404=CARTESIAN_POINT('',(-0.475,-0.525,-0.225));
#18405=CARTESIAN_POINT('',(-0.475,-0.525,-0.225));
#18406=CARTESIAN_POINT('',(-0.475,-0.55,-0.225));
#18407=CARTESIAN_POINT('',(-0.475,-0.525,-0.225));
#18408=CARTESIAN_POINT('',(-0.5,-0.025,-0.225));
#18409=CARTESIAN_POINT('',(-0.5,-0.025,-0.25));
#18410=CARTESIAN_POINT('',(0.,0.,-0.225));
#18411=CARTESIAN_POINT('',(-0.475,-0.025,-0.25));
#18412=CARTESIAN_POINT('',(-0.475,-0.025,0.225));
#18413=CARTESIAN_POINT('',(-0.475,0.,0.225));
#18414=CARTESIAN_POINT('',(-0.5,-0.025,0.225));
#18415=CARTESIAN_POINT('',(-0.475,0.,1.02999206386123E-16));
#18416=CARTESIAN_POINT('',(-0.5,-0.025,-0.25));
#18417=CARTESIAN_POINT('',(-0.475,-0.525,1.02999206386123E-16));
#18418=CARTESIAN_POINT('',(-0.475,-0.525,0.225));
#18419=CARTESIAN_POINT('',(-0.5,-0.525,0.225));
#18420=CARTESIAN_POINT('',(-0.475,-0.55,0.225));
#18421=CARTESIAN_POINT('',(-0.5,-0.525,-0.25));
#18422=CARTESIAN_POINT('',(-0.475,-0.55,0.25));
#18423=CARTESIAN_POINT('',(0.,-0.525,-0.225));
#18424=CARTESIAN_POINT('',(-0.5,-0.55,-0.225));
#18425=CARTESIAN_POINT('',(-0.275,-0.525,-0.25));
#18426=CARTESIAN_POINT('',(-0.475,-0.025,0.225));
#18427=CARTESIAN_POINT('',(-0.475,-0.025,0.225));
#18428=CARTESIAN_POINT('',(-0.475,-0.025,0.25));
#18429=CARTESIAN_POINT('',(-0.475,-0.025,0.225));
#18430=CARTESIAN_POINT('',(-0.475,-0.525,0.225));
#18431=CARTESIAN_POINT('',(-0.475,-0.525,0.225));
#18432=CARTESIAN_POINT('',(-0.475,-0.525,0.25));
#18433=CARTESIAN_POINT('',(-0.475,-0.525,0.225));
#18434=CARTESIAN_POINT('',(-0.5,-0.025,0.225));
#18435=CARTESIAN_POINT('',(0.,0.,0.225));
#18436=CARTESIAN_POINT('',(-0.5,-0.025,0.25));
#18437=CARTESIAN_POINT('',(-0.475,-0.55,0.225));
#18438=CARTESIAN_POINT('',(-0.5,-0.55,0.225));
#18439=CARTESIAN_POINT('',(-0.475,-0.55,0.25));
#18440=CARTESIAN_POINT('',(0.,-0.525,0.225));
#18441=CARTESIAN_POINT('',(-0.5,-0.525,0.25));
#18442=CARTESIAN_POINT('',(-0.275,-0.55,0.225));
#18443=CARTESIAN_POINT('',(0.,0.,0.));
#18444=CARTESIAN_POINT('',(0.,-0.55,0.));
#18445=CARTESIAN_POINT('',(-0.5,-0.55,-0.25));
#18446=CARTESIAN_POINT('',(-0.5,-0.55,0.25));
#18447=CARTESIAN_POINT('',(-0.5,-0.55,-0.25));
#18448=CARTESIAN_POINT('',(0.475,-0.55,-0.225));
#18449=CARTESIAN_POINT('',(0.475,-0.525,-0.225));
#18450=CARTESIAN_POINT('',(0.5,-0.525,-0.225));
#18451=CARTESIAN_POINT('',(0.475,-0.525,-0.25));
#18452=CARTESIAN_POINT('',(0.475,-0.55,-0.25));
#18453=CARTESIAN_POINT('',(0.475,-0.025,-0.25));
#18454=CARTESIAN_POINT('',(0.475,-0.025,-0.225));
#18455=CARTESIAN_POINT('',(0.5,-0.025,-0.225));
#18456=CARTESIAN_POINT('',(0.5,-0.55,-0.225));
#18457=CARTESIAN_POINT('',(0.475,-0.025,-0.225));
#18458=CARTESIAN_POINT('',(0.475,-0.025,-0.225));
#18459=CARTESIAN_POINT('',(0.475,0.,-0.225));
#18460=CARTESIAN_POINT('',(0.475,-0.025,-0.225));
#18461=CARTESIAN_POINT('',(0.475,-0.525,-0.225));
#18462=CARTESIAN_POINT('',(0.475,-0.525,-0.225));
#18463=CARTESIAN_POINT('',(0.475,-0.55,-0.225));
#18464=CARTESIAN_POINT('',(0.475,-0.525,-0.225));
#18465=CARTESIAN_POINT('',(0.5,-0.025,-0.225));
#18466=CARTESIAN_POINT('',(0.275,-0.025,-0.225));
#18467=CARTESIAN_POINT('',(0.275,0.,-0.225));
#18468=CARTESIAN_POINT('',(0.275,-0.025,-0.25));
#18469=CARTESIAN_POINT('',(0.,0.,-0.225));
#18470=CARTESIAN_POINT('',(0.5,-0.025,-0.25));
#18471=CARTESIAN_POINT('',(0.475,-0.025,-0.25));
#18472=CARTESIAN_POINT('',(0.475,-0.025,0.225));
#18473=CARTESIAN_POINT('',(0.475,0.,0.225));
#18474=CARTESIAN_POINT('',(0.5,-0.025,0.225));
#18475=CARTESIAN_POINT('',(0.5,-0.025,-0.25));
#18476=CARTESIAN_POINT('',(0.475,0.,1.02999206386123E-16));
#18477=CARTESIAN_POINT('',(0.475,-0.525,1.02999206386123E-16));
#18478=CARTESIAN_POINT('',(0.475,-0.525,0.225));
#18479=CARTESIAN_POINT('',(0.5,-0.525,0.225));
#18480=CARTESIAN_POINT('',(0.475,-0.55,0.225));
#18481=CARTESIAN_POINT('',(0.475,-0.55,0.25));
#18482=CARTESIAN_POINT('',(0.5,-0.525,-0.25));
#18483=CARTESIAN_POINT('',(0.,-0.525,-0.225));
#18484=CARTESIAN_POINT('',(0.275,-0.525,-0.225));
#18485=CARTESIAN_POINT('',(0.275,-0.525,-0.25));
#18486=CARTESIAN_POINT('',(0.275,-0.55,-0.225));
#18487=CARTESIAN_POINT('',(0.275,-0.525,-0.25));
#18488=CARTESIAN_POINT('',(0.5,-0.55,-0.225));
#18489=CARTESIAN_POINT('',(0.475,-0.025,0.225));
#18490=CARTESIAN_POINT('',(0.475,-0.025,0.225));
#18491=CARTESIAN_POINT('',(0.475,-0.025,0.25));
#18492=CARTESIAN_POINT('',(0.475,-0.025,0.225));
#18493=CARTESIAN_POINT('',(0.475,-0.525,0.225));
#18494=CARTESIAN_POINT('',(0.475,-0.525,0.225));
#18495=CARTESIAN_POINT('',(0.475,-0.525,0.25));
#18496=CARTESIAN_POINT('',(0.475,-0.525,0.225));
#18497=CARTESIAN_POINT('',(0.5,-0.025,0.225));
#18498=CARTESIAN_POINT('',(0.275,-0.025,0.225));
#18499=CARTESIAN_POINT('',(0.275,-0.025,0.25));
#18500=CARTESIAN_POINT('',(0.275,0.,0.225));
#18501=CARTESIAN_POINT('',(0.5,-0.025,0.25));
#18502=CARTESIAN_POINT('',(0.,0.,0.225));
#18503=CARTESIAN_POINT('',(0.475,-0.55,0.225));
#18504=CARTESIAN_POINT('',(0.475,-0.55,0.25));
#18505=CARTESIAN_POINT('',(0.5,-0.55,0.225));
#18506=CARTESIAN_POINT('',(0.,-0.525,0.225));
#18507=CARTESIAN_POINT('',(0.275,-0.525,0.225));
#18508=CARTESIAN_POINT('',(0.275,-0.55,0.225));
#18509=CARTESIAN_POINT('',(0.275,-0.525,0.25));
#18510=CARTESIAN_POINT('',(0.275,-0.55,0.225));
#18511=CARTESIAN_POINT('',(0.5,-0.525,0.25));
#18512=CARTESIAN_POINT('',(0.,0.,0.));
#18513=CARTESIAN_POINT('',(0.275,0.,-0.25));
#18514=CARTESIAN_POINT('',(0.,-0.55,0.));
#18515=CARTESIAN_POINT('',(0.275,-0.55,-0.25));
#18516=CARTESIAN_POINT('',(0.5,-0.55,-0.25));
#18517=CARTESIAN_POINT('',(0.275,-0.55,-0.25));
#18518=CARTESIAN_POINT('',(0.275,-0.55,-0.25));
#18519=CARTESIAN_POINT('',(0.274999999987813,-0.025,-0.241666666666667));
#18520=CARTESIAN_POINT('',(0.2750000001015,-0.025,-0.241666666666667));
#18521=CARTESIAN_POINT('',(0.274999999987813,-0.525,-0.241666666666667));
#18522=CARTESIAN_POINT('',(0.274999999987813,-0.025,-0.225));
#18523=CARTESIAN_POINT('',(0.2750000001015,-0.00833333333333333,-0.225));
#18524=CARTESIAN_POINT('',(0.274999999987813,-0.00833333333333333,0.224999999902422));
#18525=CARTESIAN_POINT('',(0.2750000001015,-0.0083333333333333,0.225));
#18526=CARTESIAN_POINT('',(0.274999999987813,-0.025,0.225));
#18527=CARTESIAN_POINT('',(0.2750000001015,-0.025,0.241666666666667));
#18528=CARTESIAN_POINT('',(0.274999999987813,-0.525,0.241666666666667));
#18529=CARTESIAN_POINT('',(0.2750000001015,-0.525,0.241666666666667));
#18530=CARTESIAN_POINT('',(0.274999999987813,-0.525,0.225));
#18531=CARTESIAN_POINT('',(0.2750000001015,-0.541666666666667,0.225));
#18532=CARTESIAN_POINT('',(0.274999999987813,-0.541666666666667,-0.225000000097578));
#18533=CARTESIAN_POINT('',(0.2750000001015,-0.541666666666667,-0.225));
#18534=CARTESIAN_POINT('',(0.274999999987813,-0.525,-0.225));
#18535=CARTESIAN_POINT('',(0.275,-0.55,0.25));
#18536=CARTESIAN_POINT('',(0.5,-0.55,0.25));
#18537=CARTESIAN_POINT('',(0.5,-0.55,-0.25));
#18538=CARTESIAN_POINT('',(500000.,-0.525,-0.225000000043368));
#18539=CARTESIAN_POINT('',(500000.,-0.541666666666667,-0.225000000043368));
#18540=CARTESIAN_POINT('',(500000.,-0.525,-0.241666666710035));
#18541=CARTESIAN_POINT('',(500000.,-0.541666666666667,-0.225000000043368));
#18542=CARTESIAN_POINT('',(500000.,-0.541666666666667,0.224999999956632));
#18543=CARTESIAN_POINT('',(500000.,-0.525,0.224999999956632));
#18544=CARTESIAN_POINT('',(500000.,-0.525,0.241666666623298));
#18545=CARTESIAN_POINT('',(500000.,-0.525,0.241666666623298));
#18546=CARTESIAN_POINT('',(500000.,-0.025,0.241666666623299));
#18547=CARTESIAN_POINT('',(500000.,-0.025,0.224999999956632));
#18548=CARTESIAN_POINT('',(500000.,-0.0083333333333333,0.224999999956632));
#18549=CARTESIAN_POINT('',(500000.,-0.00833333333333333,0.224999999956632));
#18550=CARTESIAN_POINT('',(500000.,-0.00833333333333333,-0.225000000043368));
#18551=CARTESIAN_POINT('',(500000.,-0.025,-0.225000000043368));
#18552=CARTESIAN_POINT('',(500000.,-0.025,-0.241666666710035));
#18553=CARTESIAN_POINT('',(500000.,-0.025,-0.241666666710035));
#18554=CARTESIAN_POINT('',(-1.65,-5.11,1.79));
#18555=CARTESIAN_POINT('',(-0.275,-0.55,-0.25));
#18556=CARTESIAN_POINT('',(-0.275,0.,-0.25));
#18557=CARTESIAN_POINT('',(-0.275,0.,0.225));
#18558=CARTESIAN_POINT('',(-0.275,0.,-0.225));
#18559=CARTESIAN_POINT('',(-0.275,-0.025,0.225));
#18560=CARTESIAN_POINT('',(-0.275,-0.025,0.25));
#18561=CARTESIAN_POINT('',(-0.275,-0.55,0.25));
#18562=CARTESIAN_POINT('',(-0.275,-0.525,0.25));
#18563=CARTESIAN_POINT('',(-0.275,-0.525,0.225));
#18564=CARTESIAN_POINT('',(-0.275,-0.55,0.225));
#18565=CARTESIAN_POINT('',(-0.275,-0.55,-0.25));
#18566=CARTESIAN_POINT('',(-0.275,-0.55,-0.225));
#18567=CARTESIAN_POINT('',(-0.275,-0.525,-0.225));
#18568=CARTESIAN_POINT('',(-0.275,-0.525,-0.25));
#18569=CARTESIAN_POINT('',(-0.275,-0.55,-0.25));
#18570=CARTESIAN_POINT('',(-0.275,-0.025,-0.25));
#18571=CARTESIAN_POINT('',(-0.275,-0.025,-0.225));
#18572=CARTESIAN_POINT('',(-0.275,-0.525,-0.225));
#18573=CARTESIAN_POINT('',(-0.275,-0.525,-0.241666666666667));
#18574=CARTESIAN_POINT('',(-0.275,-0.541666666666667,-0.225));
#18575=CARTESIAN_POINT('',(-0.275,-0.541666666666667,-0.225));
#18576=CARTESIAN_POINT('',(-0.275,-0.541666666666667,0.225));
#18577=CARTESIAN_POINT('',(-0.275,-0.525,0.225));
#18578=CARTESIAN_POINT('',(-0.275,-0.525,0.241666666666667));
#18579=CARTESIAN_POINT('',(-0.275,-0.525,0.241666666666667));
#18580=CARTESIAN_POINT('',(-0.275,-0.025,0.241666666666667));
#18581=CARTESIAN_POINT('',(-0.275,-0.025,0.225));
#18582=CARTESIAN_POINT('',(-0.275,-0.00833333333333328,0.225));
#18583=CARTESIAN_POINT('',(-0.275,-0.00833333333333333,0.225));
#18584=CARTESIAN_POINT('',(-0.275,-0.00833333333333333,-0.225));
#18585=CARTESIAN_POINT('',(-0.275,-0.025,-0.225));
#18586=CARTESIAN_POINT('',(-0.275,-0.025,-0.241666666666667));
#18587=CARTESIAN_POINT('',(-0.275,-0.025,-0.241666666666667));
#18588=CARTESIAN_POINT('',(-0.475,-0.55,-0.225));
#18589=CARTESIAN_POINT('',(-0.475,-0.525,-0.225));
#18590=CARTESIAN_POINT('',(-0.5,-0.525,-0.225));
#18591=CARTESIAN_POINT('',(-0.475,-0.525,-0.25));
#18592=CARTESIAN_POINT('',(-0.5,-0.55,-0.225));
#18593=CARTESIAN_POINT('',(-0.5,-0.025,-0.225));
#18594=CARTESIAN_POINT('',(-0.475,-0.025,-0.225));
#18595=CARTESIAN_POINT('',(-0.475,-0.025,-0.25));
#18596=CARTESIAN_POINT('',(-0.475,-0.55,-0.25));
#18597=CARTESIAN_POINT('',(-0.475,-0.025,-0.225));
#18598=CARTESIAN_POINT('',(-0.475,-0.025,-0.225));
#18599=CARTESIAN_POINT('',(-0.475,0.,-0.225));
#18600=CARTESIAN_POINT('',(-0.475,-0.025,-0.225));
#18601=CARTESIAN_POINT('',(-0.475,-0.525,-0.225));
#18602=CARTESIAN_POINT('',(-0.475,-0.525,-0.225));
#18603=CARTESIAN_POINT('',(-0.475,-0.55,-0.225));
#18604=CARTESIAN_POINT('',(-0.475,-0.525,-0.225));
#18605=CARTESIAN_POINT('',(-0.5,-0.025,-0.225));
#18606=CARTESIAN_POINT('',(-0.5,-0.025,-0.25));
#18607=CARTESIAN_POINT('',(0.,0.,-0.225));
#18608=CARTESIAN_POINT('',(-0.475,-0.025,-0.25));
#18609=CARTESIAN_POINT('',(-0.475,-0.025,0.225));
#18610=CARTESIAN_POINT('',(-0.475,0.,0.225));
#18611=CARTESIAN_POINT('',(-0.5,-0.025,0.225));
#18612=CARTESIAN_POINT('',(-0.475,0.,1.02999206386123E-16));
#18613=CARTESIAN_POINT('',(-0.5,-0.025,-0.25));
#18614=CARTESIAN_POINT('',(-0.475,-0.525,1.02999206386123E-16));
#18615=CARTESIAN_POINT('',(-0.475,-0.525,0.225));
#18616=CARTESIAN_POINT('',(-0.5,-0.525,0.225));
#18617=CARTESIAN_POINT('',(-0.475,-0.55,0.225));
#18618=CARTESIAN_POINT('',(-0.5,-0.525,-0.25));
#18619=CARTESIAN_POINT('',(-0.475,-0.55,0.25));
#18620=CARTESIAN_POINT('',(0.,-0.525,-0.225));
#18621=CARTESIAN_POINT('',(-0.5,-0.55,-0.225));
#18622=CARTESIAN_POINT('',(-0.275,-0.525,-0.25));
#18623=CARTESIAN_POINT('',(-0.475,-0.025,0.225));
#18624=CARTESIAN_POINT('',(-0.475,-0.025,0.225));
#18625=CARTESIAN_POINT('',(-0.475,-0.025,0.25));
#18626=CARTESIAN_POINT('',(-0.475,-0.025,0.225));
#18627=CARTESIAN_POINT('',(-0.475,-0.525,0.225));
#18628=CARTESIAN_POINT('',(-0.475,-0.525,0.225));
#18629=CARTESIAN_POINT('',(-0.475,-0.525,0.25));
#18630=CARTESIAN_POINT('',(-0.475,-0.525,0.225));
#18631=CARTESIAN_POINT('',(-0.5,-0.025,0.225));
#18632=CARTESIAN_POINT('',(0.,0.,0.225));
#18633=CARTESIAN_POINT('',(-0.5,-0.025,0.25));
#18634=CARTESIAN_POINT('',(-0.475,-0.55,0.225));
#18635=CARTESIAN_POINT('',(-0.5,-0.55,0.225));
#18636=CARTESIAN_POINT('',(-0.475,-0.55,0.25));
#18637=CARTESIAN_POINT('',(0.,-0.525,0.225));
#18638=CARTESIAN_POINT('',(-0.5,-0.525,0.25));
#18639=CARTESIAN_POINT('',(-0.275,-0.55,0.225));
#18640=CARTESIAN_POINT('',(0.,0.,0.));
#18641=CARTESIAN_POINT('',(0.,-0.55,0.));
#18642=CARTESIAN_POINT('',(-0.5,-0.55,-0.25));
#18643=CARTESIAN_POINT('',(-0.5,-0.55,0.25));
#18644=CARTESIAN_POINT('',(-0.5,-0.55,-0.25));
#18645=CARTESIAN_POINT('',(0.475,-0.55,-0.225));
#18646=CARTESIAN_POINT('',(0.475,-0.525,-0.225));
#18647=CARTESIAN_POINT('',(0.5,-0.525,-0.225));
#18648=CARTESIAN_POINT('',(0.475,-0.525,-0.25));
#18649=CARTESIAN_POINT('',(0.475,-0.55,-0.25));
#18650=CARTESIAN_POINT('',(0.475,-0.025,-0.25));
#18651=CARTESIAN_POINT('',(0.475,-0.025,-0.225));
#18652=CARTESIAN_POINT('',(0.5,-0.025,-0.225));
#18653=CARTESIAN_POINT('',(0.5,-0.55,-0.225));
#18654=CARTESIAN_POINT('',(0.475,-0.025,-0.225));
#18655=CARTESIAN_POINT('',(0.475,-0.025,-0.225));
#18656=CARTESIAN_POINT('',(0.475,0.,-0.225));
#18657=CARTESIAN_POINT('',(0.475,-0.025,-0.225));
#18658=CARTESIAN_POINT('',(0.475,-0.525,-0.225));
#18659=CARTESIAN_POINT('',(0.475,-0.525,-0.225));
#18660=CARTESIAN_POINT('',(0.475,-0.55,-0.225));
#18661=CARTESIAN_POINT('',(0.475,-0.525,-0.225));
#18662=CARTESIAN_POINT('',(0.5,-0.025,-0.225));
#18663=CARTESIAN_POINT('',(0.275,-0.025,-0.225));
#18664=CARTESIAN_POINT('',(0.275,0.,-0.225));
#18665=CARTESIAN_POINT('',(0.275,-0.025,-0.25));
#18666=CARTESIAN_POINT('',(0.,0.,-0.225));
#18667=CARTESIAN_POINT('',(0.5,-0.025,-0.25));
#18668=CARTESIAN_POINT('',(0.475,-0.025,-0.25));
#18669=CARTESIAN_POINT('',(0.475,-0.025,0.225));
#18670=CARTESIAN_POINT('',(0.475,0.,0.225));
#18671=CARTESIAN_POINT('',(0.5,-0.025,0.225));
#18672=CARTESIAN_POINT('',(0.5,-0.025,-0.25));
#18673=CARTESIAN_POINT('',(0.475,0.,1.02999206386123E-16));
#18674=CARTESIAN_POINT('',(0.475,-0.525,1.02999206386123E-16));
#18675=CARTESIAN_POINT('',(0.475,-0.525,0.225));
#18676=CARTESIAN_POINT('',(0.5,-0.525,0.225));
#18677=CARTESIAN_POINT('',(0.475,-0.55,0.225));
#18678=CARTESIAN_POINT('',(0.475,-0.55,0.25));
#18679=CARTESIAN_POINT('',(0.5,-0.525,-0.25));
#18680=CARTESIAN_POINT('',(0.,-0.525,-0.225));
#18681=CARTESIAN_POINT('',(0.275,-0.525,-0.225));
#18682=CARTESIAN_POINT('',(0.275,-0.525,-0.25));
#18683=CARTESIAN_POINT('',(0.275,-0.55,-0.225));
#18684=CARTESIAN_POINT('',(0.275,-0.525,-0.25));
#18685=CARTESIAN_POINT('',(0.5,-0.55,-0.225));
#18686=CARTESIAN_POINT('',(0.475,-0.025,0.225));
#18687=CARTESIAN_POINT('',(0.475,-0.025,0.225));
#18688=CARTESIAN_POINT('',(0.475,-0.025,0.25));
#18689=CARTESIAN_POINT('',(0.475,-0.025,0.225));
#18690=CARTESIAN_POINT('',(0.475,-0.525,0.225));
#18691=CARTESIAN_POINT('',(0.475,-0.525,0.225));
#18692=CARTESIAN_POINT('',(0.475,-0.525,0.25));
#18693=CARTESIAN_POINT('',(0.475,-0.525,0.225));
#18694=CARTESIAN_POINT('',(0.5,-0.025,0.225));
#18695=CARTESIAN_POINT('',(0.275,-0.025,0.225));
#18696=CARTESIAN_POINT('',(0.275,-0.025,0.25));
#18697=CARTESIAN_POINT('',(0.275,0.,0.225));
#18698=CARTESIAN_POINT('',(0.5,-0.025,0.25));
#18699=CARTESIAN_POINT('',(0.,0.,0.225));
#18700=CARTESIAN_POINT('',(0.475,-0.55,0.225));
#18701=CARTESIAN_POINT('',(0.475,-0.55,0.25));
#18702=CARTESIAN_POINT('',(0.5,-0.55,0.225));
#18703=CARTESIAN_POINT('',(0.,-0.525,0.225));
#18704=CARTESIAN_POINT('',(0.275,-0.525,0.225));
#18705=CARTESIAN_POINT('',(0.275,-0.55,0.225));
#18706=CARTESIAN_POINT('',(0.275,-0.525,0.25));
#18707=CARTESIAN_POINT('',(0.275,-0.55,0.225));
#18708=CARTESIAN_POINT('',(0.5,-0.525,0.25));
#18709=CARTESIAN_POINT('',(0.,0.,0.));
#18710=CARTESIAN_POINT('',(0.275,0.,-0.25));
#18711=CARTESIAN_POINT('',(0.,-0.55,0.));
#18712=CARTESIAN_POINT('',(0.275,-0.55,-0.25));
#18713=CARTESIAN_POINT('',(0.5,-0.55,-0.25));
#18714=CARTESIAN_POINT('',(0.275,-0.55,-0.25));
#18715=CARTESIAN_POINT('',(0.275,-0.55,-0.25));
#18716=CARTESIAN_POINT('',(0.274999999987813,-0.025,-0.241666666666667));
#18717=CARTESIAN_POINT('',(0.2750000001015,-0.025,-0.241666666666667));
#18718=CARTESIAN_POINT('',(0.274999999987813,-0.525,-0.241666666666667));
#18719=CARTESIAN_POINT('',(0.274999999987813,-0.025,-0.225));
#18720=CARTESIAN_POINT('',(0.2750000001015,-0.00833333333333333,-0.225));
#18721=CARTESIAN_POINT('',(0.274999999987813,-0.00833333333333333,0.224999999902422));
#18722=CARTESIAN_POINT('',(0.2750000001015,-0.0083333333333333,0.225));
#18723=CARTESIAN_POINT('',(0.274999999987813,-0.025,0.225));
#18724=CARTESIAN_POINT('',(0.2750000001015,-0.025,0.241666666666667));
#18725=CARTESIAN_POINT('',(0.274999999987813,-0.525,0.241666666666667));
#18726=CARTESIAN_POINT('',(0.2750000001015,-0.525,0.241666666666667));
#18727=CARTESIAN_POINT('',(0.274999999987813,-0.525,0.225));
#18728=CARTESIAN_POINT('',(0.2750000001015,-0.541666666666667,0.225));
#18729=CARTESIAN_POINT('',(0.274999999987813,-0.541666666666667,-0.225000000097578));
#18730=CARTESIAN_POINT('',(0.2750000001015,-0.541666666666667,-0.225));
#18731=CARTESIAN_POINT('',(0.274999999987813,-0.525,-0.225));
#18732=CARTESIAN_POINT('',(0.275,-0.55,0.25));
#18733=CARTESIAN_POINT('',(0.5,-0.55,0.25));
#18734=CARTESIAN_POINT('',(0.5,-0.55,-0.25));
#18735=CARTESIAN_POINT('',(500000.,-0.525,-0.225000000043368));
#18736=CARTESIAN_POINT('',(500000.,-0.541666666666667,-0.225000000043368));
#18737=CARTESIAN_POINT('',(500000.,-0.525,-0.241666666710035));
#18738=CARTESIAN_POINT('',(500000.,-0.541666666666667,-0.225000000043368));
#18739=CARTESIAN_POINT('',(500000.,-0.541666666666667,0.224999999956632));
#18740=CARTESIAN_POINT('',(500000.,-0.525,0.224999999956632));
#18741=CARTESIAN_POINT('',(500000.,-0.525,0.241666666623298));
#18742=CARTESIAN_POINT('',(500000.,-0.525,0.241666666623298));
#18743=CARTESIAN_POINT('',(500000.,-0.025,0.241666666623299));
#18744=CARTESIAN_POINT('',(500000.,-0.025,0.224999999956632));
#18745=CARTESIAN_POINT('',(500000.,-0.0083333333333333,0.224999999956632));
#18746=CARTESIAN_POINT('',(500000.,-0.00833333333333333,0.224999999956632));
#18747=CARTESIAN_POINT('',(500000.,-0.00833333333333333,-0.225000000043368));
#18748=CARTESIAN_POINT('',(500000.,-0.025,-0.225000000043368));
#18749=CARTESIAN_POINT('',(500000.,-0.025,-0.241666666710035));
#18750=CARTESIAN_POINT('',(500000.,-0.025,-0.241666666710035));
#18751=CARTESIAN_POINT('',(-1.65,-7.26,1.79));
#18752=CARTESIAN_POINT('',(8.67361737988404E-16,1.8034,6.01853107621011E-32));
#18753=CARTESIAN_POINT('',(3.12420000000001,1.8034,-1.7526));
#18754=CARTESIAN_POINT('',(3.12420000000001,1.8034,1.6256));
#18755=CARTESIAN_POINT('',(3.12420000000001,1.8034,-1.6256));
#18756=CARTESIAN_POINT('',(-3.2512,1.8034,-1.6256));
#18757=CARTESIAN_POINT('',(-3.1242,1.8034,-1.6256));
#18758=CARTESIAN_POINT('',(-3.1242,1.8034,1.7526));
#18759=CARTESIAN_POINT('',(-3.1242,1.8034,1.6256));
#18760=CARTESIAN_POINT('',(3.25120000000001,1.8034,1.6256));
#18761=CARTESIAN_POINT('',(-3.2512,1.8034,-1.6256));
#18762=CARTESIAN_POINT('',(1.524,1.5581025639659,-1.68223137534493));
#18763=CARTESIAN_POINT('',(-1.524,1.5581025639659,-1.68223137534493));
#18764=CARTESIAN_POINT('',(1.524,1.5581025639659,-1.68223137534493));
#18765=CARTESIAN_POINT('',(-1.524,1.5581025639659,-1.68223137534493));
#18766=CARTESIAN_POINT('',(-1.524,1.2533025639659,-1.7526));
#18767=CARTESIAN_POINT('',(8.67361737988404E-16,1.2533025639659,-1.7526));
#18768=CARTESIAN_POINT('',(-3.2512,1.2533025639659,-1.7526));
#18769=CARTESIAN_POINT('',(-3.2512,1.2533025639659,-1.7526));
#18770=CARTESIAN_POINT('',(3.12420000000001,1.8034,-1.6256));
#18771=CARTESIAN_POINT('',(3.2512,1.2533025639659,-1.7526));
#18772=CARTESIAN_POINT('',(8.67361737988404E-16,1.2533025639659,-1.7526));
#18773=CARTESIAN_POINT('',(1.524,1.2533025639659,-1.7526));
#18774=CARTESIAN_POINT('',(1.524,1.5581025639659,-1.68223137534493));
#18775=CARTESIAN_POINT('',(-3.1242,1.8034,1.7526));
#18776=CARTESIAN_POINT('',(-3.2512,1.2533025639659,1.7526));
#18777=CARTESIAN_POINT('',(-3.2512,1.2533025639659,1.7526));
#18778=CARTESIAN_POINT('',(-3.2512,1.2533025639659,-1.7526));
#18779=CARTESIAN_POINT('',(3.25120000000001,1.8034,1.6256));
#18780=CARTESIAN_POINT('',(-3.2512,1.2533025639659,1.7526));
#18781=CARTESIAN_POINT('',(-2.6543,1.2533025639659,1.7526));
#18782=CARTESIAN_POINT('',(-2.6543,1.2533025639659,1.7526));
#18783=CARTESIAN_POINT('',(-2.6543,1.5581025639659,1.68223137534493));
#18784=CARTESIAN_POINT('',(-1.9177,1.5581025639659,1.68223137534493));
#18785=CARTESIAN_POINT('',(-1.9177,1.5581025639659,1.68223137534493));
#18786=CARTESIAN_POINT('',(-1.9177,1.2533025639659,1.7526));
#18787=CARTESIAN_POINT('',(-1.9177,1.2533025639659,1.7526));
#18788=CARTESIAN_POINT('',(-3.2512,1.2533025639659,1.7526));
#18789=CARTESIAN_POINT('',(-0.368299999999999,1.2533025639659,1.7526));
#18790=CARTESIAN_POINT('',(-0.368299999999999,1.2533025639659,1.7526));
#18791=CARTESIAN_POINT('',(-0.368299999999998,1.5581025639659,1.68223137534493));
#18792=CARTESIAN_POINT('',(0.368300000000003,1.5581025639659,1.68223137534493));
#18793=CARTESIAN_POINT('',(0.368300000000003,1.5581025639659,1.68223137534493));
#18794=CARTESIAN_POINT('',(0.368300000000001,1.2533025639659,1.7526));
#18795=CARTESIAN_POINT('',(0.368300000000001,1.2533025639659,1.7526));
#18796=CARTESIAN_POINT('',(-3.2512,1.2533025639659,1.7526));
#18797=CARTESIAN_POINT('',(1.9177,1.2533025639659,1.7526));
#18798=CARTESIAN_POINT('',(1.9177,1.2533025639659,1.7526));
#18799=CARTESIAN_POINT('',(1.9177,1.5581025639659,1.68223137534493));
#18800=CARTESIAN_POINT('',(2.6543,1.5581025639659,1.68223137534493));
#18801=CARTESIAN_POINT('',(2.6543,1.5581025639659,1.68223137534493));
#18802=CARTESIAN_POINT('',(2.6543,1.2533025639659,1.7526));
#18803=CARTESIAN_POINT('',(2.6543,1.2533025639659,1.7526));
#18804=CARTESIAN_POINT('',(-3.2512,1.2533025639659,1.7526));
#18805=CARTESIAN_POINT('',(3.25120000000001,1.2533025639659,1.7526));
#18806=CARTESIAN_POINT('',(3.25120000000001,1.2533025639659,1.7526));
#18807=CARTESIAN_POINT('',(3.12420000000001,1.8034,-1.7526));
#18808=CARTESIAN_POINT('',(3.25120000000001,1.2533025639659,1.7526));
#18809=CARTESIAN_POINT('',(8.67361737988404E-16,1.2533025639659,-1.7526));
#18810=CARTESIAN_POINT('',(1.524,1.2533025639659,-1.7526));
#18811=CARTESIAN_POINT('',(3.15536602192561,0.838199999999999,-1.65676602192561));
#18812=CARTESIAN_POINT('',(3.15536602192561,0.838199999999999,-1.65676602192561));
#18813=CARTESIAN_POINT('',(8.67361737988404E-16,0.838199999999999,-1.65676602192561));
#18814=CARTESIAN_POINT('',(-3.15536602192561,0.838199999999999,-1.65676602192561));
#18815=CARTESIAN_POINT('',(-3.2512,1.2533025639659,-1.7526));
#18816=CARTESIAN_POINT('',(-3.2512,1.2533025639659,-1.7526));
#18817=CARTESIAN_POINT('',(-3.2512,1.2533025639659,1.7526));
#18818=CARTESIAN_POINT('',(-3.15536602192561,0.8382,1.65676602192561));
#18819=CARTESIAN_POINT('',(-3.15536602192561,0.838199999999999,1.20370621524202E-32));
#18820=CARTESIAN_POINT('',(-3.2512,1.2533025639659,1.7526));
#18821=CARTESIAN_POINT('',(2.6543,1.2533025639659,1.7526));
#18822=CARTESIAN_POINT('',(0.368300000000001,1.2533025639659,1.7526));
#18823=CARTESIAN_POINT('',(-1.9177,1.2533025639659,1.7526));
#18824=CARTESIAN_POINT('',(8.13151629364128E-16,0.8382,1.65676602192561));
#18825=CARTESIAN_POINT('',(3.15536602192562,0.8382,1.65676602192561));
#18826=CARTESIAN_POINT('',(3.25120000000001,1.2533025639659,1.7526));
#18827=CARTESIAN_POINT('',(3.25120000000001,1.2533025639659,1.7526));
#18828=CARTESIAN_POINT('',(3.15536602192561,0.8382,7.22223729145213E-32));
#18829=CARTESIAN_POINT('',(8.67361737988404E-16,0.8382,2.40741243048404E-32));
#18830=CARTESIAN_POINT('',(0.368300000000003,1.5581025639659,1.92563368309923));
#18831=CARTESIAN_POINT('',(-0.368299999999998,1.55810256396589,1.92563368309923));
#18832=CARTESIAN_POINT('',(-0.368299999999998,1.55810256396589,1.92563368309923));
#18833=CARTESIAN_POINT('',(0.368300000000003,1.5581025639659,1.92563368309923));
#18834=CARTESIAN_POINT('',(0.368300000000003,1.5581025639659,1.92563368309923));
#18835=CARTESIAN_POINT('',(0.368300000000003,1.5581025639659,1.92563368309923));
#18836=CARTESIAN_POINT('',(0.368300000000001,0.35391386683806,3.19405));
#18837=CARTESIAN_POINT('',(0.368300000000001,0.35391386683806,3.19405));
#18838=CARTESIAN_POINT('',(-0.368299999999999,0.35391386683806,3.19405));
#18839=CARTESIAN_POINT('',(0.368300000000001,0.35391386683806,3.19405));
#18840=CARTESIAN_POINT('',(-0.368299999999999,0.35391386683806,3.19405));
#18841=CARTESIAN_POINT('',(-0.368299999999998,0.30016940311812,3.49885));
#18842=CARTESIAN_POINT('',(0.368300000000001,0.30016940311812,3.49885));
#18843=CARTESIAN_POINT('',(0.368300000000001,0.30016940311812,3.49885));
#18844=CARTESIAN_POINT('',(0.368300000000001,0.35391386683806,3.19405));
#18845=CARTESIAN_POINT('',(0.368300000000001,0.30016940311812,3.49885));
#18846=CARTESIAN_POINT('',(-0.368299999999998,0.30016940311812,3.49885));
#18847=CARTESIAN_POINT('',(-0.368299999999998,0.,3.44592203544712));
#18848=CARTESIAN_POINT('',(0.368300000000001,0.,3.44592203544712));
#18849=CARTESIAN_POINT('',(0.368300000000001,0.,3.44592203544712));
#18850=CARTESIAN_POINT('',(0.368300000000001,0.30016940311812,3.49885));
#18851=CARTESIAN_POINT('',(0.368300000000001,0.0537444637199389,3.14112203544712));
#18852=CARTESIAN_POINT('',(-0.368299999999998,0.,3.44592203544712));
#18853=CARTESIAN_POINT('',(-0.368299999999999,0.0537444637199389,3.14112203544712));
#18854=CARTESIAN_POINT('',(0.368300000000001,0.0537444637199389,3.14112203544712));
#18855=CARTESIAN_POINT('',(0.368300000000001,0.0537444637199389,3.14112203544712));
#18856=CARTESIAN_POINT('',(0.368300000000001,0.,3.44592203544712));
#18857=CARTESIAN_POINT('',(0.368300000000001,0.545165867634239,3.22777288785484));
#18858=CARTESIAN_POINT('',(0.368300000000001,0.545165867634239,3.22777288785484));
#18859=CARTESIAN_POINT('',(0.368300000000001,0.232627039061427,2.83877051372016));
#18860=CARTESIAN_POINT('',(-0.368299999999999,0.545165867634239,3.22777288785485));
#18861=CARTESIAN_POINT('',(-0.368299999999998,0.232627039061427,2.83877051372016));
#18862=CARTESIAN_POINT('',(0.368300000000001,0.232627039061427,2.83877051372016));
#18863=CARTESIAN_POINT('',(0.368300000000001,1.18073444764854,2.07702611691495));
#18864=CARTESIAN_POINT('',(-0.368299999999998,0.232627039061427,2.83877051372016));
#18865=CARTESIAN_POINT('',(-0.368299999999998,1.18073444764854,2.07702611691495));
#18866=CARTESIAN_POINT('',(0.368300000000001,1.18073444764854,2.07702611691495));
#18867=CARTESIAN_POINT('',(0.368300000000001,1.18073444764854,2.07702611691495));
#18868=CARTESIAN_POINT('',(0.368300000000001,0.232627039061427,2.83877051372016));
#18869=CARTESIAN_POINT('',(0.368300000000003,1.05910019278106,1.92563368309923));
#18870=CARTESIAN_POINT('',(-0.368299999999998,1.05910019278106,1.92563368309923));
#18871=CARTESIAN_POINT('',(-0.368299999999998,1.2533025639659,1.92563368309923));
#18872=CARTESIAN_POINT('',(0.368300000000003,1.2533025639659,1.92563368309923));
#18873=CARTESIAN_POINT('',(0.368300000000003,1.2533025639659,1.92563368309923));
#18874=CARTESIAN_POINT('',(0.368300000000003,1.05910019278106,1.92563368309923));
#18875=CARTESIAN_POINT('',(0.368300000000001,1.2533025639659,1.7526));
#18876=CARTESIAN_POINT('',(-0.368299999999998,1.2533025639659,1.92563368309923));
#18877=CARTESIAN_POINT('',(0.368300000000003,1.2533025639659,1.92563368309923));
#18878=CARTESIAN_POINT('',(0.368300000000001,0.545165867634239,3.22777288785484));
#18879=CARTESIAN_POINT('',(0.368300000000001,0.423531612766764,3.07638045403913));
#18880=CARTESIAN_POINT('',(-0.368299999999998,0.423531612766764,3.07638045403913));
#18881=CARTESIAN_POINT('',(0.368300000000001,0.423531612766764,3.07638045403913));
#18882=CARTESIAN_POINT('',(-0.368299999999999,0.545165867634239,3.22777288785485));
#18883=CARTESIAN_POINT('',(0.368300000000001,0.545165867634239,3.22777288785484));
#18884=CARTESIAN_POINT('',(0.368300000000003,1.05910019278106,1.92563368309923));
#18885=CARTESIAN_POINT('',(0.368300000000003,1.05910019278106,1.92563368309923));
#18886=CARTESIAN_POINT('',(0.368300000000001,1.37163902135388,2.31463605723391));
#18887=CARTESIAN_POINT('',(0.368300000000001,1.37163902135388,2.31463605723391));
#18888=CARTESIAN_POINT('',(0.368300000000003,1.05910019278106,1.92563368309923));
#18889=CARTESIAN_POINT('',(-0.368299999999998,1.05910019278106,1.92563368309923));
#18890=CARTESIAN_POINT('',(-0.368299999999998,1.37163902135388,2.31463605723391));
#18891=CARTESIAN_POINT('',(0.368300000000001,1.37163902135388,2.31463605723391));
#18892=CARTESIAN_POINT('',(-0.368299999999998,1.05910019278106,1.92563368309923));
#18893=CARTESIAN_POINT('',(-0.368299999999998,1.37163902135388,2.31463605723391));
#18894=CARTESIAN_POINT('',(0.368300000000001,1.37163902135388,2.31463605723391));
#18895=CARTESIAN_POINT('',(2.6543,1.5581025639659,1.92563368309923));
#18896=CARTESIAN_POINT('',(1.9177,1.5581025639659,1.92563368309923));
#18897=CARTESIAN_POINT('',(1.9177,1.5581025639659,1.92563368309923));
#18898=CARTESIAN_POINT('',(2.6543,1.5581025639659,1.92563368309923));
#18899=CARTESIAN_POINT('',(2.6543,1.5581025639659,1.92563368309923));
#18900=CARTESIAN_POINT('',(2.6543,1.5581025639659,1.92563368309923));
#18901=CARTESIAN_POINT('',(2.6543,0.35391386683806,3.19405));
#18902=CARTESIAN_POINT('',(2.6543,0.35391386683806,3.19405));
#18903=CARTESIAN_POINT('',(1.9177,0.35391386683806,3.19405));
#18904=CARTESIAN_POINT('',(2.6543,0.35391386683806,3.19405));
#18905=CARTESIAN_POINT('',(1.9177,0.35391386683806,3.19405));
#18906=CARTESIAN_POINT('',(1.9177,0.30016940311812,3.49885));
#18907=CARTESIAN_POINT('',(2.6543,0.30016940311812,3.49885));
#18908=CARTESIAN_POINT('',(2.6543,0.30016940311812,3.49885));
#18909=CARTESIAN_POINT('',(2.6543,0.35391386683806,3.19405));
#18910=CARTESIAN_POINT('',(2.6543,0.30016940311812,3.49885));
#18911=CARTESIAN_POINT('',(1.9177,0.30016940311812,3.49885));
#18912=CARTESIAN_POINT('',(1.9177,4.33680868994202E-16,3.44592203544712));
#18913=CARTESIAN_POINT('',(2.6543,0.,3.44592203544712));
#18914=CARTESIAN_POINT('',(2.6543,0.,3.44592203544712));
#18915=CARTESIAN_POINT('',(2.6543,0.30016940311812,3.49885));
#18916=CARTESIAN_POINT('',(2.6543,0.0537444637199389,3.14112203544712));
#18917=CARTESIAN_POINT('',(1.9177,4.33680868994202E-16,3.44592203544712));
#18918=CARTESIAN_POINT('',(1.9177,0.0537444637199389,3.14112203544712));
#18919=CARTESIAN_POINT('',(2.6543,0.0537444637199389,3.14112203544712));
#18920=CARTESIAN_POINT('',(2.6543,0.0537444637199389,3.14112203544712));
#18921=CARTESIAN_POINT('',(2.6543,0.,3.44592203544712));
#18922=CARTESIAN_POINT('',(2.6543,0.545165867634239,3.22777288785484));
#18923=CARTESIAN_POINT('',(2.6543,0.545165867634239,3.22777288785484));
#18924=CARTESIAN_POINT('',(2.6543,0.232627039061427,2.83877051372016));
#18925=CARTESIAN_POINT('',(1.9177,0.54516586763424,3.22777288785484));
#18926=CARTESIAN_POINT('',(1.9177,0.232627039061427,2.83877051372016));
#18927=CARTESIAN_POINT('',(2.6543,0.232627039061427,2.83877051372016));
#18928=CARTESIAN_POINT('',(2.6543,1.18073444764854,2.07702611691494));
#18929=CARTESIAN_POINT('',(1.9177,0.232627039061427,2.83877051372016));
#18930=CARTESIAN_POINT('',(1.9177,1.18073444764854,2.07702611691494));
#18931=CARTESIAN_POINT('',(2.6543,1.18073444764854,2.07702611691494));
#18932=CARTESIAN_POINT('',(2.6543,1.18073444764854,2.07702611691494));
#18933=CARTESIAN_POINT('',(2.6543,0.232627039061427,2.83877051372016));
#18934=CARTESIAN_POINT('',(2.6543,1.05910019278106,1.92563368309923));
#18935=CARTESIAN_POINT('',(1.9177,1.05910019278106,1.92563368309923));
#18936=CARTESIAN_POINT('',(1.9177,1.2533025639659,1.92563368309923));
#18937=CARTESIAN_POINT('',(2.6543,1.2533025639659,1.92563368309923));
#18938=CARTESIAN_POINT('',(2.6543,1.2533025639659,1.92563368309923));
#18939=CARTESIAN_POINT('',(2.6543,1.05910019278106,1.92563368309923));
#18940=CARTESIAN_POINT('',(2.6543,1.2533025639659,1.7526));
#18941=CARTESIAN_POINT('',(1.9177,1.2533025639659,1.92563368309923));
#18942=CARTESIAN_POINT('',(2.6543,1.2533025639659,1.92563368309923));
#18943=CARTESIAN_POINT('',(2.6543,0.545165867634239,3.22777288785484));
#18944=CARTESIAN_POINT('',(2.6543,0.423531612766764,3.07638045403912));
#18945=CARTESIAN_POINT('',(1.9177,0.423531612766764,3.07638045403913));
#18946=CARTESIAN_POINT('',(2.6543,0.423531612766764,3.07638045403912));
#18947=CARTESIAN_POINT('',(1.9177,0.54516586763424,3.22777288785484));
#18948=CARTESIAN_POINT('',(2.6543,0.545165867634239,3.22777288785484));
#18949=CARTESIAN_POINT('',(2.6543,1.05910019278106,1.92563368309923));
#18950=CARTESIAN_POINT('',(2.6543,1.05910019278106,1.92563368309923));
#18951=CARTESIAN_POINT('',(2.6543,1.37163902135388,2.31463605723391));
#18952=CARTESIAN_POINT('',(2.6543,1.37163902135388,2.31463605723391));
#18953=CARTESIAN_POINT('',(2.6543,1.05910019278106,1.92563368309923));
#18954=CARTESIAN_POINT('',(1.9177,1.05910019278106,1.92563368309923));
#18955=CARTESIAN_POINT('',(1.9177,1.37163902135388,2.31463605723391));
#18956=CARTESIAN_POINT('',(2.6543,1.37163902135388,2.31463605723391));
#18957=CARTESIAN_POINT('',(1.9177,1.05910019278106,1.92563368309923));
#18958=CARTESIAN_POINT('',(1.9177,1.37163902135388,2.31463605723391));
#18959=CARTESIAN_POINT('',(2.6543,1.37163902135388,2.31463605723391));
#18960=CARTESIAN_POINT('',(-1.9177,1.5581025639659,1.92563368309923));
#18961=CARTESIAN_POINT('',(-2.6543,1.5581025639659,1.92563368309923));
#18962=CARTESIAN_POINT('',(-2.6543,1.5581025639659,1.92563368309923));
#18963=CARTESIAN_POINT('',(-1.9177,1.5581025639659,1.92563368309923));
#18964=CARTESIAN_POINT('',(-1.9177,1.5581025639659,1.92563368309923));
#18965=CARTESIAN_POINT('',(-1.9177,1.5581025639659,1.92563368309923));
#18966=CARTESIAN_POINT('',(-1.9177,0.35391386683806,3.19405));
#18967=CARTESIAN_POINT('',(-1.9177,0.35391386683806,3.19405));
#18968=CARTESIAN_POINT('',(-2.6543,0.35391386683806,3.19405));
#18969=CARTESIAN_POINT('',(-1.9177,0.35391386683806,3.19405));
#18970=CARTESIAN_POINT('',(-2.6543,0.35391386683806,3.19405));
#18971=CARTESIAN_POINT('',(-2.6543,0.30016940311812,3.49885));
#18972=CARTESIAN_POINT('',(-1.9177,0.30016940311812,3.49885));
#18973=CARTESIAN_POINT('',(-1.9177,0.30016940311812,3.49885));
#18974=CARTESIAN_POINT('',(-1.9177,0.35391386683806,3.19405));
#18975=CARTESIAN_POINT('',(-1.9177,0.30016940311812,3.49885));
#18976=CARTESIAN_POINT('',(-2.6543,0.30016940311812,3.49885));
#18977=CARTESIAN_POINT('',(-2.6543,0.,3.44592203544712));
#18978=CARTESIAN_POINT('',(-1.9177,0.,3.44592203544712));
#18979=CARTESIAN_POINT('',(-1.9177,0.,3.44592203544712));
#18980=CARTESIAN_POINT('',(-1.9177,0.30016940311812,3.49885));
#18981=CARTESIAN_POINT('',(-1.9177,0.0537444637199389,3.14112203544712));
#18982=CARTESIAN_POINT('',(-2.6543,0.,3.44592203544712));
#18983=CARTESIAN_POINT('',(-2.6543,0.0537444637199406,3.14112203544712));
#18984=CARTESIAN_POINT('',(-1.9177,0.0537444637199389,3.14112203544712));
#18985=CARTESIAN_POINT('',(-1.9177,0.0537444637199406,3.14112203544712));
#18986=CARTESIAN_POINT('',(-1.9177,0.,3.44592203544712));
#18987=CARTESIAN_POINT('',(-1.9177,0.545165867634239,3.22777288785484));
#18988=CARTESIAN_POINT('',(-1.9177,0.545165867634239,3.22777288785484));
#18989=CARTESIAN_POINT('',(-1.9177,0.232627039061427,2.83877051372016));
#18990=CARTESIAN_POINT('',(-2.6543,0.545165867634239,3.22777288785484));
#18991=CARTESIAN_POINT('',(-2.6543,0.232627039061427,2.83877051372016));
#18992=CARTESIAN_POINT('',(-1.9177,0.232627039061427,2.83877051372016));
#18993=CARTESIAN_POINT('',(-1.9177,1.18073444764854,2.07702611691495));
#18994=CARTESIAN_POINT('',(-2.6543,0.232627039061427,2.83877051372016));
#18995=CARTESIAN_POINT('',(-2.6543,1.18073444764854,2.07702611691495));
#18996=CARTESIAN_POINT('',(-1.9177,1.18073444764854,2.07702611691495));
#18997=CARTESIAN_POINT('',(-1.9177,1.18073444764854,2.07702611691495));
#18998=CARTESIAN_POINT('',(-1.9177,0.232627039061427,2.83877051372016));
#18999=CARTESIAN_POINT('',(-1.9177,1.05910019278106,1.92563368309923));
#19000=CARTESIAN_POINT('',(-2.6543,1.05910019278106,1.92563368309923));
#19001=CARTESIAN_POINT('',(-2.6543,1.2533025639659,1.92563368309923));
#19002=CARTESIAN_POINT('',(-1.9177,1.2533025639659,1.92563368309923));
#19003=CARTESIAN_POINT('',(-1.9177,1.2533025639659,1.92563368309923));
#19004=CARTESIAN_POINT('',(-1.9177,1.05910019278106,1.92563368309923));
#19005=CARTESIAN_POINT('',(-1.9177,1.2533025639659,1.7526));
#19006=CARTESIAN_POINT('',(-2.6543,1.2533025639659,1.92563368309923));
#19007=CARTESIAN_POINT('',(-1.9177,1.2533025639659,1.92563368309923));
#19008=CARTESIAN_POINT('',(-1.9177,0.545165867634239,3.22777288785484));
#19009=CARTESIAN_POINT('',(-1.9177,0.423531612766764,3.07638045403912));
#19010=CARTESIAN_POINT('',(-2.6543,0.423531612766764,3.07638045403912));
#19011=CARTESIAN_POINT('',(-1.9177,0.423531612766764,3.07638045403912));
#19012=CARTESIAN_POINT('',(-2.6543,0.545165867634239,3.22777288785484));
#19013=CARTESIAN_POINT('',(-1.9177,0.545165867634239,3.22777288785484));
#19014=CARTESIAN_POINT('',(-1.9177,1.05910019278106,1.92563368309923));
#19015=CARTESIAN_POINT('',(-1.9177,1.05910019278106,1.92563368309923));
#19016=CARTESIAN_POINT('',(-1.9177,1.37163902135388,2.31463605723391));
#19017=CARTESIAN_POINT('',(-1.9177,1.37163902135388,2.31463605723391));
#19018=CARTESIAN_POINT('',(-1.9177,1.05910019278106,1.92563368309923));
#19019=CARTESIAN_POINT('',(-2.6543,1.05910019278106,1.92563368309923));
#19020=CARTESIAN_POINT('',(-2.6543,1.37163902135388,2.31463605723391));
#19021=CARTESIAN_POINT('',(-1.9177,1.37163902135388,2.31463605723391));
#19022=CARTESIAN_POINT('',(-2.6543,1.05910019278106,1.92563368309923));
#19023=CARTESIAN_POINT('',(-2.6543,1.37163902135388,2.31463605723391));
#19024=CARTESIAN_POINT('',(-1.9177,1.37163902135388,2.31463605723391));
#19025=CARTESIAN_POINT('',(1.524,1.18073444764854,-2.07702611691494));
#19026=CARTESIAN_POINT('',(1.524,1.18073444764854,-2.07702611691494));
#19027=CARTESIAN_POINT('',(-1.524,1.18073444764854,-2.07702611691494));
#19028=CARTESIAN_POINT('',(1.524,1.18073444764854,-2.07702611691494));
#19029=CARTESIAN_POINT('',(-1.524,1.18073444764854,-2.07702611691494));
#19030=CARTESIAN_POINT('',(-1.524,0.232627039061426,-2.83877051372016));
#19031=CARTESIAN_POINT('',(1.524,0.232627039061426,-2.83877051372016));
#19032=CARTESIAN_POINT('',(1.524,0.232627039061426,-2.83877051372016));
#19033=CARTESIAN_POINT('',(1.524,1.18073444764854,-2.07702611691494));
#19034=CARTESIAN_POINT('',(1.524,1.05910019278106,-1.92563368309923));
#19035=CARTESIAN_POINT('',(1.524,1.2533025639659,-1.92563368309923));
#19036=CARTESIAN_POINT('',(-1.524,1.2533025639659,-1.92563368309923));
#19037=CARTESIAN_POINT('',(1.524,1.2533025639659,-1.92563368309923));
#19038=CARTESIAN_POINT('',(-1.524,1.05910019278106,-1.92563368309923));
#19039=CARTESIAN_POINT('',(1.524,1.05910019278106,-1.92563368309923));
#19040=CARTESIAN_POINT('',(1.524,0.54516586763424,-3.22777288785485));
#19041=CARTESIAN_POINT('',(1.524,0.54516586763424,-3.22777288785485));
#19042=CARTESIAN_POINT('',(1.524,0.0537444637199397,-3.14112203544712));
#19043=CARTESIAN_POINT('',(-1.524,0.545165867634238,-3.22777288785484));
#19044=CARTESIAN_POINT('',(-1.524,0.053744463719938,-3.14112203544712));
#19045=CARTESIAN_POINT('',(1.524,0.0537444637199397,-3.14112203544712));
#19046=CARTESIAN_POINT('',(1.524,1.2533025639659,-1.7526));
#19047=CARTESIAN_POINT('',(-1.524,1.2533025639659,-1.7526));
#19048=CARTESIAN_POINT('',(1.524,1.2533025639659,-1.7526));
#19049=CARTESIAN_POINT('',(1.524,0.0537444637199397,-3.14112203544712));
#19050=CARTESIAN_POINT('',(-1.524,0.053744463719938,-3.14112203544712));
#19051=CARTESIAN_POINT('',(-1.524,-1.30104260698261E-15,-3.44592203544712));
#19052=CARTESIAN_POINT('',(1.524,-8.67361737988404E-16,-3.44592203544712));
#19053=CARTESIAN_POINT('',(1.524,-8.67361737988404E-16,-3.44592203544712));
#19054=CARTESIAN_POINT('',(1.524,0.0537444637199397,-3.14112203544712));
#19055=CARTESIAN_POINT('',(1.524,-8.67361737988404E-16,-3.44592203544712));
#19056=CARTESIAN_POINT('',(-1.524,-1.30104260698261E-15,-3.44592203544712));
#19057=CARTESIAN_POINT('',(-1.524,0.30016940311812,-3.49885));
#19058=CARTESIAN_POINT('',(1.524,0.300169403118121,-3.49885));
#19059=CARTESIAN_POINT('',(1.524,0.300169403118121,-3.49885));
#19060=CARTESIAN_POINT('',(1.524,-8.67361737988404E-16,-3.44592203544712));
#19061=CARTESIAN_POINT('',(1.524,1.5581025639659,-1.92563368309923));
#19062=CARTESIAN_POINT('',(1.524,1.5581025639659,-1.92563368309923));
#19063=CARTESIAN_POINT('',(1.524,1.5581025639659,-1.92563368309923));
#19064=CARTESIAN_POINT('',(-1.524,1.5581025639659,-1.92563368309923));
#19065=CARTESIAN_POINT('',(-1.524,1.5581025639659,-1.92563368309923));
#19066=CARTESIAN_POINT('',(1.524,1.5581025639659,-1.92563368309923));
#19067=CARTESIAN_POINT('',(1.524,0.300169403118121,-3.49885));
#19068=CARTESIAN_POINT('',(-1.524,0.30016940311812,-3.49885));
#19069=CARTESIAN_POINT('',(-1.524,0.35391386683806,-3.19405));
#19070=CARTESIAN_POINT('',(1.524,0.353913866838061,-3.19405));
#19071=CARTESIAN_POINT('',(1.524,0.353913866838061,-3.19405));
#19072=CARTESIAN_POINT('',(1.524,0.300169403118121,-3.49885));
#19073=CARTESIAN_POINT('',(1.524,1.05910019278106,-1.92563368309923));
#19074=CARTESIAN_POINT('',(1.524,1.05910019278106,-1.92563368309923));
#19075=CARTESIAN_POINT('',(1.524,1.37163902135388,-2.31463605723391));
#19076=CARTESIAN_POINT('',(1.524,1.37163902135388,-2.31463605723391));
#19077=CARTESIAN_POINT('',(-1.524,1.37163902135388,-2.31463605723391));
#19078=CARTESIAN_POINT('',(-1.524,1.05910019278106,-1.92563368309923));
#19079=CARTESIAN_POINT('',(1.524,1.05910019278106,-1.92563368309923));
#19080=CARTESIAN_POINT('',(1.524,0.423531612766765,-3.07638045403913));
#19081=CARTESIAN_POINT('',(1.524,0.423531612766765,-3.07638045403913));
#19082=CARTESIAN_POINT('',(1.524,0.54516586763424,-3.22777288785485));
#19083=CARTESIAN_POINT('',(1.524,0.54516586763424,-3.22777288785485));
#19084=CARTESIAN_POINT('',(-1.524,0.545165867634238,-3.22777288785484));
#19085=CARTESIAN_POINT('',(-1.524,0.423531612766763,-3.07638045403912));
#19086=CARTESIAN_POINT('',(1.524,0.423531612766765,-3.07638045403913));
#19087=CARTESIAN_POINT('',(-1.524,1.05910019278106,-1.92563368309923));
#19088=CARTESIAN_POINT('',(-1.524,0.423531612766763,-3.07638045403912));
#19089=CARTESIAN_POINT('',(1.524,0.423531612766765,-3.07638045403913));
#19090=CARTESIAN_POINT('',(-1.88646132717801,0.000700000000001047,1.5418));
#19091=MECHANICAL_DESIGN_GEOMETRIC_PRESENTATION_REPRESENTATION('',(#8296,
#8297,#8298,#8299,#8300,#8301,#8302,#8303,#8304,#8305,#8306,#8307,#8308,
#8309,#8310,#8311,#8312,#8313,#8314,#8315,#8316,#8317,#8318,#8319,#8320,
#8321,#8322,#8323,#8324,#8325,#8326,#8327,#8328,#8329,#8330,#8331,#8332,
#8333,#8334,#8335,#8336,#8337,#8338,#8339,#8340,#8341,#8342,#8343,#8344,
#8345,#8346,#8347,#8348,#8349,#8350,#8351,#8352,#8353,#8354,#8355,#8356,
#8357,#8358,#8359,#8360,#8361,#8362,#8363,#8364,#8365,#8366,#8367,#8368,
#8369,#8370,#8371,#8372,#8373,#8374,#8375,#8376,#8377,#8378,#8379,#8380,
#8381,#8382,#8383,#8384,#8385,#8386,#8387,#8388,#8389,#8390,#8391,#8392,
#8393,#8394,#8395,#8396,#8397,#8398,#8399,#8400,#8401,#8402,#8403,#8404,
#8405,#8406,#8407,#8408,#8409,#8410,#8411,#8412,#8413,#8414,#8415,#8416,
#8417,#8418,#8419,#8420,#8421,#8422,#8423,#8424,#8425,#8426,#8427,#8428,
#8429,#8430,#8431,#8432,#8433,#8434,#8435,#8436,#8437,#8438,#8439,#8440,
#8441,#8442,#8443,#8444,#8445,#8446,#8447,#8448,#8449,#8450,#8451,#8452,
#8453,#8454,#8455,#8456,#8457,#8458,#8459,#8460,#8461,#8462,#8463,#8464,
#8465,#8466,#8467,#8468,#8469,#8470,#8471,#8472,#8473,#8474,#8475,#8476,
#8477,#8478,#8479,#8480,#8481,#8482,#8483,#8484,#8485,#8486,#8487,#8488,
#8489,#8490,#8491,#8492,#8493,#8494,#8495,#8496,#8497,#8498,#8499,#8500,
#8501,#8502,#8503,#8504,#8505,#8506,#8507,#8508,#8509,#8510,#8511,#8512,
#8513,#8514,#8515,#8516,#8517,#8518,#8519,#8520,#8521,#8522,#8523,#8524,
#8525,#8526,#8527,#8528,#8529,#8530,#8531,#8532,#8533,#8534,#8535,#8536,
#8537,#8538,#8539,#8540,#8541,#8542,#8543,#8544,#8545,#8546,#8547,#8548,
#8549,#8550,#8551,#8552,#8553,#8554,#8555,#8556,#8557,#8558,#8559,#8560,
#8561,#8562,#8563,#8564,#8565,#8566,#8567,#8568,#8569,#8570,#8571,#8572,
#8573,#8574,#8575,#8576,#8577,#8578,#8579,#8580,#8581,#8582,#8583,#8584,
#8585,#8586,#8587,#8588,#8589,#8590,#8591,#8592,#8593,#8594,#8595,#8596,
#8597,#8598,#8599,#8600,#8601,#8602,#8603,#8604,#8605,#8606,#8607,#8608,
#8609,#8610,#8611,#8612,#8613,#8614,#8615,#8616,#8617,#8618,#8619,#8620,
#8621,#8622,#8623,#8624,#8625,#8626,#8627,#8628,#8629,#8630,#8631,#8632,
#8633,#8634,#8635,#8636,#8637,#8638,#8639,#8640,#8641,#8642,#8643,#8644,
#8645,#8646,#8647,#8648,#8649,#8650,#8651,#8652,#8653,#8654,#8655,#8656,
#8657,#8658,#8659,#8660,#8661,#8662,#8663,#8664,#8665,#8666,#8667,#8668,
#8669,#8670,#8671,#8672,#8673,#8674,#8675,#8676,#8677,#8678,#8679,#8680,
#8681,#8682,#8683,#8684,#8685,#8686,#8687,#8688,#8689,#8690,#8691,#8692,
#8693,#8694,#8695,#8696,#8697,#8698,#8699,#8700,#8701,#8702,#8703,#8704,
#8705,#8706,#8707,#8708,#8709,#8710,#8711,#8712,#8713,#8714,#8715,#8716,
#8717,#8718,#8719,#8720,#8721,#8722,#8723,#8724,#8725,#8726,#8727,#8728,
#8729,#8730,#8731,#8732,#8733,#8734,#8735,#8736,#8737,#8738,#8739,#8740,
#8741,#8742,#8743,#8744,#8745,#8746,#8747,#8748,#8749,#8750,#8751,#8752,
#8753,#8754,#8755,#8756,#8757,#8758,#8759,#8760,#8761,#8762,#8763),#19092);
#19092=(
GEOMETRIC_REPRESENTATION_CONTEXT(3)
GLOBAL_UNCERTAINTY_ASSIGNED_CONTEXT((#19104))
GLOBAL_UNIT_ASSIGNED_CONTEXT((#19118,#19117,#19116))
REPRESENTATION_CONTEXT('YP-8_L9110S_Module','TOP_LEVEL_ASSEMBLY_PART')
);
#19093=(
GEOMETRIC_REPRESENTATION_CONTEXT(3)
GLOBAL_UNCERTAINTY_ASSIGNED_CONTEXT((#19105))
GLOBAL_UNIT_ASSIGNED_CONTEXT((#19118,#19117,#19116))
REPRESENTATION_CONTEXT('YP-8_PCB','COMPONENT_PART')
);
#19094=(
GEOMETRIC_REPRESENTATION_CONTEXT(3)
GLOBAL_UNCERTAINTY_ASSIGNED_CONTEXT((#19106))
GLOBAL_UNIT_ASSIGNED_CONTEXT((#19118,#19117,#19116))
REPRESENTATION_CONTEXT('1X2_DuPont_Male_S','COMPONENT_PART')
);
#19095=(
GEOMETRIC_REPRESENTATION_CONTEXT(3)
GLOBAL_UNCERTAINTY_ASSIGNED_CONTEXT((#19107))
GLOBAL_UNIT_ASSIGNED_CONTEXT((#19118,#19117,#19116))
REPRESENTATION_CONTEXT('1X2_Pin_Holder','COMPONENT_PART')
);
#19096=(
GEOMETRIC_REPRESENTATION_CONTEXT(3)
GLOBAL_UNCERTAINTY_ASSIGNED_CONTEXT((#19108))
GLOBAL_UNIT_ASSIGNED_CONTEXT((#19118,#19117,#19116))
REPRESENTATION_CONTEXT('Straight_Pin_M','COMPONENT_PART')
);
#19097=(
GEOMETRIC_REPRESENTATION_CONTEXT(3)
GLOBAL_UNCERTAINTY_ASSIGNED_CONTEXT((#19109))
GLOBAL_UNIT_ASSIGNED_CONTEXT((#19118,#19117,#19116))
REPRESENTATION_CONTEXT('LED_Package_3216','COMPONENT_PART')
);
#19098=(
GEOMETRIC_REPRESENTATION_CONTEXT(3)
GLOBAL_UNCERTAINTY_ASSIGNED_CONTEXT((#19110))
GLOBAL_UNIT_ASSIGNED_CONTEXT((#19118,#19117,#19116))
REPRESENTATION_CONTEXT('Resistor_Package_3216','COMPONENT_PART')
);
#19099=(
GEOMETRIC_REPRESENTATION_CONTEXT(3)
GLOBAL_UNCERTAINTY_ASSIGNED_CONTEXT((#19111))
GLOBAL_UNIT_ASSIGNED_CONTEXT((#19118,#19117,#19116))
REPRESENTATION_CONTEXT('Package_1005_Capacitor','COMPONENT_PART')
);
#19100=(
GEOMETRIC_REPRESENTATION_CONTEXT(3)
GLOBAL_UNCERTAINTY_ASSIGNED_CONTEXT((#19112))
GLOBAL_UNIT_ASSIGNED_CONTEXT((#19118,#19117,#19116))
REPRESENTATION_CONTEXT('Package_1005_Resistor','COMPONENT_PART')
);
#19101=(
GEOMETRIC_REPRESENTATION_CONTEXT(3)
GLOBAL_UNCERTAINTY_ASSIGNED_CONTEXT((#19113))
GLOBAL_UNIT_ASSIGNED_CONTEXT((#19118,#19117,#19116))
REPRESENTATION_CONTEXT('Package_1005_Resistor_mir','COMPONENT_PART')
);
#19102=(
GEOMETRIC_REPRESENTATION_CONTEXT(3)
GLOBAL_UNCERTAINTY_ASSIGNED_CONTEXT((#19114))
GLOBAL_UNIT_ASSIGNED_CONTEXT((#19118,#19117,#19116))
REPRESENTATION_CONTEXT('Package_1005_Capacitor_mir','COMPONENT_PART')
);
#19103=(
GEOMETRIC_REPRESENTATION_CONTEXT(3)
GLOBAL_UNCERTAINTY_ASSIGNED_CONTEXT((#19115))
GLOBAL_UNIT_ASSIGNED_CONTEXT((#19118,#19117,#19116))
REPRESENTATION_CONTEXT('SOT-223 CAD','COMPONENT_PART')
);
#19104=UNCERTAINTY_MEASURE_WITH_UNIT(LENGTH_MEASURE(0.005),#19118,
'DISTANCE_ACCURACY_VALUE','Maximum Tolerance applied to model');
#19105=UNCERTAINTY_MEASURE_WITH_UNIT(LENGTH_MEASURE(0.005),#19118,
'DISTANCE_ACCURACY_VALUE','Maximum Tolerance applied to model');
#19106=UNCERTAINTY_MEASURE_WITH_UNIT(LENGTH_MEASURE(0.005),#19118,
'DISTANCE_ACCURACY_VALUE','Maximum Tolerance applied to model');
#19107=UNCERTAINTY_MEASURE_WITH_UNIT(LENGTH_MEASURE(0.005),#19118,
'DISTANCE_ACCURACY_VALUE','Maximum Tolerance applied to model');
#19108=UNCERTAINTY_MEASURE_WITH_UNIT(LENGTH_MEASURE(0.005),#19118,
'DISTANCE_ACCURACY_VALUE','Maximum Tolerance applied to model');
#19109=UNCERTAINTY_MEASURE_WITH_UNIT(LENGTH_MEASURE(0.005),#19118,
'DISTANCE_ACCURACY_VALUE','Maximum Tolerance applied to model');
#19110=UNCERTAINTY_MEASURE_WITH_UNIT(LENGTH_MEASURE(0.005),#19118,
'DISTANCE_ACCURACY_VALUE','Maximum Tolerance applied to model');
#19111=UNCERTAINTY_MEASURE_WITH_UNIT(LENGTH_MEASURE(0.005),#19118,
'DISTANCE_ACCURACY_VALUE','Maximum Tolerance applied to model');
#19112=UNCERTAINTY_MEASURE_WITH_UNIT(LENGTH_MEASURE(0.005),#19118,
'DISTANCE_ACCURACY_VALUE','Maximum Tolerance applied to model');
#19113=UNCERTAINTY_MEASURE_WITH_UNIT(LENGTH_MEASURE(0.005),#19118,
'DISTANCE_ACCURACY_VALUE','Maximum Tolerance applied to model');
#19114=UNCERTAINTY_MEASURE_WITH_UNIT(LENGTH_MEASURE(0.005),#19118,
'DISTANCE_ACCURACY_VALUE','Maximum Tolerance applied to model');
#19115=UNCERTAINTY_MEASURE_WITH_UNIT(LENGTH_MEASURE(0.005),#19118,
'DISTANCE_ACCURACY_VALUE','Maximum Tolerance applied to model');
#19116=(
NAMED_UNIT(*)
SI_UNIT($,.STERADIAN.)
SOLID_ANGLE_UNIT()
);
#19117=(
NAMED_UNIT(*)
PLANE_ANGLE_UNIT()
SI_UNIT($,.RADIAN.)
);
#19118=(
LENGTH_UNIT()
NAMED_UNIT(*)
SI_UNIT(.MILLI.,.METRE.)
);
#19119=PRODUCT_DEFINITION_SHAPE('','',#19144);
#19120=PRODUCT_DEFINITION_SHAPE('','',#19145);
#19121=PRODUCT_DEFINITION_SHAPE(' ','NAUO PRDDFN',#63);
#19122=PRODUCT_DEFINITION_SHAPE('','',#19146);
#19123=PRODUCT_DEFINITION_SHAPE('','',#19147);
#19124=PRODUCT_DEFINITION_SHAPE(' ','NAUO PRDDFN',#64);
#19125=PRODUCT_DEFINITION_SHAPE('','',#19148);
#19126=PRODUCT_DEFINITION_SHAPE(' ','NAUO PRDDFN',#65);
#19127=PRODUCT_DEFINITION_SHAPE(' ','NAUO PRDDFN',#66);
#19128=PRODUCT_DEFINITION_SHAPE(' ','NAUO PRDDFN',#67);
#19129=PRODUCT_DEFINITION_SHAPE(' ','NAUO PRDDFN',#68);
#19130=PRODUCT_DEFINITION_SHAPE('','',#19149);
#19131=PRODUCT_DEFINITION_SHAPE(' ','NAUO PRDDFN',#69);
#19132=PRODUCT_DEFINITION_SHAPE('','',#19150);
#19133=PRODUCT_DEFINITION_SHAPE(' ','NAUO PRDDFN',#70);
#19134=PRODUCT_DEFINITION_SHAPE('','',#19151);
#19135=PRODUCT_DEFINITION_SHAPE(' ','NAUO PRDDFN',#71);
#19136=PRODUCT_DEFINITION_SHAPE('','',#19152);
#19137=PRODUCT_DEFINITION_SHAPE(' ','NAUO PRDDFN',#72);
#19138=PRODUCT_DEFINITION_SHAPE('','',#19153);
#19139=PRODUCT_DEFINITION_SHAPE(' ','NAUO PRDDFN',#73);
#19140=PRODUCT_DEFINITION_SHAPE('','',#19154);
#19141=PRODUCT_DEFINITION_SHAPE(' ','NAUO PRDDFN',#74);
#19142=PRODUCT_DEFINITION_SHAPE('','',#19155);
#19143=PRODUCT_DEFINITION_SHAPE(' ','NAUO PRDDFN',#75);
#19144=PRODUCT_DEFINITION('','',#19168,#19156);
#19145=PRODUCT_DEFINITION('','',#19169,#19157);
#19146=PRODUCT_DEFINITION('','',#19170,#19158);
#19147=PRODUCT_DEFINITION('','',#19171,#19159);
#19148=PRODUCT_DEFINITION('','',#19172,#19160);
#19149=PRODUCT_DEFINITION('','',#19173,#19161);
#19150=PRODUCT_DEFINITION('','',#19174,#19162);
#19151=PRODUCT_DEFINITION('','',#19175,#19163);
#19152=PRODUCT_DEFINITION('','',#19176,#19164);
#19153=PRODUCT_DEFINITION('','',#19177,#19165);
#19154=PRODUCT_DEFINITION('','',#19178,#19166);
#19155=PRODUCT_DEFINITION('','',#19179,#19167);
#19156=PRODUCT_DEFINITION_CONTEXT('',#19229,'design');
#19157=PRODUCT_DEFINITION_CONTEXT('',#19229,'design');
#19158=PRODUCT_DEFINITION_CONTEXT('',#19229,'design');
#19159=PRODUCT_DEFINITION_CONTEXT('',#19229,'design');
#19160=PRODUCT_DEFINITION_CONTEXT('',#19229,'design');
#19161=PRODUCT_DEFINITION_CONTEXT('',#19229,'design');
#19162=PRODUCT_DEFINITION_CONTEXT('',#19229,'design');
#19163=PRODUCT_DEFINITION_CONTEXT('',#19229,'design');
#19164=PRODUCT_DEFINITION_CONTEXT('',#19229,'design');
#19165=PRODUCT_DEFINITION_CONTEXT('',#19229,'design');
#19166=PRODUCT_DEFINITION_CONTEXT('',#19229,'design');
#19167=PRODUCT_DEFINITION_CONTEXT('',#19229,'design');
#19168=PRODUCT_DEFINITION_FORMATION_WITH_SPECIFIED_SOURCE('','',#19192,
 .NOT_KNOWN.);
#19169=PRODUCT_DEFINITION_FORMATION_WITH_SPECIFIED_SOURCE('','',#19193,
 .NOT_KNOWN.);
#19170=PRODUCT_DEFINITION_FORMATION_WITH_SPECIFIED_SOURCE('','',#19194,
 .NOT_KNOWN.);
#19171=PRODUCT_DEFINITION_FORMATION_WITH_SPECIFIED_SOURCE('','',#19195,
 .NOT_KNOWN.);
#19172=PRODUCT_DEFINITION_FORMATION_WITH_SPECIFIED_SOURCE('','',#19196,
 .NOT_KNOWN.);
#19173=PRODUCT_DEFINITION_FORMATION_WITH_SPECIFIED_SOURCE('','',#19197,
 .NOT_KNOWN.);
#19174=PRODUCT_DEFINITION_FORMATION_WITH_SPECIFIED_SOURCE('','',#19198,
 .NOT_KNOWN.);
#19175=PRODUCT_DEFINITION_FORMATION_WITH_SPECIFIED_SOURCE('','',#19199,
 .NOT_KNOWN.);
#19176=PRODUCT_DEFINITION_FORMATION_WITH_SPECIFIED_SOURCE('','',#19200,
 .NOT_KNOWN.);
#19177=PRODUCT_DEFINITION_FORMATION_WITH_SPECIFIED_SOURCE('','',#19201,
 .NOT_KNOWN.);
#19178=PRODUCT_DEFINITION_FORMATION_WITH_SPECIFIED_SOURCE('','',#19202,
 .NOT_KNOWN.);
#19179=PRODUCT_DEFINITION_FORMATION_WITH_SPECIFIED_SOURCE('','',#19203,
 .NOT_KNOWN.);
#19180=PRODUCT_RELATED_PRODUCT_CATEGORY('','',(#19192));
#19181=PRODUCT_RELATED_PRODUCT_CATEGORY('','',(#19193));
#19182=PRODUCT_RELATED_PRODUCT_CATEGORY('','',(#19194));
#19183=PRODUCT_RELATED_PRODUCT_CATEGORY('','',(#19195));
#19184=PRODUCT_RELATED_PRODUCT_CATEGORY('','',(#19196));
#19185=PRODUCT_RELATED_PRODUCT_CATEGORY('','',(#19197));
#19186=PRODUCT_RELATED_PRODUCT_CATEGORY('','',(#19198));
#19187=PRODUCT_RELATED_PRODUCT_CATEGORY('','',(#19199));
#19188=PRODUCT_RELATED_PRODUCT_CATEGORY('','',(#19200));
#19189=PRODUCT_RELATED_PRODUCT_CATEGORY('','',(#19201));
#19190=PRODUCT_RELATED_PRODUCT_CATEGORY('','',(#19202));
#19191=PRODUCT_RELATED_PRODUCT_CATEGORY('','',(#19203));
#19192=PRODUCT('YP-8_L9110S_Module','YP-8_L9110S_Module',
'YP-8_L9110S_Module',(#19216));
#19193=PRODUCT('YP-8_PCB','YP-8_PCB','YP-8_PCB',(#19217));
#19194=PRODUCT('1X2_DuPont_Male_S','1X2_DuPont_Male_S',
'1X2_DuPont_Male_S',(#19218));
#19195=PRODUCT('1X2_Pin_Holder','1X2_Pin_Holder','1X2_Pin_Holder',(#19219));
#19196=PRODUCT('Straight_Pin_M','Straight_Pin_M','Straight_Pin_M',(#19220));
#19197=PRODUCT('LED_Package_3216','LED_Package_3216','LED_Package_3216',
(#19221));
#19198=PRODUCT('Resistor_Package_3216','Resistor_Package_3216',
'Resistor_Package_3216',(#19222));
#19199=PRODUCT('Package_1005_Capacitor','Package_1005_Capacitor',
'Package_1005_Capacitor',(#19223));
#19200=PRODUCT('Package_1005_Resistor','Package_1005_Resistor',
'Package_1005_Resistor',(#19224));
#19201=PRODUCT('Package_1005_Resistor_mir','Package_1005_Resistor_mir',
'Package_1005_Resistor_mir',(#19225));
#19202=PRODUCT('Package_1005_Capacitor_mir',
'Package_1005_Capacitor_mir','Package_1005_Capacitor_mir',(#19226));
#19203=PRODUCT('SOT-223 CAD','SOT-223 CAD','SOT-223 CAD',(#19227));
#19204=PRODUCT_CATEGORY('','');
#19205=PRODUCT_CATEGORY('','');
#19206=PRODUCT_CATEGORY('','');
#19207=PRODUCT_CATEGORY('','');
#19208=PRODUCT_CATEGORY('','');
#19209=PRODUCT_CATEGORY('','');
#19210=PRODUCT_CATEGORY('','');
#19211=PRODUCT_CATEGORY('','');
#19212=PRODUCT_CATEGORY('','');
#19213=PRODUCT_CATEGORY('','');
#19214=PRODUCT_CATEGORY('','');
#19215=PRODUCT_CATEGORY('','');
#19216=PRODUCT_CONTEXT('',#19229,'mechanical');
#19217=PRODUCT_CONTEXT('',#19229,'mechanical');
#19218=PRODUCT_CONTEXT('',#19229,'mechanical');
#19219=PRODUCT_CONTEXT('',#19229,'mechanical');
#19220=PRODUCT_CONTEXT('',#19229,'mechanical');
#19221=PRODUCT_CONTEXT('',#19229,'mechanical');
#19222=PRODUCT_CONTEXT('',#19229,'mechanical');
#19223=PRODUCT_CONTEXT('',#19229,'mechanical');
#19224=PRODUCT_CONTEXT('',#19229,'mechanical');
#19225=PRODUCT_CONTEXT('',#19229,'mechanical');
#19226=PRODUCT_CONTEXT('',#19229,'mechanical');
#19227=PRODUCT_CONTEXT('',#19229,'mechanical');
#19228=APPLICATION_PROTOCOL_DEFINITION('international standard',
'automotive_design',2010,#19229);
#19229=APPLICATION_CONTEXT(
'core data for automotive mechanical design processes');
ENDSEC;
END-ISO-10303-21;
